Unnamed: 0,collectionsURL,unitCode,EDANurl,title,creditLine,date,identifier,name,notes,objectType,physicalDescription,place,publisher,topic,indexed_dates,indexed_names,indexed_object_types,indexed_places,indexed_topics,mediaCount,mediaURLs,thumbnail,Sitter,Artist,Clean_Date,Gender,Occupation
0,https://collections.si.edu/search/detail/edanmdm:saam_XX108A,SAAM,edanmdm:saam_XX108A,George Washington,"{""Credit Line"": ""Smithsonian American Art Museum, Transfer from the U.S. Department of the Interior through the General Services Administration""}","{""Date"": ""1803?""}","{""Object number"": ""XX108A""}","{""Attributed to"": ""William Winstanley, born England, active 1775-1806"", ""Sitter"": ""George Washington""}",,"{""Type"": ""Painting""}","{""Medium"": ""oil on canvas"", ""Dimensions"": ""30 1/2 x 25 1/4 in. (77.4 x 64.2 cm.)""}",,,"{""Topic"": ""Occupation\\political\\president\nPortrait male""}","[""1800s""]","[""Washington, George"", ""Winstanley, William""]","[""Paintings""]",,"[""Occupations"", ""Men"", ""Portraits"", ""Political"", ""Presidents""]",1,"[""https://ids.si.edu/ids/deliveryService?id=SAAM-XX108A_1""]","https://ids.si.edu/ids/iiif/SAAM-XX108A_1/full/250,/0/default.jpg",George Washington,William Winstanley,1803,Men,
3,https://collections.si.edu/search/detail/edanmdm:saam_2014.29.1,SAAM,edanmdm:saam_2014.29.1,Thomas Jefferson Presidential Inaugural Medal,"{""Credit Line"": ""Smithsonian American Art Museum, Gift of the James F. Dicke Family""}","{""Date"": ""1801""}","{""Object number"": ""2014.29.1""}","{""Engraver"": ""John Reich, born Furth, Germany 1768-died Albany, NY 1833"", ""Sitter"": ""Thomas Jefferson""}",,"{""Type"": ""Sculpture-Medal""}","{""Medium"": ""silver"", ""Dimensions"": ""1 3/4 in. (4.6 cm) diam.""}",,,"{""Topic"": ""Portrait male\\bust\nOccupation\\political\\president""}","[""1800s""]","[""Jefferson, Thomas"", ""Reich, John""]","[""Sculpture""]",,"[""Occupations"", ""Men"", ""Portraits"", ""Political"", ""Presidents""]",1,"[""https://ids.si.edu/ids/deliveryService?id=SAAM-2014.29.1_1""]","https://ids.si.edu/ids/iiif/SAAM-2014.29.1_1/full/250,/0/default.jpg",Thomas Jefferson,John Reich,1801,Men,
23,https://collections.si.edu/search/detail/edanmdm:saam_1999.27.58,SAAM,edanmdm:saam_1999.27.58,John Quincy Adams,"{""Credit Line"": ""Smithsonian American Art Museum, Bequest of Mary Elizabeth Spencer""}","{""Date"": ""early 19th century""}","{""Object number"": ""1999.27.58""}","{""Artist"": ""Unidentified"", ""Sitter"": ""John Quincy Adams""}","{""Luce Center Label"": ""Son of John and Abigail Adams, John Quincy Adams grew up ambitious and educated. At ten he accompanied his father to Europe on a diplomatic mission. He practiced law in Boston, and in 1825 became the sixth president of the United States. In 1830 he was elected to the House of Representatives and earned the nickname \u201cOld Man Eloquent\u201d for his support of the arts and sciences. He was also known for his opposition to slavery, and fought for several years to repeal the \u201cgag rule\u201d that prevented Congress from accepting antislavery petitions. His political career came to an end in 1848 when he collapsed on the floor of the House from a stroke. He died two days later and was buried at First Parish Church in Quincy, Massachusetts. This early-nineteenth-century miniature depicts Adams many years before his death. His arched brow and intense gaze reflect the intelligence and motivation that shaped a successful political career.""}","{""Type"": ""Painting-Miniature""}","{""Medium"": ""enamel on porcelain"", ""Dimensions"": ""image: 7/8 x 3/4 in. (2.2 x 1.9 cm)""}",,,"{""Topic"": ""Portrait male\\bust""}","[""1800s"", ""1850s""]","[""Adams, John Quincy""]","[""Paintings""]",,"[""Men"", ""Portraits""]",1,"[""https://ids.si.edu/ids/deliveryService?id=SAAM-1999.27.58_1""]","https://ids.si.edu/ids/iiif/SAAM-1999.27.58_1/full/250,/0/default.jpg",John Quincy Adams,Unidentified,19,Men,
29,https://collections.si.edu/search/detail/edanmdm:saam_1999.27.41,SAAM,edanmdm:saam_1999.27.41,Major-General Anthony Wayne,"{""Credit Line"": ""Smithsonian American Art Museum, Bequest of Mary Elizabeth Spencer""}","{""Date"": ""ca. 1795""}","{""Object number"": ""1999.27.41""}","{""Artist"": ""James Peale, born Chestertown, MD 1749-died Philadelphia, PA 1831"", ""Sitter"": ""Anthony Wayne""}","{""Luce Center Label"": ""\u201cMad Anthony\u201d Wayne (1745-1796) was one of the most colorful figures of the American Revolution. His early training as a surveyor came in handy as he guided his troops during the Valley Forge campaign. Following the surrender of Cornwallis at Yorktown, Washington sent Wayne into South Carolina to chase the British out, after which he was promoted to major general. He returned home in 1783 and reentered the Pennsylvania legislature, where he had served until 1775. When Washington appointed him commander in chief of the United States Army, Wayne turned to fighting Indian tribes along the Great Lakes, finally achieving peace with the Treaty of Greenville in 1795 before retiring from military service. He chose to be depicted in this miniature in his uniform at the rank of major general, probably as he reentered the legislature.""}","{""Type"": ""Painting-Miniature""}","{""Medium"": ""watercolor on ivory"", ""Dimensions"": ""image (oval): 1 3/4 x 1 3/8 in. (4.5 x 3.4 cm)""}",,,"{""Topic"": ""Dress\\uniform\\military uniform\nOccupation\\military\\general\nPortrait male\\bust""}","[""1790s""]","[""Peale, James"", ""Wayne, Anthony""]","[""Paintings""]",,"[""Uniforms"", ""Occupations"", ""Clothing and dress"", ""Men"", ""Portraits"", ""Military""]",1,"[""https://ids.si.edu/ids/deliveryService?id=SAAM-1999.27.41_1""]","https://ids.si.edu/ids/iiif/SAAM-1999.27.41_1/full/250,/0/default.jpg",Anthony Wayne,James Peale,1795,Men,
97,https://collections.si.edu/search/detail/edanmdm:saam_1971.111,SAAM,edanmdm:saam_1971.111,Mourning Piece for George Washington,"{""Credit Line"": ""Smithsonian American Art Museum, Museum purchase""}","{""Date"": ""1810""}","{""Object number"": ""1971.111""}","{""Artist"": ""Enoch G. Gridley, active 1803-1818"", ""Sitter"": ""George Washington""}",,"{""Type"": ""Graphic Arts-Print""}","{""Medium"": ""engraving on paper"", ""Dimensions"": ""image: 13 1/8 x 8 3/4 in. (33.3 x 22.2 cm)""}",,,"{""Topic"": ""Occupation\\military\\soldier\nPortrait male\\bust\nMonument\\memorial\\Washington""}","[""1810s""]","[""Washington, George"", ""Gridley, Enoch G.""]","[""Graphic arts""]","[""Washington""]","[""Soldiers"", ""Memorials"", ""Occupations"", ""Men"", ""Monuments"", ""Portraits"", ""Military""]",1,"[""https://ids.si.edu/ids/deliveryService?id=SAAM-1971.111_1""]","https://ids.si.edu/ids/iiif/SAAM-1971.111_1/full/250,/0/default.jpg",George Washington,Enoch G. Gridley,1810,Men,
98,https://collections.si.edu/search/detail/edanmdm:saam_1971.102,SAAM,edanmdm:saam_1971.102,George Washington,"{""Credit Line"": ""Smithsonian American Art Museum, Gift of Michael J. Deutch""}","{""Date"": ""ca. 1800-1825""}","{""Object number"": ""1971.102""}","{""Publisher"": ""H. Fiquet, n.d."", ""Copy after"": ""John Trumbull, born Lebanon, CT 1756-died New York City 1843"", ""Sitter"": ""George Washington""}",,"{""Type"": ""Graphic Arts-Print""}","{""Medium"": ""color lithograph"", ""Dimensions"": ""plate: 20 x 12 in. (50.8 x 30.5 cm)""}",,,"{""Topic"": ""Landscape\nAnimal\\horse\nFigure male\\knee length\nDress\\uniform\\military uniform\nOccupation\\military\\general\nPortrait male\\full length""}","[""1800s"", ""1820s""]","[""Washington, George"", ""Fiquet, H."", ""Trumbull, John""]","[""Graphic arts""]",,"[""Uniforms"", ""Landscapes"", ""Animals"", ""Occupations"", ""Clothing and dress"", ""Men"", ""Horses"", ""Figure male"", ""Portraits"", ""Military""]",1,"[""https://ids.si.edu/ids/deliveryService?id=SAAM-1971.102_1""]","https://ids.si.edu/ids/iiif/SAAM-1971.102_1/full/250,/0/default.jpg",George Washington,,1800,Men,
214,https://collections.si.edu/search/detail/edanmdm:npg_S_NPG.87.222,NPG,edanmdm:npg_S_NPG.87.222,Benjamin Franklin,"{""Credit Line"": ""National Portrait Gallery, Smithsonian Institution; transfer from the Smithsonian American Art Museum""}","{""Date"": ""1782""}","{""Object number"": ""S/NPG.87.222""}","{""Artist"": ""J. Pelicier, active 1780 - 1790"", ""Sitter"": ""Benjamin Franklin, 17 Jan 1706 - 17 Apr 1790""}",,"{""Type"": ""Print""}","{""Medium"": ""Engraving on paper"", ""Dimensions"": ""Image: 8.2 \u00d7 6 cm (3 1/4 \u00d7 2 3/8\"")\nSheet: 25.5 \u00d7 18 cm (10 1/16 \u00d7 7 1/16\"")""}",,,"{""Topic"": ""Printed Material\\Map\nNature & Environment\\Plant\\Wreath\nNature & Environment\\Animal\\Bird\\Eagle\nNature & Environment\\Lightning\nCostume\\Dress Accessory\\Fur trim\nBenjamin Franklin: Male\nBenjamin Franklin: Arts and Culture\\Literature\\Writer\nBenjamin Franklin: Politics and Government\\Statesman\\Colonial statesman\nBenjamin Franklin: Politics and Government\\Government official\\Congressman\\Continental congressman\nBenjamin Franklin: Politics and Government\\Statesman\\Colonial statesman\\Signer of Declaration\nBenjamin Franklin: Science and Technology\\Scientist\nBenjamin Franklin: Politics and Government\\Diplomat\nBenjamin Franklin: Social Welfare and Reform\\Philanthropist\nBenjamin Franklin: Science and Technology\\Inventor\nBenjamin Franklin: Business and Finance\\Tradesman\\Printer\nBenjamin Franklin: Politics and Government\\Government official\\Postmaster\nPortrait""}","[""1780s""]","[""Franklin, Benjamin"", ""Pelicier, J.""]","[""Maps"", ""Prints""]",,"[""Social Welfare and Reform"", ""Business and Finance"", ""Legislators"", ""Arts and Culture"", ""Writers"", ""Dress accessories"", ""Eagles"", ""Printer"", ""Printed Material"", ""Colonial statesman"", ""Statesman"", ""Signer of Declaration"", ""Public officers"", ""Diplomats"", ""Nature"", ""Wreath"", ""Literature"", ""Congressmen"", ""Government"", ""Diplomacy"", ""Birds"", ""Portraits"", ""Ecology"", ""Plants"", ""Tradesman"", ""Continental congressman"", ""Science and Technology"", ""Fur trim"", ""Animals"", ""Inventors"", ""Lightning"", ""Costume"", ""Men"", ""Philanthropists"", ""Politics"", ""Scientists"", ""Postmasters""]",1,"[""https://ids.si.edu/ids/deliveryService?id=NPG-S_NPG_87_222""]","https://ids.si.edu/ids/iiif/NPG-S_NPG_87_222/full/250,/0/default.jpg",Benjamin Franklin,J. Pelicier,1782,men,Writers
215,https://collections.si.edu/search/detail/edanmdm:npg_S_NPG.86.63,NPG,edanmdm:npg_S_NPG.86.63,Marquis De Lafayette,"{""Credit Line"": ""National Portrait Gallery, Smithsonian Institution""}","{""Date"": ""c. 1815""}","{""Object number"": ""S/NPG.86.63""}","{""Artist"": ""Unidentified Artist"", ""Sitter"": ""Marquis de Lafayette, 6 Sep 1757 - 20 May 1834""}",,"{""Type"": ""Print""}","{""Medium"": ""Lithograph on paper"", ""Dimensions"": ""Image: 23.9 \u00d7 24.1 cm (9 7/16 \u00d7 9 1/2\"")\nSheet: 34.1 \u00d7 25.9 cm (13 7/16 \u00d7 10 3/16\"")\nMat: 55.9 \u00d7 40.7 cm (22 \u00d7 16\"")""}",,,"{""Topic"": ""Marquis de Lafayette: Male\nMarquis de Lafayette: Military and Intelligence\\Army\\Officer\nMarquis de Lafayette: Military and Intelligence\\Army\\Officer\\Revolutionary War\nPortrait""}","[""1810s"", ""1820s""]","[""United States. Army"", ""Lafayette""]","[""Prints""]",,"[""Military and Intelligence"", ""Men"", ""Portraits"", ""American Revolution (1775-1783)"", ""Officer""]",1,"[""https://ids.si.edu/ids/deliveryService?id=NPG-S_NPG_86_63Lafayette-000001""]","https://ids.si.edu/ids/iiif/NPG-S_NPG_86_63Lafayette-000001/full/250,/0/default.jpg",Marquis de Lafayette,Unidentified Artist,1815,Men,
216,https://collections.si.edu/search/detail/edanmdm:npg_S_NPG.85.297,NPG,edanmdm:npg_S_NPG.85.297,George Washington,"{""Credit Line"": ""National Portrait Gallery, Smithsonian Institution; gift of Marvin Sadik""}","{""Date"": ""1796""}","{""Object number"": ""S/NPG.85.297""}","{""Artist"": ""Louis Charles Ruotte, 1754 - 1806"", ""Copy after"": ""Francois Bonneville\nPierre Eug\u00e8ne Du Simiti\u00e8re, c. 1736 - 1784"", ""Sitter"": ""George Washington, 22 Feb 1732 - 14 Dec 1799""}",,"{""Type"": ""Print""}","{""Medium"": ""Engraving on paper"", ""Dimensions"": ""Image: 10.3 \u00d7 8.5 cm (4 1/16 \u00d7 3 3/8\"")\nSheet: 24.7 \u00d7 18.3 cm (9 3/4 \u00d7 7 3/16\"")""}",,,"{""Topic"": ""Costume\\Dress Accessory\\Epaulet\nIllustration\nTassel\nGeorge Washington: Male\nGeorge Washington: Military and Intelligence\\Army\\Officer\\Revolutionary War\nGeorge Washington: Politics and Government\\Statesman\\Colonial statesman\nGeorge Washington: Business and Finance\\Natural resources commerce\\Agriculturist\\Farmer\nGeorge Washington: Military and Intelligence\\Army\\Officer\\General\nGeorge Washington: Politics and Government\\Government official\\President of US\nGeorge Washington: Science and Technology\\Surveyor\nGeorge Washington: Civilian awards\\Congressional Gold Medal\nPortrait""}","[""1790s""]","[""Du Simitiere, Pierre Eugene"", ""United States. Army"", ""Ruotte, Louis Charles"", ""Washington, George"", ""Bonneville, Francois""]","[""Prints""]","[""United States""]","[""Business and Finance"", ""Congressional Gold Medal"", ""Farmers"", ""Illustration"", ""Government"", ""Natural resources commerce"", ""Dress accessories"", ""Portraits"", ""Civilian awards"", ""Science and Technology"", ""Colonial statesman"", ""Agriculturists"", ""Statesman"", ""Surveyors"", ""Costume"", ""Military and Intelligence"", ""Tassel"", ""Men"", ""American Revolution (1775-1783)"", ""Public officers"", ""Politics"", ""Presidents"", ""Officer""]",1,"[""https://ids.si.edu/ids/deliveryService?id=NPG-S-NPG_85_297""]","https://ids.si.edu/ids/iiif/NPG-S-NPG_85_297/full/250,/0/default.jpg",George Washington,Louis Charles Ruotte,1796,men,
219,https://collections.si.edu/search/detail/edanmdm:npg_S_NPG.82.42,NPG,edanmdm:npg_S_NPG.82.42,George Washington,"{""Credit Line"": ""National Portrait Gallery, Smithsonian Institution""}","{""Date"": ""c. 1775-80""}","{""Object number"": ""S/NPG.82.42""}","{""Artist"": ""Johann Gottlieb Schmidt, 1742 - 1800"", ""Copy after"": ""Unidentified Artist"", ""Sitter"": ""George Washington, 22 Feb 1732 - 14 Dec 1799""}",,"{""Type"": ""Art Implement""}","{""Medium"": ""Copper plate"", ""Dimensions"": ""Image: 15 \u00d7 10.3 cm (5 7/8 \u00d7 4 1/16\"")\nPlate: 19.4 \u00d7 14.2 cm (7 5/8 \u00d7 5 9/16\"")""}",,,"{""Topic"": ""Costume\\Headgear\\Hat\\Tricorne\nCostume\\Dress Accessory\\Epaulet\nCostume\\Dress Accessory\\Feather\nNature & Environment\\Olive branch\nPrinting surface\\Printing plate\nGeorge Washington: Male\nGeorge Washington: Military and Intelligence\\Army\\Officer\\Revolutionary War\nGeorge Washington: Politics and Government\\Statesman\\Colonial statesman\nGeorge Washington: Business and Finance\\Natural resources commerce\\Agriculturist\\Farmer\nGeorge Washington: Military and Intelligence\\Army\\Officer\\General\nGeorge Washington: Politics and Government\\Government official\\President of US\nGeorge Washington: Science and Technology\\Surveyor\nGeorge Washington: Civilian awards\\Congressional Gold Medal\nPortrait""}","[""1770s"", ""1780s""]","[""Schmidt, Johann Gottlieb"", ""United States. Army"", ""Washington, George""]","[""Artists' materials""]","[""United States""]","[""Business and Finance"", ""Natural resources commerce"", ""Dress accessories"", ""Colonial statesman"", ""Statesman"", ""Printing plate"", ""Military and Intelligence"", ""Feather"", ""American Revolution (1775-1783)"", ""Public officers"", ""Presidents"", ""Nature"", ""Printing surface"", ""Congressional Gold Medal"", ""Olive branch"", ""Farmers"", ""Government"", ""Portraits"", ""Ecology"", ""Civilian awards"", ""Headgear"", ""Tricorne"", ""Science and Technology"", ""Agriculturists"", ""Surveyors"", ""Costume"", ""Men"", ""Hats"", ""Politics"", ""Officer""]",1,"[""https://ids.si.edu/ids/deliveryService?id=NPG-S-NPG_82_42""]","https://ids.si.edu/ids/iiif/NPG-S-NPG_82_42/full/250,/0/default.jpg",George Washington,Johann Gottlieb Schmidt,1775,men,
220,https://collections.si.edu/search/detail/edanmdm:npg_S_NPG.82.10,NPG,edanmdm:npg_S_NPG.82.10,George Washington,"{""Credit Line"": ""National Portrait Gallery, Smithsonian Institution; gift of Gerard H. Gover""}","{""Date"": ""1798""}","{""Object number"": ""S/NPG.82.10""}","{""Artist"": ""William Nutter, 1754 - 1802"", ""Copy after"": ""Gilbert Stuart, 3 Dec 1755 - 9 Jul 1828"", ""Sitter"": ""George Washington, 22 Feb 1732 - 14 Dec 1799""}",,"{""Type"": ""Print""}","{""Medium"": ""Stipple engraving printed in color"", ""Dimensions"": ""Image: 22.5 \u00d7 18.5 cm (8 7/8 \u00d7 7 5/16\"")\nSheet: 24 \u00d7 19.7 cm (9 7/16 \u00d7 7 3/4\"")\nMount: 25 \u00d7 21 \u00d7 1.3 cm (9 13/16 \u00d7 8 1/4 \u00d7 1/2\"")""}",,,"{""Topic"": ""Costume\\Dress Accessory\\Neckwear\\Collar\\Ruff\nGeorge Washington: Male\nGeorge Washington: Military and Intelligence\\Army\\Officer\\Revolutionary War\nGeorge Washington: Politics and Government\\Statesman\\Colonial statesman\nGeorge Washington: Business and Finance\\Natural resources commerce\\Agriculturist\\Farmer\nGeorge Washington: Military and Intelligence\\Army\\Officer\\General\nGeorge Washington: Politics and Government\\Government official\\President of US\nGeorge Washington: Science and Technology\\Surveyor\nGeorge Washington: Civilian awards\\Congressional Gold Medal\nPortrait""}","[""1790s""]","[""United States. Army"", ""Washington, George"", ""Nutter, William"", ""Stuart, Gilbert""]","[""Prints""]","[""United States""]","[""Business and Finance"", ""Congressional Gold Medal"", ""Neckwear"", ""Farmers"", ""Ruff"", ""Government"", ""Natural resources commerce"", ""Dress accessories"", ""Portraits"", ""Civilian awards"", ""Science and Technology"", ""Colonial statesman"", ""Agriculturists"", ""Statesman"", ""Surveyors"", ""Costume"", ""Military and Intelligence"", ""Men"", ""American Revolution (1775-1783)"", ""Public officers"", ""Politics"", ""Collar"", ""Presidents"", ""Officer""]",1,"[""https://ids.si.edu/ids/deliveryService?id=NPG-S-NPG_82_10""]","https://ids.si.edu/ids/iiif/NPG-S-NPG_82_10/full/250,/0/default.jpg",George Washington,William Nutter,1798,men,
222,https://collections.si.edu/search/detail/edanmdm:npg_S_NPG.81.31,NPG,edanmdm:npg_S_NPG.81.31,George Washington,"{""Credit Line"": ""National Portrait Gallery, Smithsonian Institution""}","{""Date"": ""c. 1778""}","{""Object number"": ""S/NPG.81.31""}","{""Attribution"": ""Jean-Victor Dupin, 1718 - 1818?"", ""Sitter"": ""George Washington, 22 Feb 1732 - 14 Dec 1799""}",,"{""Type"": ""Print""}","{""Medium"": ""Engraving on paper"", ""Dimensions"": ""Image: 16.2 x 11.4cm (6 3/8 x 4 1/2\"")\nSheet: 26.2 x 19.9cm (10 5/16 x 7 13/16\"")""}",,,"{""Topic"": ""Costume\\Headgear\\Hat\nWeapon\\Sword\nEquipment\\Shield\nSymbols & Motifs\\Flag\nWeapon\\Cannon\nCostume\\Dress Accessory\\Sash\nWeapon\\Cannonball\nGeorge Washington: Male\nGeorge Washington: Military and Intelligence\\Army\\Officer\\Revolutionary War\nGeorge Washington: Politics and Government\\Statesman\\Colonial statesman\nGeorge Washington: Business and Finance\\Natural resources commerce\\Agriculturist\\Farmer\nGeorge Washington: Military and Intelligence\\Army\\Officer\\General\nGeorge Washington: Politics and Government\\Government official\\President of US\nGeorge Washington: Science and Technology\\Surveyor\nGeorge Washington: Civilian awards\\Congressional Gold Medal\nPortrait""}","[""1770s"", ""1780s""]","[""United States. Army"", ""Washington, George"", ""Dupin, Jean-Victor""]","[""Prints""]","[""United States""]","[""Business and Finance"", ""Cannon"", ""Shield"", ""Natural resources commerce"", ""Dress accessories"", ""Symbols & Motifs"", ""Colonial statesman"", ""Weapons"", ""Statesman"", ""Swords"", ""Military and Intelligence"", ""American Revolution (1775-1783)"", ""Public officers"", ""Presidents"", ""Congressional Gold Medal"", ""Farmers"", ""Sash"", ""Government"", ""Cannonball"", ""Portraits"", ""Flags"", ""Civilian awards"", ""Headgear"", ""Science and Technology"", ""Agriculturists"", ""Surveyors"", ""Costume"", ""Men"", ""Hats"", ""Politics"", ""Officer""]",1,"[""https://ids.si.edu/ids/deliveryService?id=NPG-S-NPG_81_31""]","https://ids.si.edu/ids/iiif/NPG-S-NPG_81_31/full/250,/0/default.jpg",George Washington,Jean-Victor Dupin,1778,men,
225,https://collections.si.edu/search/detail/edanmdm:npg_S_NPG.79.6,NPG,edanmdm:npg_S_NPG.79.6,George Washington,"{""Credit Line"": ""National Portrait Gallery, Smithsonian Institution""}","{""Date"": ""1797""}","{""Object number"": ""S/NPG.79.6""}","{""Artist"": ""Unidentified Artist"", ""Copy after"": ""Paul Revere, 1 Jan 1735 - 10 May 1818\nCharles Willson Peale, 15 Apr 1741 - 22 Feb 1827"", ""Sitter"": ""George Washington, 22 Feb 1732 - 14 Dec 1799""}",,"{""Type"": ""Print""}","{""Medium"": ""Relief cut"", ""Dimensions"": ""Image: 7 \u00d7 6.2 cm (2 3/4 \u00d7 2 7/16\"")\nBook closed: 18.5 \u00d7 10.1 cm (7 5/16 \u00d7 4\"")\nBook open: 18.5 \u00d7 20.2 cm (7 5/16 \u00d7 7 15/16\"")""}",,,"{""Topic"": ""Print\nWeapon\\Cannon\nIllustration\nSymbols & Motifs\\Flag\\National flag\\American\nGeorge Washington: Male\nGeorge Washington: Military and Intelligence\\Army\\Officer\\Revolutionary War\nGeorge Washington: Politics and Government\\Statesman\\Colonial statesman\nGeorge Washington: Business and Finance\\Natural resources commerce\\Agriculturist\\Farmer\nGeorge Washington: Military and Intelligence\\Army\\Officer\\General\nGeorge Washington: Politics and Government\\Government official\\President of US\nGeorge Washington: Science and Technology\\Surveyor\nGeorge Washington: Civilian awards\\Congressional Gold Medal\nPortrait""}","[""1790s""]","[""United States. Army"", ""Washington, George"", ""Revere, Paul"", ""Peale, Charles Willson""]","[""Prints""]","[""United States""]","[""Business and Finance"", ""Cannon"", ""Illustration"", ""Natural resources commerce"", ""Symbols & Motifs"", ""Colonial statesman"", ""Weapons"", ""Statesman"", ""Military and Intelligence"", ""American Revolution (1775-1783)"", ""Public officers"", ""National flag"", ""Presidents"", ""Printing"", ""Congressional Gold Medal"", ""Farmers"", ""Government"", ""Portraits"", ""Flags"", ""Civilian awards"", ""Science and Technology"", ""Agriculturists"", ""Surveyors"", ""Men"", ""Politics"", ""Officer""]",2,"[""https://ids.si.edu/ids/deliveryService?id=NPG-S_NPG_79_6GW-000002"", ""https://ids.si.edu/ids/deliveryService?id=NPG-S_NPG_79_6GW-000001""]","https://ids.si.edu/ids/iiif/NPG-S_NPG_79_6GW-000002/full/250,/0/default.jpg",George Washington,Unidentified Artist,1797,men,
229,https://collections.si.edu/search/detail/edanmdm:npg_S_NPG.78.39,NPG,edanmdm:npg_S_NPG.78.39,Thomas Jefferson,"{""Credit Line"": ""National Portrait Gallery, Smithsonian Institution""}","{""Date"": ""1801""}","{""Object number"": ""S/NPG.78.39""}","{""Artist"": ""Edward Orme, 1775 - 1848"", ""Copy after"": ""Gilbert Stuart, 3 Dec 1755 - 9 Jul 1828"", ""Sitter"": ""Thomas Jefferson, 13 Apr 1743 - 4 Jul 1826""}",,"{""Type"": ""Print""}","{""Medium"": ""Stipple engraving"", ""Dimensions"": ""Image: 10.5 \u00d7 8 cm (4 1/8 \u00d7 3 1/8\"")\nSheet: 17.5 \u00d7 11.7 cm (6 7/8 \u00d7 4 5/8\"")""}",,,"{""Topic"": ""Thomas Jefferson: Male\nThomas Jefferson: Law and Crime\\Lawyer\nThomas Jefferson: Politics and Government\\Government official\\Congressman\\Continental congressman\nThomas Jefferson: Politics and Government\\Statesman\\Colonial statesman\\Signer of Declaration\nThomas Jefferson: Politics and Government\\Vice-President of US\nThomas Jefferson: Business and Finance\\Natural resources commerce\\Agriculturist\\Farmer\nThomas Jefferson: Arts and Culture\\Visual Arts\\Architect\nThomas Jefferson: Politics and Government\\Government official\\President of US\nThomas Jefferson: Politics and Government\\Government official\\Cabinet member\\Secretary of State\nThomas Jefferson: Politics and Government\\Diplomat\\Minister\nThomas Jefferson: Science and Technology\\Inventor\nThomas Jefferson: Politics and Government\\Government official\\US Congressman\\Virginia\nThomas Jefferson: Politics and Government\\Government official\\Governor\\Virginia\nThomas Jefferson: Arts and Culture\\Education and Scholarship\\Founder\\University\nPortrait""}","[""1800s""]","[""Jefferson, Thomas"", ""Orme, Edward"", ""Stuart, Gilbert""]","[""Prints""]","[""United States"", ""Virginia""]","[""Business and Finance"", ""Legislators"", ""Art"", ""Arts and Culture"", ""Architects"", ""Natural resources commerce"", ""Secretary of State"", ""Governors"", ""Founder"", ""Universities"", ""Colonial statesman"", ""Statesman"", ""Signer of Declaration"", ""Public officers"", ""Vice-Presidents"", ""Diplomats"", ""Presidents"", ""Minister"", ""Cabinet member"", ""Congressmen"", ""Farmers"", ""Government"", ""Diplomacy"", ""Portraits"", ""Lawyers"", ""Continental congressman"", ""Science and Technology"", ""Agriculturists"", ""Inventors"", ""Men"", ""Law and Crime"", ""Politics"", ""Education and Scholarship""]",1,"[""https://ids.si.edu/ids/deliveryService?id=NPG-S-NPG_78_39""]","https://ids.si.edu/ids/iiif/NPG-S-NPG_78_39/full/250,/0/default.jpg",Thomas Jefferson,Edward Orme,1801,men,
235,https://collections.si.edu/search/detail/edanmdm:npg_S_NPG.77.95,NPG,edanmdm:npg_S_NPG.77.95,Thomas Jefferson,"{""Credit Line"": ""National Portrait Gallery, Smithsonian Institution""}","{""Date"": ""1801""}","{""Object number"": ""S/NPG.77.95""}","{""Artist"": ""John Scoles, 1793 - 1844?"", ""Sitter"": ""Thomas Jefferson, 13 Apr 1743 - 4 Jul 1826""}",,"{""Type"": ""Print""}","{""Medium"": ""Stipple engraving on paper"", ""Dimensions"": ""Image: 13.6 \u00d7 8.6 cm (5 3/8 \u00d7 3 3/8\"")\nSheet: 14.8 \u00d7 10.6 cm (5 13/16 \u00d7 4 3/16\"")\nMat: 45.7 \u00d7 35.5 cm (18 \u00d7 14\"")""}",,,"{""Topic"": ""Thomas Jefferson: Male\nThomas Jefferson: Law and Crime\\Lawyer\nThomas Jefferson: Politics and Government\\Government official\\Congressman\\Continental congressman\nThomas Jefferson: Politics and Government\\Statesman\\Colonial statesman\\Signer of Declaration\nThomas Jefferson: Politics and Government\\Vice-President of US\nThomas Jefferson: Business and Finance\\Natural resources commerce\\Agriculturist\\Farmer\nThomas Jefferson: Arts and Culture\\Visual Arts\\Architect\nThomas Jefferson: Politics and Government\\Government official\\President of US\nThomas Jefferson: Politics and Government\\Government official\\Cabinet member\\Secretary of State\nThomas Jefferson: Politics and Government\\Diplomat\\Minister\nThomas Jefferson: Science and Technology\\Inventor\nThomas Jefferson: Politics and Government\\Government official\\US Congressman\\Virginia\nThomas Jefferson: Politics and Government\\Government official\\Governor\\Virginia\nThomas Jefferson: Arts and Culture\\Education and Scholarship\\Founder\\University\nPortrait""}","[""1800s""]","[""Scoles, John"", ""Jefferson, Thomas""]","[""Prints""]","[""United States"", ""Virginia""]","[""Business and Finance"", ""Legislators"", ""Art"", ""Arts and Culture"", ""Architects"", ""Natural resources commerce"", ""Secretary of State"", ""Governors"", ""Founder"", ""Universities"", ""Colonial statesman"", ""Statesman"", ""Signer of Declaration"", ""Public officers"", ""Vice-Presidents"", ""Diplomats"", ""Presidents"", ""Minister"", ""Cabinet member"", ""Congressmen"", ""Farmers"", ""Government"", ""Diplomacy"", ""Portraits"", ""Lawyers"", ""Continental congressman"", ""Science and Technology"", ""Agriculturists"", ""Inventors"", ""Men"", ""Law and Crime"", ""Politics"", ""Education and Scholarship""]",1,"[""https://ids.si.edu/ids/deliveryService?id=NPG-S-NPG_77_95X""]","https://ids.si.edu/ids/iiif/NPG-S-NPG_77_95X/full/250,/0/default.jpg",Thomas Jefferson,John Scoles,1801,men,
236,https://collections.si.edu/search/detail/edanmdm:npg_S_NPG.77.93,NPG,edanmdm:npg_S_NPG.77.93,John Hancock,"{""Credit Line"": ""National Portrait Gallery, Smithsonian Institution""}","{""Date"": ""1781""}","{""Object number"": ""S/NPG.77.93""}","{""Artist"": ""John Norman, c. 1748 - 1817"", ""Sitter"": ""John Hancock, 12 Jan 1737 - 8 Oct 1793""}",,"{""Type"": ""Print""}","{""Medium"": ""Etching and engraving on paper"", ""Dimensions"": ""Image: 15.2 \u00d7 10.2 cm (6 \u00d7 4\"")\nSheet: 19 \u00d7 10.7 cm (7 1/2 \u00d7 4 3/16\"")""}",,,"{""Topic"": ""Interior\nHome Furnishings\\Furniture\\Seating\\Chair\nPrinted Material\\Document\nPrinted Material\\Papers\nEquipment\\Drafting & Writing Implements\\Writing implement\\Pen\\Quill\nArtwork\\Portrait\nJohn Hancock: Male\nJohn Hancock: Politics and Government\\Statesman\\Colonial statesman\nJohn Hancock: Politics and Government\\Statesman\\Colonial statesman\\Signer of Declaration\nJohn Hancock: Politics and Government\\Government official\\Governor\\Massachusetts\nJohn Hancock: Business and Finance\\Businessperson\\Merchant\nPortrait""}","[""1780s""]","[""Hancock, John"", ""Norman, John""]","[""Prints""]","[""Massachusetts""]","[""Business and Finance"", ""Merchants"", ""Artwork"", ""Government"", ""Businessperson"", ""Interior decoration"", ""Papers"", ""Quill"", ""Portraits"", ""Home Furnishings"", ""Drafting & Writing Implements"", ""Governors"", ""Furnishings"", ""Printed Material"", ""Design"", ""Colonial statesman"", ""Statesman"", ""Chairs"", ""Seating"", ""Men"", ""Signer of Declaration"", ""Public officers"", ""Politics"", ""Pens""]",1,"[""https://ids.si.edu/ids/deliveryService?id=NPG-S-NPG_77_93""]","https://ids.si.edu/ids/iiif/NPG-S-NPG_77_93/full/250,/0/default.jpg",John Hancock,John Norman,1781,men,
237,https://collections.si.edu/search/detail/edanmdm:npg_S_NPG.77.92,NPG,edanmdm:npg_S_NPG.77.92,Alexander Hamilton,"{""Credit Line"": ""National Portrait Gallery, Smithsonian Institution""}","{""Date"": ""1802""}","{""Object number"": ""S/NPG.77.92""}","{""Artist"": ""William Rollinson, 1762 - 1842"", ""Sitter"": ""Alexander Hamilton, 11 Jan 1757 - 11 Jul 1804""}",,"{""Type"": ""Print""}","{""Medium"": ""Stipple and line engraving on paper"", ""Dimensions"": ""Image: 14.4 \u00d7 11.3 cm (5 11/16 \u00d7 4 7/16\"")\nSheet: 21.5 \u00d7 13.3 cm (8 7/16 \u00d7 5 1/4\"")""}",,,"{""Topic"": ""Costume\\Dress Accessory\\Epaulet\nAlexander Hamilton: Male\nAlexander Hamilton: Law and Crime\\Lawyer\nAlexander Hamilton: Arts and Culture\\Literature\\Writer\nAlexander Hamilton: Military and Intelligence\\Army\\Officer\\Revolutionary War\nAlexander Hamilton: Politics and Government\\Government official\\Cabinet member\\Secretary of Treasury\nAlexander Hamilton: Politics and Government\\Government official\\Congressman\\Continental congressman\nPortrait""}","[""1800s""]","[""United States. Army"", ""Rollinson, William"", ""Hamilton, Alexander""]","[""Prints""]",,"[""Legislators"", ""Cabinet member"", ""Arts and Culture"", ""Literature"", ""Congressmen"", ""Writers"", ""Government"", ""Dress accessories"", ""Portraits"", ""Lawyers"", ""Continental congressman"", ""Costume"", ""Military and Intelligence"", ""Men"", ""Secretary of Treasury"", ""American Revolution (1775-1783)"", ""Public officers"", ""Law and Crime"", ""Politics"", ""Officer""]",1,"[""https://ids.si.edu/ids/deliveryService?id=NPG-S_NPG_77_92""]","https://ids.si.edu/ids/iiif/NPG-S_NPG_77_92/full/250,/0/default.jpg",Alexander Hamilton,William Rollinson,1802,men,Writers
238,https://collections.si.edu/search/detail/edanmdm:npg_S_NPG.77.90,NPG,edanmdm:npg_S_NPG.77.90,Benjamin Franklin,"{""Credit Line"": ""National Portrait Gallery, Smithsonian Institution""}","{""Date"": ""1794""}","{""Object number"": ""S/NPG.77.90""}","{""Artist"": ""Benjamin Tanner, 1775 - 1848"", ""Sitter"": ""Benjamin Franklin, 17 Jan 1706 - 17 Apr 1790""}",,"{""Type"": ""Print""}","{""Medium"": ""Etching and line engraving on paper"", ""Dimensions"": ""Image: 9.5 \u00d7 7.7 cm (3 3/4 \u00d7 3 1/16\"")\nSheet: 16.6 \u00d7 10.1 cm (6 9/16 \u00d7 4\"")""}",,,"{""Topic"": ""Benjamin Franklin: Male\nBenjamin Franklin: Arts and Culture\\Literature\\Writer\nBenjamin Franklin: Politics and Government\\Statesman\\Colonial statesman\nBenjamin Franklin: Politics and Government\\Government official\\Congressman\\Continental congressman\nBenjamin Franklin: Politics and Government\\Statesman\\Colonial statesman\\Signer of Declaration\nBenjamin Franklin: Science and Technology\\Scientist\nBenjamin Franklin: Politics and Government\\Diplomat\nBenjamin Franklin: Social Welfare and Reform\\Philanthropist\nBenjamin Franklin: Science and Technology\\Inventor\nBenjamin Franklin: Business and Finance\\Tradesman\\Printer\nBenjamin Franklin: Politics and Government\\Government official\\Postmaster\nPortrait""}","[""1790s""]","[""Tanner, Benjamin Tucker"", ""Franklin, Benjamin""]","[""Prints""]",,"[""Social Welfare and Reform"", ""Business and Finance"", ""Legislators"", ""Arts and Culture"", ""Writers"", ""Printer"", ""Colonial statesman"", ""Statesman"", ""Signer of Declaration"", ""Public officers"", ""Diplomats"", ""Literature"", ""Congressmen"", ""Government"", ""Diplomacy"", ""Portraits"", ""Tradesman"", ""Continental congressman"", ""Science and Technology"", ""Inventors"", ""Men"", ""Philanthropists"", ""Politics"", ""Scientists"", ""Postmasters""]",1,"[""https://ids.si.edu/ids/deliveryService?id=NPG-S-NPG_77_90""]","https://ids.si.edu/ids/iiif/NPG-S-NPG_77_90/full/250,/0/default.jpg",Benjamin Franklin,Benjamin Tanner,1794,men,Writers
239,https://collections.si.edu/search/detail/edanmdm:npg_S_NPG.77.89,NPG,edanmdm:npg_S_NPG.77.89,Benjamin Franklin,"{""Credit Line"": ""National Portrait Gallery, Smithsonian Institution""}","{""Date"": ""1782""}","{""Object number"": ""S/NPG.77.89""}","{""Artist"": ""John Norman, c. 1748 - 1817"", ""Sitter"": ""Benjamin Franklin, 17 Jan 1706 - 17 Apr 1790""}",,"{""Type"": ""Print""}","{""Medium"": ""Line engraving on paper"", ""Dimensions"": ""Image: 8 \u00d7 6 cm (3 1/8 \u00d7 2 3/8\"")\nSheet: 20 \u00d7 12 cm (7 7/8 \u00d7 4 3/4\"")""}",,,"{""Topic"": ""Benjamin Franklin: Male\nBenjamin Franklin: Arts and Culture\\Literature\\Writer\nBenjamin Franklin: Politics and Government\\Statesman\\Colonial statesman\nBenjamin Franklin: Politics and Government\\Government official\\Congressman\\Continental congressman\nBenjamin Franklin: Politics and Government\\Statesman\\Colonial statesman\\Signer of Declaration\nBenjamin Franklin: Science and Technology\\Scientist\nBenjamin Franklin: Politics and Government\\Diplomat\nBenjamin Franklin: Social Welfare and Reform\\Philanthropist\nBenjamin Franklin: Science and Technology\\Inventor\nBenjamin Franklin: Business and Finance\\Tradesman\\Printer\nBenjamin Franklin: Politics and Government\\Government official\\Postmaster\nPortrait""}","[""1780s""]","[""Norman, John"", ""Franklin, Benjamin""]","[""Prints""]",,"[""Social Welfare and Reform"", ""Business and Finance"", ""Legislators"", ""Arts and Culture"", ""Writers"", ""Printer"", ""Colonial statesman"", ""Statesman"", ""Signer of Declaration"", ""Public officers"", ""Diplomats"", ""Literature"", ""Congressmen"", ""Government"", ""Diplomacy"", ""Portraits"", ""Tradesman"", ""Continental congressman"", ""Science and Technology"", ""Inventors"", ""Men"", ""Philanthropists"", ""Politics"", ""Scientists"", ""Postmasters""]",1,"[""https://ids.si.edu/ids/deliveryService?id=NPG-S-NPG_77_89""]","https://ids.si.edu/ids/iiif/NPG-S-NPG_77_89/full/250,/0/default.jpg",Benjamin Franklin,John Norman,1782,men,Writers
240,https://collections.si.edu/search/detail/edanmdm:npg_S_NPG.77.83,NPG,edanmdm:npg_S_NPG.77.83,Benjamin Franklin,"{""Credit Line"": ""National Portrait Gallery, Smithsonian Institution""}","{""Date"": ""1797""}","{""Object number"": ""S/NPG.77.83""}","{""Artist"": ""William Harrison, Jr., active 1797 - c. 1819"", ""Sitter"": ""Benjamin Franklin, 17 Jan 1706 - 17 Apr 1790""}",,"{""Type"": ""Print""}","{""Medium"": ""Etching and line engraving on paper"", ""Dimensions"": ""Image: 9.5 x 7.4cm (3 3/4 x 2 15/16\"")\nSheet: 16.1 x 10.7cm (6 5/16 x 4 3/16\"")""}",,,"{""Topic"": ""Costume\\Headgear\\Hat\nCostume\\Dress Accessory\\Eyeglasses\nBenjamin Franklin: Male\nBenjamin Franklin: Arts and Culture\\Literature\\Writer\nBenjamin Franklin: Politics and Government\\Statesman\\Colonial statesman\nBenjamin Franklin: Politics and Government\\Government official\\Congressman\\Continental congressman\nBenjamin Franklin: Politics and Government\\Statesman\\Colonial statesman\\Signer of Declaration\nBenjamin Franklin: Science and Technology\\Scientist\nBenjamin Franklin: Politics and Government\\Diplomat\nBenjamin Franklin: Social Welfare and Reform\\Philanthropist\nBenjamin Franklin: Science and Technology\\Inventor\nBenjamin Franklin: Business and Finance\\Tradesman\\Printer\nBenjamin Franklin: Politics and Government\\Government official\\Postmaster\nPortrait""}","[""1790s""]","[""Harrison, William"", ""Franklin, Benjamin""]","[""Prints""]",,"[""Social Welfare and Reform"", ""Business and Finance"", ""Legislators"", ""Arts and Culture"", ""Writers"", ""Dress accessories"", ""Printer"", ""Eyeglasses"", ""Colonial statesman"", ""Statesman"", ""Signer of Declaration"", ""Public officers"", ""Diplomats"", ""Literature"", ""Congressmen"", ""Government"", ""Diplomacy"", ""Portraits"", ""Tradesman"", ""Headgear"", ""Continental congressman"", ""Science and Technology"", ""Inventors"", ""Costume"", ""Men"", ""Philanthropists"", ""Hats"", ""Politics"", ""Scientists"", ""Postmasters""]",1,"[""https://ids.si.edu/ids/deliveryService?id=NPG-S_NPG_77_83""]","https://ids.si.edu/ids/iiif/NPG-S_NPG_77_83/full/250,/0/default.jpg",Benjamin Franklin,William Harrison,1797,men,Writers
241,https://collections.si.edu/search/detail/edanmdm:npg_S_NPG.77.82,NPG,edanmdm:npg_S_NPG.77.82,George Washington,"{""Credit Line"": ""National Portrait Gallery, Smithsonian Institution""}","{""Date"": ""1800""}","{""Object number"": ""S/NPG.77.82""}","{""Artist"": ""William Harrison, Jr., active 1797 - c. 1819"", ""Sitter"": ""George Washington, 22 Feb 1732 - 14 Dec 1799""}",,"{""Type"": ""Print""}","{""Medium"": ""Stipple engraving on paper"", ""Dimensions"": ""Image: 11 x 8.2cm (4 5/16 x 3 1/4\"")\nSheet: 16 x 8.5cm (6 5/16 x 3 3/8\"")""}",,,"{""Topic"": ""Costume\\Dress Accessory\\Epaulet\nIllustration\nGeorge Washington: Male\nGeorge Washington: Military and Intelligence\\Army\\Officer\\Revolutionary War\nGeorge Washington: Politics and Government\\Statesman\\Colonial statesman\nGeorge Washington: Business and Finance\\Natural resources commerce\\Agriculturist\\Farmer\nGeorge Washington: Military and Intelligence\\Army\\Officer\\General\nGeorge Washington: Politics and Government\\Government official\\President of US\nGeorge Washington: Science and Technology\\Surveyor\nGeorge Washington: Civilian awards\\Congressional Gold Medal\nPortrait""}","[""1800s""]","[""United States. Army"", ""Harrison, William"", ""Washington, George""]","[""Prints""]","[""United States""]","[""Business and Finance"", ""Congressional Gold Medal"", ""Farmers"", ""Illustration"", ""Government"", ""Natural resources commerce"", ""Dress accessories"", ""Portraits"", ""Civilian awards"", ""Science and Technology"", ""Colonial statesman"", ""Agriculturists"", ""Statesman"", ""Surveyors"", ""Costume"", ""Military and Intelligence"", ""Men"", ""American Revolution (1775-1783)"", ""Public officers"", ""Politics"", ""Presidents"", ""Officer""]",0,,,George Washington,William Harrison,1800,men,
244,https://collections.si.edu/search/detail/edanmdm:npg_S_NPG.77.2,NPG,edanmdm:npg_S_NPG.77.2,John Adams,"{""Credit Line"": ""National Portrait Gallery, Smithsonian Institution""}","{""Date"": ""1797""}","{""Object number"": ""S/NPG.77.2""}","{""Artist"": ""Henry H. Houston, active 1796 - c.1798"", ""Sitter"": ""John Adams, 30 Oct 1735 - 4 Jul 1826""}",,"{""Type"": ""Print""}","{""Medium"": ""Stipple engraving on paper"", ""Dimensions"": ""Image: 8.9 x 7.5cm (3 1/2 x 2 15/16\"")\nSheet: 23.1 x 15cm (9 1/8 x 5 7/8\"")""}",,,"{""Topic"": ""John Adams: Male\nJohn Adams: Arts and Culture\\Literature\\Writer\nJohn Adams: Politics and Government\\Government official\\Congressman\\Continental congressman\nJohn Adams: Politics and Government\\Statesman\\Colonial statesman\\Signer of Declaration\nJohn Adams: Politics and Government\\Vice-President of US\nJohn Adams: Politics and Government\\Diplomat\nJohn Adams: Politics and Government\\Government official\\President of US\nJohn Adams: Politics and Government\\Government official\\State Legislator\\Massachusetts\nPortrait""}","[""1790s""]","[""Houston, Henry H."", ""Adams, John""]","[""Prints""]","[""United States"", ""Massachusetts""]","[""Legislators"", ""Arts and Culture"", ""Literature"", ""Congressmen"", ""Writers"", ""Government"", ""Diplomacy"", ""Portraits"", ""Continental congressman"", ""Colonial statesman"", ""Statesman"", ""Men"", ""Signer of Declaration"", ""Public officers"", ""Politics"", ""Vice-Presidents"", ""Diplomats"", ""Presidents""]",1,"[""https://ids.si.edu/ids/deliveryService?id=NPG-S-NPG_77_2""]","https://ids.si.edu/ids/iiif/NPG-S-NPG_77_2/full/250,/0/default.jpg",John Adams,Henry H. Houston,1797,men,Writers
247,https://collections.si.edu/search/detail/edanmdm:npg_S_NPG.77.136.1.f,NPG,edanmdm:npg_S_NPG.77.136.1.f,George Washington,"{""Credit Line"": ""National Portrait Gallery, Smithsonian Institution""}","{""Date"": ""1814""}","{""Object number"": ""S/NPG.77.136.1.f""}","{""Artist"": ""William Satchwell Leney, 16 Jan 1769 - 26 Nov 1831"", ""Copy after"": ""Joseph Wood, c. 1778 - 1830\nJean-Antoine Houdon, 1741 - 1828"", ""Publisher"": ""Joseph Delaplaine, 20 Dec 1777 - 31 May 1824"", ""Sitter"": ""George Washington, 22 Feb 1732 - 14 Dec 1799""}",,"{""Type"": ""Print""}","{""Medium"": ""Engraving on paper"", ""Dimensions"": ""Sheet: 12.6 x 10.2cm (4 15/16 x 4\"")""}",,,"{""Topic"": ""George Washington: Male\nGeorge Washington: Military and Intelligence\\Army\\Officer\\Revolutionary War\nGeorge Washington: Politics and Government\\Statesman\\Colonial statesman\nGeorge Washington: Business and Finance\\Natural resources commerce\\Agriculturist\\Farmer\nGeorge Washington: Military and Intelligence\\Army\\Officer\\General\nGeorge Washington: Politics and Government\\Government official\\President of US\nGeorge Washington: Science and Technology\\Surveyor\nGeorge Washington: Civilian awards\\Congressional Gold Medal\nPortrait""}","[""1810s""]","[""United States. Army"", ""Leney, William Satchwell"", ""Washington, George"", ""Houdon, Jean-Antoine"", ""Delaplaine, Joseph"", ""Wood, Joseph""]","[""Prints""]","[""United States""]","[""Business and Finance"", ""Congressional Gold Medal"", ""Farmers"", ""Government"", ""Natural resources commerce"", ""Portraits"", ""Civilian awards"", ""Science and Technology"", ""Colonial statesman"", ""Agriculturists"", ""Statesman"", ""Surveyors"", ""Military and Intelligence"", ""Men"", ""American Revolution (1775-1783)"", ""Public officers"", ""Politics"", ""Presidents"", ""Officer""]",1,"[""https://ids.si.edu/ids/deliveryService?id=NPG-S-NPG_77_136_1_f""]","https://ids.si.edu/ids/iiif/NPG-S-NPG_77_136_1_f/full/250,/0/default.jpg",George Washington,William Satchwell Leney,1814,men,
248,https://collections.si.edu/search/detail/edanmdm:npg_S_NPG.77.105,NPG,edanmdm:npg_S_NPG.77.105,George Washington,"{""Credit Line"": ""National Portrait Gallery, Smithsonian Institution""}","{""Date"": ""1810""}","{""Object number"": ""S/NPG.77.105""}","{""Artist"": ""William Kneass, 1780 - 1840"", ""Sitter"": ""George Washington, 22 Feb 1732 - 14 Dec 1799""}",,"{""Type"": ""Print""}","{""Medium"": ""Stipple engraving on paper"", ""Dimensions"": ""Image: 1.6 x 1.2cm (5/8 x 1/2\"")\nSheet: 4 x 4.1cm (1 9/16 x 1 5/8\"")""}",,,"{""Topic"": ""Personal Attribute\\Facial Hair\nCostume\\Dress Accessory\\Epaulet\nGeorge Washington: Male\nGeorge Washington: Military and Intelligence\\Army\\Officer\\Revolutionary War\nGeorge Washington: Politics and Government\\Statesman\\Colonial statesman\nGeorge Washington: Business and Finance\\Natural resources commerce\\Agriculturist\\Farmer\nGeorge Washington: Military and Intelligence\\Army\\Officer\\General\nGeorge Washington: Politics and Government\\Government official\\President of US\nGeorge Washington: Science and Technology\\Surveyor\nGeorge Washington: Civilian awards\\Congressional Gold Medal\nPortrait""}","[""1810s""]","[""United States. Army"", ""Washington, George"", ""Kneass, William""]","[""Prints""]","[""United States""]","[""Business and Finance"", ""Congressional Gold Medal"", ""Farmers"", ""Government"", ""Natural resources commerce"", ""Dress accessories"", ""Portraits"", ""Facial Hair"", ""Civilian awards"", ""Science and Technology"", ""Colonial statesman"", ""Agriculturists"", ""Statesman"", ""Surveyors"", ""Costume"", ""Military and Intelligence"", ""Men"", ""American Revolution (1775-1783)"", ""Public officers"", ""Politics"", ""Presidents"", ""Officer""]",1,"[""https://ids.si.edu/ids/deliveryService?id=NPG-S-NPG_77_105""]","https://ids.si.edu/ids/iiif/NPG-S-NPG_77_105/full/250,/0/default.jpg",George Washington,William Kneass,1810,men,
249,https://collections.si.edu/search/detail/edanmdm:npg_S_NPG.77.104,NPG,edanmdm:npg_S_NPG.77.104,George Washington,"{""Credit Line"": ""National Portrait Gallery, Smithsonian Institution""}","{""Date"": ""1800""}","{""Object number"": ""S/NPG.77.104""}","{""Artist"": ""Cornelius Tiebout, 1777 - 1832"", ""Copy after"": ""Gilbert Stuart, 3 Dec 1755 - 9 Jul 1828"", ""Sitter"": ""George Washington, 22 Feb 1732 - 14 Dec 1799""}",,"{""Type"": ""Print""}","{""Medium"": ""Stipple engraving on paper"", ""Dimensions"": ""Image: 8.8 \u00d7 6.9 cm (3 7/16 \u00d7 2 11/16\"")\nSheet/Mount: 29.2 \u00d7 24.5 cm (11 1/2 \u00d7 9 5/8\"")""}",,,"{""Topic"": ""George Washington: Male\nGeorge Washington: Military and Intelligence\\Army\\Officer\\Revolutionary War\nGeorge Washington: Politics and Government\\Statesman\\Colonial statesman\nGeorge Washington: Business and Finance\\Natural resources commerce\\Agriculturist\\Farmer\nGeorge Washington: Military and Intelligence\\Army\\Officer\\General\nGeorge Washington: Politics and Government\\Government official\\President of US\nGeorge Washington: Science and Technology\\Surveyor\nGeorge Washington: Civilian awards\\Congressional Gold Medal\nPortrait""}","[""1800s""]","[""United States. Army"", ""Washington, George"", ""Tiebout, Cornelius"", ""Stuart, Gilbert""]","[""Prints""]","[""United States""]","[""Business and Finance"", ""Congressional Gold Medal"", ""Farmers"", ""Government"", ""Natural resources commerce"", ""Portraits"", ""Civilian awards"", ""Science and Technology"", ""Colonial statesman"", ""Agriculturists"", ""Statesman"", ""Surveyors"", ""Military and Intelligence"", ""Men"", ""American Revolution (1775-1783)"", ""Public officers"", ""Politics"", ""Presidents"", ""Officer""]",1,"[""https://ids.si.edu/ids/deliveryService?id=NPG-S-NPG_77_104""]","https://ids.si.edu/ids/iiif/NPG-S-NPG_77_104/full/250,/0/default.jpg",George Washington,Cornelius Tiebout,1800,men,
252,https://collections.si.edu/search/detail/edanmdm:npg_S_NPG.76.34,NPG,edanmdm:npg_S_NPG.76.34,Anthony Wayne,"{""Credit Line"": ""National Portrait Gallery, Smithsonian Institution""}","{""Date"": ""1782""}","{""Object number"": ""S/NPG.76.34""}","{""Artist"": ""John Norman, c. 1748 - 1817"", ""Sitter"": ""Anthony Wayne, 1 Jan 1745 - 15 Dec 1796""}",,"{""Type"": ""Print""}","{""Medium"": ""Etching and engraving on paper"", ""Dimensions"": ""Image: 8.5 \u00d7 6.3 cm (3 3/8 \u00d7 2 1/2\"")\nSheet: 16.5 \u00d7 9.5 cm (6 1/2 \u00d7 3 3/4\"")""}",,,"{""Topic"": ""Anthony Wayne: Male\nAnthony Wayne: Military and Intelligence\\Army\\Officer\\Revolutionary War\nAnthony Wayne: Military and Intelligence\\Navy\\Officer\nAnthony Wayne: Military and Intelligence\\Army\\Officer\\Brigadier General\nAnthony Wayne: Politics and Government\\Government official\\US Congressman\\Georgia\nAnthony Wayne: Science and Technology\\Surveyor\nAnthony Wayne: Politics and Government\\Government official\\State Legislator\\Pennsylvania\nAnthony Wayne: Civilian awards\\Congressional Gold Medal\nPortrait""}","[""1780s""]","[""United States. Army"", ""United States. Navy"", ""Norman, John"", ""Wayne, Anthony""]","[""Prints""]","[""United States"", ""Georgia"", ""Pennsylvania""]","[""Legislators"", ""Congressional Gold Medal"", ""Congressmen"", ""Government"", ""Portraits"", ""Civilian awards"", ""Brigadier General"", ""Science and Technology"", ""Surveyors"", ""Military and Intelligence"", ""Men"", ""American Revolution (1775-1783)"", ""Public officers"", ""Politics"", ""Officer""]",1,"[""https://ids.si.edu/ids/deliveryService?id=NPG-S-NPG_76_34""]","https://ids.si.edu/ids/iiif/NPG-S-NPG_76_34/full/250,/0/default.jpg",Anthony Wayne,John Norman,1782,men,
253,https://collections.si.edu/search/detail/edanmdm:npg_S_NPG.76.33,NPG,edanmdm:npg_S_NPG.76.33,George Washington,"{""Credit Line"": ""National Portrait Gallery, Smithsonian Institution""}","{""Date"": ""c. 1800""}","{""Object number"": ""S/NPG.76.33""}","{""Artist"": ""Benjamin Tanner, 1775 - 1848"", ""Copy after"": ""Edward Savage, 26 Nov 1761 - 6 Jul 1817"", ""Sitter"": ""George Washington, 22 Feb 1732 - 14 Dec 1799""}",,"{""Type"": ""Print""}","{""Medium"": ""Stipple engraving on paper"", ""Dimensions"": ""Image: 13.5 \u00d7 10.2 cm (5 5/16 \u00d7 4\"")\nSheet: 28.6 \u00d7 21.7 cm (11 1/4 \u00d7 8 9/16\"")""}",,,"{""Topic"": ""Costume\\Dress Accessory\\Epaulet\nGeorge Washington: Male\nGeorge Washington: Military and Intelligence\\Army\\Officer\\Revolutionary War\nGeorge Washington: Politics and Government\\Statesman\\Colonial statesman\nGeorge Washington: Business and Finance\\Natural resources commerce\\Agriculturist\\Farmer\nGeorge Washington: Military and Intelligence\\Army\\Officer\\General\nGeorge Washington: Politics and Government\\Government official\\President of US\nGeorge Washington: Science and Technology\\Surveyor\nGeorge Washington: Civilian awards\\Congressional Gold Medal\nPortrait""}","[""1800s""]","[""Savage, Edward"", ""United States. Army"", ""Washington, George"", ""Tanner, Benjamin Tucker""]","[""Prints""]","[""United States""]","[""Business and Finance"", ""Congressional Gold Medal"", ""Farmers"", ""Government"", ""Natural resources commerce"", ""Dress accessories"", ""Portraits"", ""Civilian awards"", ""Science and Technology"", ""Colonial statesman"", ""Agriculturists"", ""Statesman"", ""Surveyors"", ""Costume"", ""Military and Intelligence"", ""Men"", ""American Revolution (1775-1783)"", ""Public officers"", ""Politics"", ""Presidents"", ""Officer""]",1,"[""https://ids.si.edu/ids/deliveryService?id=NPG-S-NPG_76_33""]","https://ids.si.edu/ids/iiif/NPG-S-NPG_76_33/full/250,/0/default.jpg",George Washington,Benjamin Tanner,1800,men,
254,https://collections.si.edu/search/detail/edanmdm:npg_S_NPG.76.32,NPG,edanmdm:npg_S_NPG.76.32,George Washington,"{""Credit Line"": ""National Portrait Gallery, Smithsonian Institution""}","{""Date"": ""1795""}","{""Object number"": ""S/NPG.76.32""}","{""Artist"": ""John Scoles, 1793 - 1844?"", ""Publisher"": ""Smith, Reed & Wayland"", ""Sitter"": ""George Washington, 22 Feb 1732 - 14 Dec 1799""}",,"{""Type"": ""Print""}","{""Medium"": ""Etching and engraving on paper"", ""Dimensions"": ""Image: 12.7 \u00d7 10 cm (5 \u00d7 3 15/16\"")\nSheet: 21.5 \u00d7 13.3 cm (8 7/16 \u00d7 5 1/4\"")""}",,,"{""Topic"": ""Home Furnishings\\Furniture\\Seating\\Chair\nPrinted Material\\Document\nHome Furnishings\\Furniture\\Table\nPrinted Material\\Map\nGeorge Washington: Male\nGeorge Washington: Military and Intelligence\\Army\\Officer\\Revolutionary War\nGeorge Washington: Politics and Government\\Statesman\\Colonial statesman\nGeorge Washington: Business and Finance\\Natural resources commerce\\Agriculturist\\Farmer\nGeorge Washington: Military and Intelligence\\Army\\Officer\\General\nGeorge Washington: Politics and Government\\Government official\\President of US\nGeorge Washington: Science and Technology\\Surveyor\nGeorge Washington: Civilian awards\\Congressional Gold Medal\nPortrait""}","[""1790s""]","[""United States. Army"", ""Washington, George"", ""Scoles, John"", ""Smith, Reed & Wayland""]","[""Maps"", ""Prints""]","[""United States""]","[""Business and Finance"", ""Natural resources commerce"", ""Home Furnishings"", ""Printed Material"", ""Colonial statesman"", ""Statesman"", ""Chairs"", ""Seating"", ""Military and Intelligence"", ""Tables"", ""American Revolution (1775-1783)"", ""Public officers"", ""Presidents"", ""Congressional Gold Medal"", ""Farmers"", ""Government"", ""Portraits"", ""Civilian awards"", ""Furnishings"", ""Science and Technology"", ""Agriculturists"", ""Surveyors"", ""Men"", ""Politics"", ""Officer""]",1,"[""https://ids.si.edu/ids/deliveryService?id=NPG-S-NPG_76_32""]","https://ids.si.edu/ids/iiif/NPG-S-NPG_76_32/full/250,/0/default.jpg",George Washington,John Scoles,1795,men,
255,https://collections.si.edu/search/detail/edanmdm:npg_S_NPG.76.31,NPG,edanmdm:npg_S_NPG.76.31,George Washington,"{""Credit Line"": ""National Portrait Gallery, Smithsonian Institution""}","{""Date"": ""1796""}","{""Object number"": ""S/NPG.76.31""}","{""Artist"": ""William Rollinson, 1762 - 1842"", ""Publisher"": ""Reid"", ""Sitter"": ""George Washington, 22 Feb 1732 - 14 Dec 1799""}",,"{""Type"": ""Print""}","{""Medium"": ""Stipple engraving on paper"", ""Dimensions"": ""Image: 10.2 \u00d7 8 cm (4 \u00d7 3 1/8\"")\nSheet: 20.7 \u00d7 13 cm (8 1/8 \u00d7 5 1/8\"")""}",,,"{""Topic"": ""Costume\\Dress Accessory\\Epaulet\nGeorge Washington: Male\nGeorge Washington: Military and Intelligence\\Army\\Officer\\Revolutionary War\nGeorge Washington: Politics and Government\\Statesman\\Colonial statesman\nGeorge Washington: Business and Finance\\Natural resources commerce\\Agriculturist\\Farmer\nGeorge Washington: Military and Intelligence\\Army\\Officer\\General\nGeorge Washington: Politics and Government\\Government official\\President of US\nGeorge Washington: Science and Technology\\Surveyor\nGeorge Washington: Civilian awards\\Congressional Gold Medal\nPortrait""}","[""1790s""]","[""United States. Army"", ""Rollinson, William"", ""Washington, George"", ""Reid""]","[""Prints""]","[""United States""]","[""Business and Finance"", ""Congressional Gold Medal"", ""Farmers"", ""Government"", ""Natural resources commerce"", ""Dress accessories"", ""Portraits"", ""Civilian awards"", ""Science and Technology"", ""Colonial statesman"", ""Agriculturists"", ""Statesman"", ""Surveyors"", ""Costume"", ""Military and Intelligence"", ""Men"", ""American Revolution (1775-1783)"", ""Public officers"", ""Politics"", ""Presidents"", ""Officer""]",1,"[""https://ids.si.edu/ids/deliveryService?id=NPG-S-NPG_76_31""]","https://ids.si.edu/ids/iiif/NPG-S-NPG_76_31/full/250,/0/default.jpg",George Washington,William Rollinson,1796,men,
256,https://collections.si.edu/search/detail/edanmdm:npg_S_NPG.76.30,NPG,edanmdm:npg_S_NPG.76.30,George Washington,"{""Credit Line"": ""National Portrait Gallery, Smithsonian Institution""}","{""Date"": ""1781""}","{""Object number"": ""S/NPG.76.30""}","{""Artist"": ""John Norman, c. 1748 - 1817"", ""Sitter"": ""George Washington, 22 Feb 1732 - 14 Dec 1799""}",,"{""Type"": ""Print""}","{""Medium"": ""Etching and engraving"", ""Dimensions"": ""Image/Sheet: 17 \u00d7 9.8 cm (6 11/16 \u00d7 3 7/8\"")\nMount: 28.5 \u00d7 21.2 cm (11 1/4 \u00d7 8 3/8\"")""}",,,"{""Topic"": ""Weapon\\Cannon\nExterior\\Military Camp\nGeorge Washington: Male\nGeorge Washington: Military and Intelligence\\Army\\Officer\\Revolutionary War\nGeorge Washington: Politics and Government\\Statesman\\Colonial statesman\nGeorge Washington: Business and Finance\\Natural resources commerce\\Agriculturist\\Farmer\nGeorge Washington: Military and Intelligence\\Army\\Officer\\General\nGeorge Washington: Politics and Government\\Government official\\President of US\nGeorge Washington: Science and Technology\\Surveyor\nGeorge Washington: Civilian awards\\Congressional Gold Medal\nPortrait""}","[""1780s""]","[""United States. Army"", ""Washington, George"", ""Norman, John""]","[""Exterior views"", ""Prints""]","[""United States""]","[""Business and Finance"", ""Congressional Gold Medal"", ""Cannon"", ""Farmers"", ""Government"", ""Natural resources commerce"", ""Portraits"", ""Civilian awards"", ""Military Camp"", ""Science and Technology"", ""Colonial statesman"", ""Agriculturists"", ""Weapons"", ""Statesman"", ""Surveyors"", ""Military and Intelligence"", ""Men"", ""American Revolution (1775-1783)"", ""Public officers"", ""Politics"", ""Presidents"", ""Officer""]",1,"[""https://ids.si.edu/ids/deliveryService?id=NPG-S_NPG_76_30GW-000001""]","https://ids.si.edu/ids/iiif/NPG-S_NPG_76_30GW-000001/full/250,/0/default.jpg",George Washington,John Norman,1781,men,
266,https://collections.si.edu/search/detail/edanmdm:npg_S_NPG.76.25,NPG,edanmdm:npg_S_NPG.76.25,Benjamin Franklin,"{""Credit Line"": ""National Portrait Gallery, Smithsonian Institution""}","{""Date"": ""1796""}","{""Object number"": ""S/NPG.76.25""}","{""Artist"": ""John Scoles, 1793 - 1844?"", ""Sitter"": ""Benjamin Franklin, 17 Jan 1706 - 17 Apr 1790""}",,"{""Type"": ""Print""}","{""Medium"": ""Etching and engraving on paper"", ""Dimensions"": ""Image: 10 \u00d7 8 cm (3 15/16 \u00d7 3 1/8\"")\nSheet: 21 \u00d7 12.5 cm (8 1/4 \u00d7 4 15/16\"")""}",,,"{""Topic"": ""Costume\\Headgear\\Hat\nNature & Environment\\Clouds\nBenjamin Franklin: Male\nBenjamin Franklin: Arts and Culture\\Literature\\Writer\nBenjamin Franklin: Politics and Government\\Statesman\\Colonial statesman\nBenjamin Franklin: Politics and Government\\Government official\\Congressman\\Continental congressman\nBenjamin Franklin: Politics and Government\\Statesman\\Colonial statesman\\Signer of Declaration\nBenjamin Franklin: Science and Technology\\Scientist\nBenjamin Franklin: Politics and Government\\Diplomat\nBenjamin Franklin: Social Welfare and Reform\\Philanthropist\nBenjamin Franklin: Science and Technology\\Inventor\nBenjamin Franklin: Business and Finance\\Tradesman\\Printer\nBenjamin Franklin: Politics and Government\\Government official\\Postmaster\nPortrait""}","[""1790s""]","[""Scoles, John"", ""Franklin, Benjamin""]","[""Prints""]",,"[""Social Welfare and Reform"", ""Business and Finance"", ""Legislators"", ""Arts and Culture"", ""Clouds"", ""Writers"", ""Printer"", ""Colonial statesman"", ""Statesman"", ""Signer of Declaration"", ""Public officers"", ""Diplomats"", ""Nature"", ""Literature"", ""Congressmen"", ""Government"", ""Diplomacy"", ""Portraits"", ""Ecology"", ""Tradesman"", ""Headgear"", ""Continental congressman"", ""Science and Technology"", ""Inventors"", ""Costume"", ""Men"", ""Philanthropists"", ""Hats"", ""Politics"", ""Scientists"", ""Postmasters""]",1,"[""https://ids.si.edu/ids/deliveryService?id=NPG-S-NPG_76_25""]","https://ids.si.edu/ids/iiif/NPG-S-NPG_76_25/full/250,/0/default.jpg",Benjamin Franklin,John Scoles,1796,men,Writers
267,https://collections.si.edu/search/detail/edanmdm:npg_S_NPG.76.24,NPG,edanmdm:npg_S_NPG.76.24,Benjamin Franklin,"{""Credit Line"": ""National Portrait Gallery, Smithsonian Institution""}","{""Date"": ""1798""}","{""Object number"": ""S/NPG.76.24""}","{""Artist"": ""Samuel Allardice, 1698 - 1798?"", ""Sitter"": ""Benjamin Franklin, 17 Jan 1706 - 17 Apr 1790""}",,"{""Type"": ""Print""}","{""Medium"": ""Engraving on paper"", ""Dimensions"": ""Image: 10.5 x 8.6cm (4 1/8 x 3 3/8\"")\nSheet: 17.5 x 10.5cm (6 7/8 x 4 1/8\"")""}",,,"{""Topic"": ""Illustration\nBenjamin Franklin: Male\nBenjamin Franklin: Arts and Culture\\Literature\\Writer\nBenjamin Franklin: Politics and Government\\Statesman\\Colonial statesman\nBenjamin Franklin: Politics and Government\\Government official\\Congressman\\Continental congressman\nBenjamin Franklin: Politics and Government\\Statesman\\Colonial statesman\\Signer of Declaration\nBenjamin Franklin: Science and Technology\\Scientist\nBenjamin Franklin: Politics and Government\\Diplomat\nBenjamin Franklin: Social Welfare and Reform\\Philanthropist\nBenjamin Franklin: Science and Technology\\Inventor\nBenjamin Franklin: Business and Finance\\Tradesman\\Printer\nBenjamin Franklin: Politics and Government\\Government official\\Postmaster\nPortrait""}","[""1790s""]","[""Allardice, Samuel"", ""Franklin, Benjamin""]","[""Prints""]",,"[""Social Welfare and Reform"", ""Business and Finance"", ""Legislators"", ""Arts and Culture"", ""Writers"", ""Illustration"", ""Printer"", ""Colonial statesman"", ""Statesman"", ""Signer of Declaration"", ""Public officers"", ""Diplomats"", ""Literature"", ""Congressmen"", ""Government"", ""Diplomacy"", ""Portraits"", ""Tradesman"", ""Continental congressman"", ""Science and Technology"", ""Inventors"", ""Men"", ""Philanthropists"", ""Politics"", ""Scientists"", ""Postmasters""]",1,"[""https://ids.si.edu/ids/deliveryService?id=NPG-S-NPG_76_24""]","https://ids.si.edu/ids/iiif/NPG-S-NPG_76_24/full/250,/0/default.jpg",Benjamin Franklin,Samuel Allardice,1798,men,Writers
269,https://collections.si.edu/search/detail/edanmdm:npg_S_NPG.76.22,NPG,edanmdm:npg_S_NPG.76.22,Samuel Adams,"{""Credit Line"": ""National Portrait Gallery, Smithsonian Institution""}","{""Date"": ""1781""}","{""Object number"": ""S/NPG.76.22""}","{""Artist"": ""John Norman, c. 1748 - 1817"", ""Sitter"": ""Samuel Adams, 27 Sep 1722 - 2 Oct 1803""}",,"{""Type"": ""Print""}","{""Medium"": ""Etching and engraving on paper"", ""Dimensions"": ""Image: 7.7 \u00d7 6 cm (3 1/16 \u00d7 2 3/8\"")\nSheet: 22 \u00d7 13.2 cm (8 11/16 \u00d7 5 3/16\"")""}",,,"{""Topic"": ""Equipment\\Scale\\Balance\nSamuel Adams: Male\nSamuel Adams: Politics and Government\\Government official\\Congressman\\Continental congressman\nSamuel Adams: Politics and Government\\Statesman\\Colonial statesman\\Signer of Declaration\nSamuel Adams: Politics and Government\\Government official\\Governor\\Massachusetts\nSamuel Adams: Politics and Government\\Government official\\Lieutenant Governor\\Massachusetts\nPortrait""}","[""1780s""]","[""Norman, John"", ""Adams, Samuel""]","[""Prints""]","[""Massachusetts""]","[""Legislators"", ""Congressmen"", ""Government"", ""Portraits"", ""Scale"", ""Governors"", ""Continental congressman"", ""Colonial statesman"", ""Statesman"", ""Men"", ""Signer of Declaration"", ""Public officers"", ""Politics"", ""Lieutenant Governor""]",1,"[""https://ids.si.edu/ids/deliveryService?id=NPG-S_NPG_76_22""]","https://ids.si.edu/ids/iiif/NPG-S_NPG_76_22/full/250,/0/default.jpg",Samuel Adams,John Norman,1781,men,
270,https://collections.si.edu/search/detail/edanmdm:npg_S_NPG.76.13,NPG,edanmdm:npg_S_NPG.76.13,George Washington,"{""Credit Line"": ""National Portrait Gallery, Smithsonian Institution; gift of the Essex Institute""}","{""Date"": ""1794 (c. 1907 restrike)""}","{""Object number"": ""S/NPG.76.13""}","{""Artist"": ""Joseph Hiller, Jr., 1777 - 1795"", ""Copy after"": ""Joseph Wright, 16 Jul 1756 - c. 11 Oct 1793"", ""Sitter"": ""George Washington, 22 Feb 1732 - 14 Dec 1799""}",,"{""Type"": ""Print""}","{""Medium"": ""Drypoint on paper"", ""Dimensions"": ""Image: 14.3 x 4.9cm (5 5/8 x 1 15/16\"")\nSheet: 24.1 x 7.6cm (9 1/2 x 3\"")""}",,,"{""Topic"": ""George Washington: Male\nGeorge Washington: Military and Intelligence\\Army\\Officer\\Revolutionary War\nGeorge Washington: Politics and Government\\Statesman\\Colonial statesman\nGeorge Washington: Business and Finance\\Natural resources commerce\\Agriculturist\\Farmer\nGeorge Washington: Military and Intelligence\\Army\\Officer\\General\nGeorge Washington: Politics and Government\\Government official\\President of US\nGeorge Washington: Science and Technology\\Surveyor\nGeorge Washington: Civilian awards\\Congressional Gold Medal\nPortrait""}","[""1790s""]","[""United States. Army"", ""Hiller, Joseph"", ""Washington, George"", ""Wright, Joseph""]","[""Prints""]","[""United States""]","[""Business and Finance"", ""Congressional Gold Medal"", ""Farmers"", ""Government"", ""Natural resources commerce"", ""Portraits"", ""Civilian awards"", ""Science and Technology"", ""Colonial statesman"", ""Agriculturists"", ""Statesman"", ""Surveyors"", ""Military and Intelligence"", ""Men"", ""American Revolution (1775-1783)"", ""Public officers"", ""Politics"", ""Presidents"", ""Officer""]",3,"[""https://ids.si.edu/ids/deliveryService?id=NPG-S-NPG_76_13_a"", ""https://ids.si.edu/ids/deliveryService?id=NPG-S-NPG_76_13_b"", ""https://ids.si.edu/ids/deliveryService?id=NPG-S-NPG_76_13_c""]","https://ids.si.edu/ids/iiif/NPG-S-NPG_76_13_a/full/250,/0/default.jpg",George Washington,Joseph Hiller,1794,men,
273,https://collections.si.edu/search/detail/edanmdm:npg_S_NPG.75.28.2.k,NPG,edanmdm:npg_S_NPG.75.28.2.k,Horatio Gates,"{""Credit Line"": ""National Portrait Gallery, Smithsonian Institution""}","{""Date"": ""c. 1782""}","{""Object number"": ""S/NPG.75.28.2.k""}","{""Artist"": ""Robert Pollard, 1755 - 1838"", ""Sitter"": ""Horatio Gates, 1727 - 1806""}",,"{""Type"": ""Print""}","{""Medium"": ""Engraving on paper"", ""Dimensions"": ""Sheet: 20.5 x 12.3cm (8 1/16 x 4 13/16\"")""}","{""Place"": ""United Kingdom\\England""}",,"{""Topic"": ""Horatio Gates: Male\nHoratio Gates: Politics and Government\\Government official\\State Legislator\\New York\nHoratio Gates: Military and Intelligence\\Army\\Officer\\Revolutionary War\nHoratio Gates: Civilian awards\\Congressional Gold Medal\nPortrait""}","[""1770s"", ""1780s""]","[""United States. Army"", ""Pollard, Robert"", ""Gates, Horatio""]","[""Prints""]","[""New York"", ""United States"", ""Europe"", ""England"", ""United Kingdom""]","[""Legislators"", ""Congressional Gold Medal"", ""Government"", ""Military and Intelligence"", ""Men"", ""Portraits"", ""Public officers"", ""American Revolution (1775-1783)"", ""Politics"", ""Civilian awards"", ""Officer""]",1,"[""https://ids.si.edu/ids/deliveryService?id=NPG-S_NPG_75_28_2_k""]","https://ids.si.edu/ids/iiif/NPG-S_NPG_75_28_2_k/full/250,/0/default.jpg",Horatio Gates,Robert Pollard,1782,men,
289,https://collections.si.edu/search/detail/edanmdm:npg_S_NPG.75.28.1.f,NPG,edanmdm:npg_S_NPG.75.28.1.f,George Washington,"{""Credit Line"": ""National Portrait Gallery, Smithsonian Institution""}","{""Date"": ""c. 1782""}","{""Object number"": ""S/NPG.75.28.1.f""}","{""Artist"": ""Robert Pollard, 1755 - 1838"", ""Sitter"": ""George Washington, 22 Feb 1732 - 14 Dec 1799""}",,"{""Type"": ""Print""}","{""Medium"": ""Engraving on paper"", ""Dimensions"": ""Sheet: 20.5 x 12.3cm (8 1/16 x 4 13/16\"")""}","{""Place"": ""United Kingdom\\England""}",,"{""Topic"": ""George Washington: Male\nGeorge Washington: Military and Intelligence\\Army\\Officer\\Revolutionary War\nGeorge Washington: Politics and Government\\Statesman\\Colonial statesman\nGeorge Washington: Business and Finance\\Natural resources commerce\\Agriculturist\\Farmer\nGeorge Washington: Military and Intelligence\\Army\\Officer\\General\nGeorge Washington: Politics and Government\\Government official\\President of US\nGeorge Washington: Science and Technology\\Surveyor\nGeorge Washington: Civilian awards\\Congressional Gold Medal\nPortrait""}","[""1770s"", ""1780s""]","[""United States. Army"", ""Washington, George"", ""Pollard, Robert""]","[""Prints""]","[""United States"", ""Europe"", ""England"", ""United Kingdom""]","[""Business and Finance"", ""Congressional Gold Medal"", ""Farmers"", ""Government"", ""Natural resources commerce"", ""Portraits"", ""Civilian awards"", ""Science and Technology"", ""Colonial statesman"", ""Agriculturists"", ""Statesman"", ""Surveyors"", ""Military and Intelligence"", ""Men"", ""American Revolution (1775-1783)"", ""Public officers"", ""Politics"", ""Presidents"", ""Officer""]",1,"[""https://ids.si.edu/ids/deliveryService?id=NPG-S_NPG_75_28_1_f""]","https://ids.si.edu/ids/iiif/NPG-S_NPG_75_28_1_f/full/250,/0/default.jpg",George Washington,Robert Pollard,1782,men,
290,https://collections.si.edu/search/detail/edanmdm:npg_S_NPG.75.28.1.e,NPG,edanmdm:npg_S_NPG.75.28.1.e,John Hancock,"{""Credit Line"": ""National Portrait Gallery, Smithsonian Institution""}","{""Date"": ""c. 1782""}","{""Object number"": ""S/NPG.75.28.1.e""}","{""Artist"": ""Robert Pollard, 1755 - 1838"", ""Sitter"": ""John Hancock, 12 Jan 1737 - 8 Oct 1793""}",,"{""Type"": ""Print""}","{""Medium"": ""Engraving on paper"", ""Dimensions"": ""Sheet: 20.5 x 12.3cm (8 1/16 x 4 13/16\"")""}","{""Place"": ""United Kingdom\\England""}",,"{""Topic"": ""John Hancock: Male\nJohn Hancock: Politics and Government\\Statesman\\Colonial statesman\nJohn Hancock: Politics and Government\\Statesman\\Colonial statesman\\Signer of Declaration\nJohn Hancock: Politics and Government\\Government official\\Governor\\Massachusetts\nJohn Hancock: Business and Finance\\Businessperson\\Merchant\nPortrait""}","[""1770s"", ""1780s""]","[""Hancock, John"", ""Pollard, Robert""]","[""Prints""]","[""Europe"", ""Massachusetts"", ""England"", ""United Kingdom""]","[""Business and Finance"", ""Colonial statesman"", ""Merchants"", ""Statesman"", ""Government"", ""Businessperson"", ""Men"", ""Signer of Declaration"", ""Portraits"", ""Public officers"", ""Politics"", ""Governors""]",1,"[""https://ids.si.edu/ids/deliveryService?id=NPG-7510044B_05""]","https://ids.si.edu/ids/iiif/NPG-7510044B_05/full/250,/0/default.jpg",John Hancock,Robert Pollard,1782,men,
292,https://collections.si.edu/search/detail/edanmdm:npg_S_NPG.75.28.1.c,NPG,edanmdm:npg_S_NPG.75.28.1.c,Benjamin Franklin,"{""Credit Line"": ""National Portrait Gallery, Smithsonian Institution""}","{""Date"": ""c. 1782""}","{""Object number"": ""S/NPG.75.28.1.c""}","{""Artist"": ""Robert Pollard, 1755 - 1838"", ""Sitter"": ""Benjamin Franklin, 17 Jan 1706 - 17 Apr 1790""}",,"{""Type"": ""Print""}","{""Medium"": ""Engraving on paper"", ""Dimensions"": ""Sheet: 20.5 x 12.3cm (8 1/16 x 4 13/16\"")""}","{""Place"": ""United Kingdom\\England""}",,"{""Topic"": ""Benjamin Franklin: Male\nBenjamin Franklin: Arts and Culture\\Literature\\Writer\nBenjamin Franklin: Politics and Government\\Statesman\\Colonial statesman\nBenjamin Franklin: Politics and Government\\Government official\\Congressman\\Continental congressman\nBenjamin Franklin: Politics and Government\\Statesman\\Colonial statesman\\Signer of Declaration\nBenjamin Franklin: Science and Technology\\Scientist\nBenjamin Franklin: Politics and Government\\Diplomat\nBenjamin Franklin: Social Welfare and Reform\\Philanthropist\nBenjamin Franklin: Science and Technology\\Inventor\nBenjamin Franklin: Business and Finance\\Tradesman\\Printer\nBenjamin Franklin: Politics and Government\\Government official\\Postmaster\nPortrait""}","[""1770s"", ""1780s""]","[""Pollard, Robert"", ""Franklin, Benjamin""]","[""Prints""]","[""Europe"", ""England"", ""United Kingdom""]","[""Social Welfare and Reform"", ""Business and Finance"", ""Legislators"", ""Arts and Culture"", ""Writers"", ""Printer"", ""Colonial statesman"", ""Statesman"", ""Signer of Declaration"", ""Public officers"", ""Diplomats"", ""Literature"", ""Congressmen"", ""Government"", ""Diplomacy"", ""Portraits"", ""Tradesman"", ""Continental congressman"", ""Science and Technology"", ""Inventors"", ""Men"", ""Philanthropists"", ""Politics"", ""Scientists"", ""Postmasters""]",1,"[""https://ids.si.edu/ids/deliveryService?id=NPG-S_NPG_75_28_1_c""]","https://ids.si.edu/ids/iiif/NPG-S_NPG_75_28_1_c/full/250,/0/default.jpg",Benjamin Franklin,Robert Pollard,1782,men,Writers
683,https://collections.si.edu/search/detail/edanmdm:npg_S_NPG.74.39.15.44,NPG,edanmdm:npg_S_NPG.74.39.15.44,Benjamin West,"{""Credit Line"": ""National Portrait Gallery, Smithsonian Institution; gift of Mr. and Mrs. Paul Mellon""}","{""Date"": ""1798""}","{""Object number"": ""S/NPG.74.39.15.44""}","{""Artist"": ""Charles Balthazar Julien F\u00e9vret de Saint-M\u00e9min, 12 Mar 1770 - 23 Jun 1852"", ""Sitter"": ""Benjamin West, born mid 18th century""}",,"{""Type"": ""Print""}","{""Medium"": ""Engraving on paper"", ""Dimensions"": ""Image: 5.5 \u00d7 5.5 cm (2 3/16 \u00d7 2 3/16\"")\nSheet: 55 \u00d7 40 cm (21 5/8 \u00d7 15 3/4\"")""}",,,"{""Topic"": ""Benjamin West: Male\nBenjamin West: Business and Finance\\Businessperson\\Merchant\nPortrait""}","[""1790s""]","[""West, Benjamin"", ""Saint-Memin, Charles Balthazar Julien Fevret de""]","[""Prints""]",,"[""Business and Finance"", ""Merchants"", ""Businessperson"", ""Men"", ""Portraits""]",1,"[""https://ids.si.edu/ids/deliveryService?id=NPG-S_NPG_74_39_15_44West-000001""]","https://ids.si.edu/ids/iiif/NPG-S_NPG_74_39_15_44West-000001/full/250,/0/default.jpg",Benjamin West,Charles Balthazar Julien F\u00e9vret de Saint-M\u00e9min,1798,Men,
968,https://collections.si.edu/search/detail/edanmdm:npg_S_NPG.72.24,NPG,edanmdm:npg_S_NPG.72.24,Charles Willson Peale,"{""Credit Line"": ""National Portrait Gallery, Smithsonian Institution""}","{""Date"": ""1807""}","{""Object number"": ""S/NPG.72.24""}","{""Artist"": ""Charles Balthazar Julien F\u00e9vret de Saint-M\u00e9min, 12 Mar 1770 - 23 Jun 1852"", ""Sitter"": ""Charles Willson Peale, 15 Apr 1741 - 22 Feb 1827""}",,"{""Type"": ""Print""}","{""Medium"": ""Engraving on paper"", ""Dimensions"": ""Image: 5.6 cm (2 3/16\"")\nFrame: 41.3 \u00d7 29.9 \u00d7 2.8 cm (16 1/4 \u00d7 11 3/4 \u00d7 1 1/8\"")""}",,,"{""Topic"": ""Charles Willson Peale: Male\nCharles Willson Peale: Arts and Culture\\Literature\\Writer\nCharles Willson Peale: Arts and Culture\\Visual Arts\\Artist\\Painter\nCharles Willson Peale: Arts and Culture\\Visual Arts\\Artist\\Portraitist\nCharles Willson Peale: Arts and Culture\\Visual Arts\\Founder\\Art museum founder\nCharles Willson Peale: Military and Intelligence\\Militia\\Officer\nCharles Willson Peale: Science and Technology\\Scientist\\Naturalist\nCharles Willson Peale: Politics and Government\\Government official\\State Legislator\\Pennsylvania\nPortrait""}","[""1800s""]","[""Peale, Charles Willson"", ""Saint-Memin, Charles Balthazar Julien Fevret de""]","[""Prints""]","[""United States"", ""Pennsylvania""]","[""Legislators"", ""Art"", ""Arts and Culture"", ""Literature"", ""Painters"", ""Writers"", ""Government"", ""Portraits"", ""Founder"", ""Art museum founder"", ""Naturalists"", ""Science and Technology"", ""Portraitist"", ""Military and Intelligence"", ""Men"", ""Public officers"", ""Politics"", ""Scientists"", ""Artists"", ""Military"", ""Officer""]",2,"[""https://ids.si.edu/ids/deliveryService?id=NPG-S_NPG_72_24"", ""https://ids.si.edu/ids/deliveryService?id=NPG-S-NPG_72_24""]","https://ids.si.edu/ids/iiif/NPG-S_NPG_72_24/full/250,/0/default.jpg",Charles Willson Peale,Charles Balthazar Julien F\u00e9vret de Saint-M\u00e9min,1807,men,Writers
978,https://collections.si.edu/search/detail/edanmdm:npg_S_NPG.67.32,NPG,edanmdm:npg_S_NPG.67.32,Benjamin Franklin,"{""Credit Line"": ""National Portrait Gallery, Smithsonian Institution; gift of Lawrence Seibel""}","{""Date"": ""c. 1800""}","{""Object number"": ""S/NPG.67.32""}","{""Artist"": ""Unidentified Artist"", ""Sitter"": ""Benjamin Franklin, 17 Jan 1706 - 17 Apr 1790""}",,"{""Type"": ""Sculpture""}","{""Medium"": ""Plaster"", ""Dimensions"": ""38.1cm (15\""), Accurate""}",,,"{""Topic"": ""Benjamin Franklin: Male\nBenjamin Franklin: Arts and Culture\\Literature\\Writer\nBenjamin Franklin: Politics and Government\\Statesman\\Colonial statesman\nBenjamin Franklin: Politics and Government\\Government official\\Congressman\\Continental congressman\nBenjamin Franklin: Politics and Government\\Statesman\\Colonial statesman\\Signer of Declaration\nBenjamin Franklin: Science and Technology\\Scientist\nBenjamin Franklin: Politics and Government\\Diplomat\nBenjamin Franklin: Social Welfare and Reform\\Philanthropist\nBenjamin Franklin: Science and Technology\\Inventor\nBenjamin Franklin: Business and Finance\\Tradesman\\Printer\nBenjamin Franklin: Politics and Government\\Government official\\Postmaster\nPortrait""}","[""1800s"", ""1790s""]","[""Franklin, Benjamin""]","[""Sculpture""]",,"[""Social Welfare and Reform"", ""Business and Finance"", ""Legislators"", ""Arts and Culture"", ""Writers"", ""Printer"", ""Colonial statesman"", ""Statesman"", ""Signer of Declaration"", ""Public officers"", ""Diplomats"", ""Literature"", ""Congressmen"", ""Government"", ""Diplomacy"", ""Portraits"", ""Tradesman"", ""Continental congressman"", ""Science and Technology"", ""Inventors"", ""Men"", ""Philanthropists"", ""Politics"", ""Scientists"", ""Postmasters""]",0,,,Benjamin Franklin,Unidentified Artist,1800,men,Writers
986,https://collections.si.edu/search/detail/edanmdm:npg_S_NPG.2013.134,NPG,edanmdm:npg_S_NPG.2013.134,George Washington ne en Virginie,"{""Credit Line"": ""National Portrait Gallery, Smithsonian Institution; gift of the McNeil Americana Collection""}","{""Date"": ""after 1789""}","{""Object number"": ""S/NPG.2013.134""}","{""Artist"": ""Barth\u00e9lemy-Joseph-Fuleran Roger, 1770 - 1840"", ""Copy after"": ""Anne Flore Millet de Br\u00e9han, 1749 - 1826"", ""Sitter"": ""George Washington, 22 Feb 1732 - 14 Dec 1799""}",,"{""Type"": ""Print""}","{""Medium"": ""Engraving on paper"", ""Dimensions"": ""Image: 20 \u00d7 12.5 cm (7 7/8 \u00d7 4 15/16\"")""}",,,"{""Topic"": ""Nature & Environment\\Plant\\Wreath\\Laurel wreath\nGeorge Washington: Male\nGeorge Washington: Military and Intelligence\\Army\\Officer\\Revolutionary War\nGeorge Washington: Politics and Government\\Statesman\\Colonial statesman\nGeorge Washington: Business and Finance\\Natural resources commerce\\Agriculturist\\Farmer\nGeorge Washington: Military and Intelligence\\Army\\Officer\\General\nGeorge Washington: Politics and Government\\Government official\\President of US\nGeorge Washington: Science and Technology\\Surveyor\nGeorge Washington: Civilian awards\\Congressional Gold Medal\nPortrait""}","[""1780s""]","[""United States. Army"", ""Washington, George"", ""Brehan, Anne Flore Millet de"", ""Roger, Barthelemy-Joseph-Fuleran""]","[""Prints""]","[""United States""]","[""Nature"", ""Wreath"", ""Business and Finance"", ""Congressional Gold Medal"", ""Farmers"", ""Government"", ""Natural resources commerce"", ""Portraits"", ""Ecology"", ""Plants"", ""Civilian awards"", ""Laurel wreath"", ""Science and Technology"", ""Colonial statesman"", ""Agriculturists"", ""Statesman"", ""Surveyors"", ""Military and Intelligence"", ""Men"", ""American Revolution (1775-1783)"", ""Public officers"", ""Politics"", ""Presidents"", ""Officer""]",1,"[""https://ids.si.edu/ids/deliveryService?id=NPG-S_NPG_2013_134Washington-000003""]","https://ids.si.edu/ids/iiif/NPG-S_NPG_2013_134Washington-000003/full/250,/0/default.jpg",George Washington,Barth\u00e9lemy-Joseph-Fuleran Roger,1789,men,
993,https://collections.si.edu/search/detail/edanmdm:npg_S_NPG.2006.109,NPG,edanmdm:npg_S_NPG.2006.109,John Paul Jones,"{""Credit Line"": ""National Portrait Gallery, Smithsonian Institution; gift of Robert L. McNeil, Jr.""}","{""Date"": ""1779""}","{""Object number"": ""S/NPG.2006.109""}","{""Artist"": ""Unidentified Artist"", ""Sitter"": ""John Paul Jones, 6 Jul 1747 - 18 Jul 1792""}",,"{""Type"": ""Print""}","{""Medium"": ""Mezzotint on paper"", ""Dimensions"": ""Sheet: 53 x 36.9 cm (20 7/8 x 14 1/2\"")""}",,,"{""Topic"": ""Vehicle\\Ship\nWeapon\\Sword\nCostume\\Headgear\\Hat\\Tricorne\nCostume\\Dress Accessory\\Epaulet\nEquipment\\Optical Devices\\Telescope\\Spyglass\nNature & Environment\\Rock\nJohn Paul Jones: Male\nJohn Paul Jones: Politics and Government\\Government official\nJohn Paul Jones: Military and Intelligence\\Navy\\Officer\nJohn Paul Jones: Civilian awards\\Congressional Gold Medal\nPortrait""}","[""1770s""]","[""United States. Navy"", ""Jones, John Paul""]","[""Prints""]",,"[""Nature"", ""Optical Devices"", ""Congressional Gold Medal"", ""Government"", ""Dress accessories"", ""Portraits"", ""Ecology"", ""Civilian awards"", ""Headgear"", ""Vehicles"", ""Tricorne"", ""Spyglass"", ""Weapons"", ""Ships"", ""Swords"", ""Costume"", ""Military and Intelligence"", ""Men"", ""Telescopes"", ""Rocks"", ""Public officers"", ""Hats"", ""Politics"", ""Officer""]",1,"[""https://ids.si.edu/ids/deliveryService?id=NPG-S_NPG_2006_109Jones-000002""]","https://ids.si.edu/ids/iiif/NPG-S_NPG_2006_109Jones-000002/full/250,/0/default.jpg",John Paul Jones,Unidentified Artist,1779,men,
994,https://collections.si.edu/search/detail/edanmdm:npg_S_NPG.2003.77,NPG,edanmdm:npg_S_NPG.2003.77,George Washington (Lansdowne type),"{""Credit Line"": ""National Portrait Gallery, Smithsonian Institution""}","{""Date"": ""1801""}","{""Object number"": ""S/NPG.2003.77""}","{""Artist"": ""Cornelius Tiebout, 1777 - 1832"", ""Copy after"": ""Gilbert Stuart, 3 Dec 1755 - 9 Jul 1828"", ""Sitter"": ""George Washington, 22 Feb 1732 - 14 Dec 1799""}",,"{""Type"": ""Print""}","{""Medium"": ""Stipple and line engraving on paper"", ""Dimensions"": ""Sheet: 66.4 x 51cm (26 1/8 x 20 1/16\"")""}",,,"{""Topic"": ""Interior\nHome Furnishings\\Furniture\\Seating\\Chair\nPrinted Material\\Book\nPrinted Material\\Document\nHome Furnishings\\Furniture\\Table\nInterior\\Office\nHome Furnishings\\Drape\nWeapon\\Sword\nArchitecture\\Column\nEquipment\\Drafting & Writing Implements\\Writing implement\\Pen\\Quill\nContainer\\Inkwell\nGeorge Washington: Male\nGeorge Washington: Military and Intelligence\\Army\\Officer\\Revolutionary War\nGeorge Washington: Politics and Government\\Statesman\\Colonial statesman\nGeorge Washington: Business and Finance\\Natural resources commerce\\Agriculturist\\Farmer\nGeorge Washington: Military and Intelligence\\Army\\Officer\\General\nGeorge Washington: Politics and Government\\Government official\\President of US\nGeorge Washington: Science and Technology\\Surveyor\nGeorge Washington: Civilian awards\\Congressional Gold Medal\nPortrait""}","[""1800s""]","[""United States. Army"", ""Washington, George"", ""Tiebout, Cornelius"", ""Stuart, Gilbert""]","[""Prints""]","[""United States""]","[""Office"", ""Business and Finance"", ""Books and reading"", ""Containers"", ""Natural resources commerce"", ""Quill"", ""Home Furnishings"", ""Printed Material"", ""Design"", ""Colonial statesman"", ""Weapons"", ""Statesman"", ""Chairs"", ""Swords"", ""Column"", ""Seating"", ""Military and Intelligence"", ""Tables"", ""American Revolution (1775-1783)"", ""Public officers"", ""Drape"", ""Presidents"", ""Congressional Gold Medal"", ""Inkwell"", ""Farmers"", ""Architecture"", ""Government"", ""Interior decoration"", ""Portraits"", ""Civilian awards"", ""Drafting & Writing Implements"", ""Furnishings"", ""Science and Technology"", ""Agriculturists"", ""Surveyors"", ""Men"", ""Politics"", ""Pens"", ""Officer""]",1,"[""https://ids.si.edu/ids/deliveryService?id=NPG-S-NPG_2003_77""]","https://ids.si.edu/ids/iiif/NPG-S-NPG_2003_77/full/250,/0/default.jpg",George Washington,Cornelius Tiebout,1801,men,
2788,https://collections.si.edu/search/detail/edanmdm:npg_NPG.99.66,NPG,edanmdm:npg_NPG.99.66,Thomas Jefferson,"{""Credit Line"": ""National Portrait Gallery, Smithsonian Institution; bequest of Charles Francis Adams; frame conserved with funds from the Smithsonian Women's Committee""}","{""Date"": ""1786""}","{""Object number"": ""NPG.99.66""}","{""Artist"": ""Mather Brown, 7 Oct 1761 - 25 May 1831"", ""Sitter"": ""Thomas Jefferson, 13 Apr 1743 - 4 Jul 1826""}","{""Exhibition Label"": ""Third president, 1801\u20131809\nA scientist, an Enlightenment philosopher, and one of the most accomplished\u2014and complicated\u2014 personalities in American history, Thomas Jefferson authored the Declaration of Independence and served his country as statesman, diplomat, and president. In 1803, during his first term as president, he orchestrated the Louisiana Purchase, which doubled the size of the United States and established the nation as a continental power. This expansion, more than any other, forced politicians to confront the U.S. economy\u2019s dependence on slavery. Jefferson, who enslaved more than six hundred African Americans in his adult life, wrestled with the rift between his philosophical beliefs and his reliance on bondage.\nIn 1786, when Jefferson was serving as the United States minister to France, he paid a visit to see his friend John Adams, then the United States minister to Great Britain. Adams suggested that Jefferson pose for the Boston-born artist Mather Brown, who was living in London at the time. This is the earliest known likeness of Jefferson.\n3er presidente, 1801\u20131809\nCient\u00edfico, fil\u00f3sofo ilustrado y una de las personalidades m\u00e1s talentosas y complejas de la historia estadounidense, Thomas Jefferson redact\u00f3 de la Declaraci\u00f3n de Independencia y sirvi\u00f3 a su pa\u00eds como estadista, diplom\u00e1tico y presidente. En 1803, durante su primer t\u00e9rmino presidencial, gestion\u00f3 la compra de Luisiana, lo cual duplic\u00f3 el territorio de EE.UU. y estableci\u00f3 al pa\u00eds como potencia continental. Esta expansi\u00f3n, m\u00e1s que ninguna otra, forz\u00f3 a los pol\u00edticos a confrontar el grado en que la econom\u00eda estadounidense depend\u00eda de la esclavitud. Jefferson, quien en su adultez tuvo esclavizados a m\u00e1s 600 afroamericanos, vivi\u00f3 luchando con el dilema entre sus convicciones filos\u00f3ficas y su relaci\u00f3n con la labor esclava.\nEn 1786, siendo embajador de EE.UU. en Francia, Jefferson visit\u00f3 a su amigo John Adams, entonces embajador de EE.UU. en Gran Breta\u00f1a. Adams sugiri\u00f3 que Jefferson posara para el artista bostoniano Mather Brown, radicado en Londres para esa \u00e9poca. Este es el primer retrato de Jefferson que se conoce."", ""Provenance"": ""John Adams; by descent to Charles Francis Adams, Dover, Mass.; bequest to NPG 1999\nSee David Meschutt, \u201cThe Adams-Jefferson Portrait Exchange,\u201d American Art Journal, Spring 1982, 53-4, n. 47""}","{""Type"": ""Painting""}","{""Medium"": ""Oil on canvas"", ""Dimensions"": ""Stretcher: 90.8 \u00d7 72.4 cm (35 3/4 \u00d7 28 1/2\"")\nFrame: 102.4 \u00d7 81.9 \u00d7 8.3 cm (40 5/16 \u00d7 32 1/4 \u00d7 3 1/4\"")""}","{""Place"": ""United Kingdom\\England\\Greater London\\London""}",,"{""Topic"": ""Interior\nPrinted Material\\Papers\nArtwork\\Sculpture\\Statue\nCostume\\Headgear\\Hat\\Cap\\Phrygian cap\nSymbols & Motifs\\Symbolic Figure\\Liberty\nThomas Jefferson: Male\nThomas Jefferson: Law and Crime\\Lawyer\nThomas Jefferson: Politics and Government\\Government official\\Congressman\\Continental congressman\nThomas Jefferson: Politics and Government\\Statesman\\Colonial statesman\\Signer of Declaration\nThomas Jefferson: Politics and Government\\Vice-President of US\nThomas Jefferson: Business and Finance\\Natural resources commerce\\Agriculturist\\Farmer\nThomas Jefferson: Arts and Culture\\Visual Arts\\Architect\nThomas Jefferson: Politics and Government\\Government official\\President of US\nThomas Jefferson: Politics and Government\\Government official\\Cabinet member\\Secretary of State\nThomas Jefferson: Politics and Government\\Diplomat\\Minister\nThomas Jefferson: Science and Technology\\Inventor\nThomas Jefferson: Politics and Government\\Government official\\US Congressman\\Virginia\nThomas Jefferson: Politics and Government\\Government official\\Governor\\Virginia\nThomas Jefferson: Arts and Culture\\Education and Scholarship\\Founder\\University\nPortrait""}","[""1780s""]","[""Jefferson, Thomas"", ""Brown, Mather""]","[""Paintings""]","[""Greater London"", ""United States"", ""Europe"", ""England"", ""United Kingdom"", ""Virginia""]","[""Business and Finance"", ""Legislators"", ""Art"", ""Artwork"", ""Arts and Culture"", ""Phrygian cap"", ""Architects"", ""Papers"", ""Natural resources commerce"", ""Statues"", ""Secretary of State"", ""Liberty"", ""Governors"", ""Founder"", ""Printed Material"", ""Universities"", ""Design"", ""Symbols & Motifs"", ""Symbolic Figure"", ""Colonial statesman"", ""Sculpture"", ""Statesman"", ""Signer of Declaration"", ""Public officers"", ""Vice-Presidents"", ""Diplomats"", ""Presidents"", ""Minister"", ""Cabinet member"", ""Congressmen"", ""Farmers"", ""Government"", ""Diplomacy"", ""Interior decoration"", ""Portraits"", ""Lawyers"", ""Headgear"", ""Continental congressman"", ""Science and Technology"", ""Agriculturists"", ""Inventors"", ""Costume"", ""Men"", ""Hats"", ""Law and Crime"", ""Politics"", ""Education and Scholarship""]",1,"[""https://ids.si.edu/ids/deliveryService?id=NPG-NPG_99_66Jefferson_d1""]","https://ids.si.edu/ids/iiif/NPG-NPG_99_66Jefferson_d1/full/250,/0/default.jpg",Thomas Jefferson,Mather Brown,1786,men,
2790,https://collections.si.edu/search/detail/edanmdm:npg_NPG.99.24,NPG,edanmdm:npg_NPG.99.24,Marquis de Lafayette,"{""Credit Line"": ""National Portrait Gallery, Smithsonian Institution""}","{""Date"": ""c. 1782""}","{""Object number"": ""NPG.99.24""}","{""Artist"": ""Nicolas Eustache Maurin, 1799 - 1850"", ""Sitter"": ""Marquis de Lafayette, 6 Sep 1757 - 20 May 1834""}",,"{""Type"": ""Print""}","{""Medium"": ""Ink"", ""Dimensions"": ""Sheet: 53.9 x 35.4cm (21 1/4 x 13 15/16\"")""}",,,"{""Topic"": ""Costume\\Headgear\\Headdress\nCostume\\Headgear\\Hat\nVehicle\\Ship\nExterior\\Landscape\nNature & Environment\\Plant\\Tree\nEquipment\\Walking stick\\Cane\nMarquis de Lafayette: Male\nMarquis de Lafayette: Military and Intelligence\\Army\\Officer\nMarquis de Lafayette: Military and Intelligence\\Army\\Officer\\Revolutionary War\nPortrait""}","[""1770s"", ""1780s""]","[""United States. Army"", ""Lafayette"", ""Maurin, Nicolas Eustache""]","[""Exterior views"", ""Prints""]",,"[""Nature"", ""Trees"", ""Headdresses"", ""Portraits"", ""Ecology"", ""Plants"", ""Headgear"", ""Vehicles"", ""Landscapes"", ""Ships"", ""Staffs (Sticks, canes, etc.)"", ""Costume"", ""Walking stick"", ""Military and Intelligence"", ""Men"", ""American Revolution (1775-1783)"", ""Hats"", ""Officer""]",1,"[""https://ids.si.edu/ids/deliveryService?id=NPG-NPG_99_24""]","https://ids.si.edu/ids/iiif/NPG-NPG_99_24/full/250,/0/default.jpg",Marquis de Lafayette,Nicolas Eustache Maurin,1782,Men,
2793,https://collections.si.edu/search/detail/edanmdm:npg_NPG.99.109,NPG,edanmdm:npg_NPG.99.109,James Madison,"{""Credit Line"": ""National Portrait Gallery, Smithsonian Institution; gift of Betty A. and Lloyd G. Schermer""}","{""Date"": ""1809 (struck 1814-15)""}","{""Object number"": ""NPG.99.109""}","{""Artist"": ""John Reich, 1768 - 1833"", ""Sitter"": ""James Madison, 16 Mar 1751 - 28 Jun 1836""}",,"{""Type"": ""Medal""}","{""Medium"": ""Silver"", ""Dimensions"": ""Coin: 7.6 \u00d7 0.3 cm (3 \u00d7 1/8\"")""}",,,"{""Topic"": ""Medal\\Peace medal\nJames Madison: Male\nJames Madison: Law and Crime\\Lawyer\nJames Madison: Politics and Government\\Government official\\State Legislator\\Virginia\nJames Madison: Politics and Government\\Government official\\Congressman\\Continental congressman\nJames Madison: Politics and Government\\Government official\\President of US\nJames Madison: Politics and Government\\Government official\\Cabinet member\\Secretary of State\nJames Madison: Arts and Culture\\Literature\\Writer\\Essayist\nJames Madison: Politics and Government\\Government official\\US Congressman\\Virginia\nJames Madison: Politics and Government\\Statesman\\Signer of Constitution\nPortrait""}","[""1800s"", ""1810s""]","[""Madison, James"", ""Reich, John""]","[""Medals""]","[""United States"", ""Virginia""]","[""Legislators"", ""Cabinet member"", ""Congressmen"", ""Arts and Culture"", ""Literature"", ""Writers"", ""Government"", ""Essayist"", ""Portraits"", ""Lawyers"", ""Secretary of State"", ""Signer of Constitution"", ""Continental congressman"", ""Statesman"", ""Peace medal"", ""Men"", ""Public officers"", ""Law and Crime"", ""Politics"", ""Medal"", ""Presidents""]",2,"[""https://ids.si.edu/ids/deliveryService?id=NPG-9900264A_4"", ""https://ids.si.edu/ids/deliveryService?id=NPG-9900264A_5""]","https://ids.si.edu/ids/iiif/NPG-9900264A_4/full/250,/0/default.jpg",James Madison,John Reich,1809,men,Writers
2794,https://collections.si.edu/search/detail/edanmdm:npg_NPG.99.108,NPG,edanmdm:npg_NPG.99.108,Thomas Jefferson,"{""Credit Line"": ""National Portrait Gallery, Smithsonian Institution; gift of Betty A. and Lloyd G. Schermer""}","{""Date"": ""1801""}","{""Object number"": ""NPG.99.108""}","{""Artist"": ""Robert Scott, active 1781 - 1820"", ""Sitter"": ""Thomas Jefferson, 13 Apr 1743 - 4 Jul 1826""}","{""Exhibition Label"": ""Indian peace medals are an important part of the history of U.S. presidential portraiture and also an essential element in federal Indian policy. Presented to Native chiefs on such important occasions as the signing of a treaty or a visit to the nation\u2019s capital, the medals gave rank and distinction. Many were passed down from generation to generation.\nIn the first half of the nineteenth century, the design was determined by the need to win the allegiance of the Indians. Medals contained the likeness of the president on one side and symbols of peace and friendship on the other. Acceptance of a medal signified friendship and loyalty to the United States. By midcentury, the medals encouraged assimilation of Native Americans into American society.\nAll medals gift of Betty A. and Lloyd G. Schermer\nLas medallas de la paz son parte importante de la historia de los retratos presidenciales en Estados Unidos y tuvieron un papel esencial en la pol\u00edtica federal hacia los pueblos ind\u00edgenas. Se obsequiaban a los l\u00edderes nativos en ocasiones significativas, como la firma de tratados o visitas a la capital del pa\u00eds, y eran s\u00edmbolo de rango y distinci\u00f3n. Muchas pasaron de generaci\u00f3n en generaci\u00f3n.\nDurante la primera mitad del siglo XIX, el dise\u00f1o de las medallas respond\u00eda a la necesidad de fomentar la lealtad de los ind\u00edgenas. Llevaban la imagen del presidente en una cara, y en la otra s\u00edmbolos de paz y amistad. La aceptaci\u00f3n de una medalla significaba amistad y lealtad hacia Estados Unidos. Ya para mediados del siglo, las medallas fomentaban la asimilaci\u00f3n de los americanos nativos a la sociedad estadounidense.\nTodas las medallas son donaci\u00f3n de Betty A. y Lloyd G. Schermer""}","{""Type"": ""Medal""}","{""Medium"": ""Silver"", ""Dimensions"": ""Diameter: 11.4 cm (4 1/2\"")""}",,,"{""Topic"": ""Medal\\Peace medal\nThomas Jefferson: Male\nThomas Jefferson: Law and Crime\\Lawyer\nThomas Jefferson: Politics and Government\\Government official\\Congressman\\Continental congressman\nThomas Jefferson: Politics and Government\\Statesman\\Colonial statesman\\Signer of Declaration\nThomas Jefferson: Politics and Government\\Vice-President of US\nThomas Jefferson: Business and Finance\\Natural resources commerce\\Agriculturist\\Farmer\nThomas Jefferson: Arts and Culture\\Visual Arts\\Architect\nThomas Jefferson: Politics and Government\\Government official\\President of US\nThomas Jefferson: Politics and Government\\Government official\\Cabinet member\\Secretary of State\nThomas Jefferson: Politics and Government\\Diplomat\\Minister\nThomas Jefferson: Science and Technology\\Inventor\nThomas Jefferson: Politics and Government\\Government official\\US Congressman\\Virginia\nThomas Jefferson: Politics and Government\\Government official\\Governor\\Virginia\nThomas Jefferson: Arts and Culture\\Education and Scholarship\\Founder\\University\nPortrait""}","[""1800s""]","[""Scott, Robert"", ""Jefferson, Thomas""]","[""Medals""]","[""United States"", ""Virginia""]","[""Business and Finance"", ""Legislators"", ""Art"", ""Arts and Culture"", ""Architects"", ""Natural resources commerce"", ""Secretary of State"", ""Governors"", ""Founder"", ""Universities"", ""Colonial statesman"", ""Statesman"", ""Signer of Declaration"", ""Public officers"", ""Vice-Presidents"", ""Diplomats"", ""Presidents"", ""Minister"", ""Cabinet member"", ""Congressmen"", ""Farmers"", ""Government"", ""Diplomacy"", ""Portraits"", ""Lawyers"", ""Continental congressman"", ""Science and Technology"", ""Agriculturists"", ""Inventors"", ""Peace medal"", ""Men"", ""Law and Crime"", ""Politics"", ""Education and Scholarship"", ""Medal""]",2,"[""https://ids.si.edu/ids/deliveryService?id=NPG-NPG_99_108Jefferson_int-000001"", ""https://ids.si.edu/ids/deliveryService?id=NPG-NPG_99_108Jeffersonreverse_int-000001""]","https://ids.si.edu/ids/iiif/NPG-NPG_99_108Jefferson_int-000001/full/250,/0/default.jpg",Thomas Jefferson,Robert Scott,1801,men,
2795,https://collections.si.edu/search/detail/edanmdm:npg_NPG.99.107,NPG,edanmdm:npg_NPG.99.107,George Washington,"{""Credit Line"": ""National Portrait Gallery, Smithsonian Institution; gift of Betty A. and Lloyd G. Schermer""}","{""Date"": ""1793""}","{""Object number"": ""NPG.99.107""}","{""Artist"": ""Unidentified Artist"", ""Sitter"": ""George Washington, 22 Feb 1732 - 14 Dec 1799""}","{""Exhibition Label"": ""Indian peace medals are an important part of the history of U.S. presidential portraiture and also an essential element in federal Indian policy. Presented to Native chiefs on such important occasions as the signing of a treaty or a visit to the nation\u2019s capital, the medals gave rank and distinction. Many were passed down from generation to generation.\nIn the first half of the nineteenth century, the design was determined by the need to win the allegiance of the Indians. Medals contained the likeness of the president on one side and symbols of peace and friendship on the other. Acceptance of a medal signified friendship and loyalty to the United States. By midcentury, the medals encouraged assimilation of Native Americans into American society.\nAll medals gift of Betty A. and Lloyd G. Schermer\nLas medallas de la paz son parte importante de la historia de los retratos presidenciales en Estados Unidos y tuvieron un papel esencial en la pol\u00edtica federal hacia los pueblos ind\u00edgenas. Se obsequiaban a los l\u00edderes nativos en ocasiones significativas, como la firma de tratados o visitas a la capital del pa\u00eds, y eran s\u00edmbolo de rango y distinci\u00f3n. Muchas pasaron de generaci\u00f3n en generaci\u00f3n.\nDurante la primera mitad del siglo XIX, el dise\u00f1o de las medallas respond\u00eda a la necesidad de fomentar la lealtad de los ind\u00edgenas. Llevaban la imagen del presidente en una cara, y en la otra s\u00edmbolos de paz y amistad. La aceptaci\u00f3n de una medalla significaba amistad y lealtad hacia Estados Unidos. Ya para mediados del siglo, las medallas fomentaban la asimilaci\u00f3n de los americanos nativos a la sociedad estadounidense.\nTodas las medallas son donaci\u00f3n de Betty A. y Lloyd G. Schermer""}","{""Type"": ""Medal""}","{""Medium"": ""Silver, with engraved decoration"", ""Dimensions"": ""15.6 x 10.8 x 0.3cm (6 1/8 x 4 1/4 x 1/8\"")""}",,,"{""Topic"": ""Medal\\Peace medal\nGeorge Washington: Male\nGeorge Washington: Military and Intelligence\\Army\\Officer\\Revolutionary War\nGeorge Washington: Politics and Government\\Statesman\\Colonial statesman\nGeorge Washington: Business and Finance\\Natural resources commerce\\Agriculturist\\Farmer\nGeorge Washington: Military and Intelligence\\Army\\Officer\\General\nGeorge Washington: Politics and Government\\Government official\\President of US\nGeorge Washington: Science and Technology\\Surveyor\nGeorge Washington: Civilian awards\\Congressional Gold Medal\nPortrait""}","[""1790s""]","[""United States. Army"", ""Washington, George""]","[""Medals""]","[""United States""]","[""Business and Finance"", ""Congressional Gold Medal"", ""Farmers"", ""Government"", ""Natural resources commerce"", ""Portraits"", ""Civilian awards"", ""Science and Technology"", ""Colonial statesman"", ""Agriculturists"", ""Statesman"", ""Surveyors"", ""Peace medal"", ""Military and Intelligence"", ""Men"", ""American Revolution (1775-1783)"", ""Public officers"", ""Politics"", ""Medal"", ""Presidents"", ""Officer""]",2,"[""https://ids.si.edu/ids/deliveryService?id=NPG-NPG_99_107GW-000001"", ""https://ids.si.edu/ids/deliveryService?id=NPG-NPG_99_107GWreverse-000001""]","https://ids.si.edu/ids/iiif/NPG-NPG_99_107GW-000001/full/250,/0/default.jpg",George Washington,Unidentified Artist,1793,men,
2798,https://collections.si.edu/search/detail/edanmdm:npg_NPG.97.62,NPG,edanmdm:npg_NPG.97.62,Le Tombeau de Voltaire,"{""Credit Line"": ""National Portrait Gallery, Smithsonian Institution""}","{""Date"": ""1779""}","{""Object number"": ""NPG.97.62""}","{""Attribution"": ""Charles Macret, 1751 - 1789"", ""Sitter"": ""Benjamin Franklin, 17 Jan 1706 - 17 Apr 1790\nJean le Rond d'Alembert, 1717 - 1783\nCatherine II, 2 Mar 1729 - 6 Nov 1796""}",,"{""Type"": ""Print""}","{""Medium"": ""Engraving on paper"", ""Dimensions"": ""Image: 26 \u00d7 36.5 cm (10 1/4 \u00d7 14 3/8\"")\nSheet: 29.5 \u00d7 40.5 cm (11 5/8 \u00d7 15 15/16\"")""}","{""Place"": ""France\\\u00cele-de-France\\Ville de Paris, D\u00e9partment de\\Paris""}",,"{""Topic"": ""Costume\\Dress Accessory\\Eyeglasses\nExterior\\Church\nCostume\\Headgear\\Hat\\Fur\nNature & Environment\\Plant\\Tree\\Palm\nAllegorical\nFunereal\\Tomb\nCatherine II: Female\nCatherine II: Politics and Government\\Ruler\\Empress\nBenjamin Franklin: Male\nBenjamin Franklin: Arts and Culture\\Literature\\Writer\nBenjamin Franklin: Politics and Government\\Statesman\\Colonial statesman\nBenjamin Franklin: Politics and Government\\Government official\\Congressman\\Continental congressman\nBenjamin Franklin: Politics and Government\\Statesman\\Colonial statesman\\Signer of Declaration\nBenjamin Franklin: Science and Technology\\Scientist\nBenjamin Franklin: Politics and Government\\Diplomat\nBenjamin Franklin: Social Welfare and Reform\\Philanthropist\nBenjamin Franklin: Science and Technology\\Inventor\nBenjamin Franklin: Business and Finance\\Tradesman\\Printer\nBenjamin Franklin: Politics and Government\\Government official\\Postmaster\nJean le Rond d'Alembert: Male\nJean le Rond d'Alembert: Arts and Culture\\Education and Scholarship\\Scholar\\Philosopher\nJean le Rond d'Alembert: Science and Technology\\Scientist\\Mathematician\nPortrait""}","[""1770s""]","[""Macret, Charles"", ""d'Alembert, Jean le Rond"", ""Franklin, Benjamin"", ""Catherine II""]","[""Exterior views"", ""Prints""]","[""Europe"", ""\u00cele-de-France"", ""Ville de Paris, D\u00e9partment de"", ""France""]","[""Social Welfare and Reform"", ""Business and Finance"", ""Funereal"", ""Legislators"", ""Arts and Culture"", ""Writers"", ""Dress accessories"", ""Printer"", ""Eyeglasses"", ""Allegorical"", ""Colonial statesman"", ""Statesman"", ""Empress"", ""Tomb"", ""Signer of Declaration"", ""Public officers"", ""Diplomats"", ""Nature"", ""Trees"", ""Women"", ""Fur"", ""Literature"", ""Congressmen"", ""Government"", ""Diplomacy"", ""Portraits"", ""Ecology"", ""Philosopher"", ""Plants"", ""Tradesman"", ""Ruler"", ""Mathematician"", ""Headgear"", ""Continental congressman"", ""Science and Technology"", ""Inventors"", ""Costume"", ""Palm"", ""Philanthropists"", ""Hats"", ""Politics"", ""Education and Scholarship"", ""Scientists"", ""Church buildings"", ""Postmasters""]",1,"[""https://ids.si.edu/ids/deliveryService?id=NPG-NPG_97_62""]","https://ids.si.edu/ids/iiif/NPG-NPG_97_62/full/250,/0/default.jpg",Benjamin Franklin,Charles Macret,1779,Women,Writers
2799,https://collections.si.edu/search/detail/edanmdm:npg_NPG.97.232,NPG,edanmdm:npg_NPG.97.232,Benjamin Franklin,"{""Credit Line"": ""National Portrait Gallery, Smithsonian Institution""}","{""Date"": ""c. 1790""}","{""Object number"": ""NPG.97.232""}","{""Artist"": ""Unidentified Artist"", ""Copy after"": ""Charles Willson Peale, 15 Apr 1741 - 22 Feb 1827"", ""Sitter"": ""Benjamin Franklin, 17 Jan 1706 - 17 Apr 1790""}",,"{""Type"": ""Print""}","{""Medium"": ""Mezzotint on paper"", ""Dimensions"": ""Image/plate: 46.7 x 35.1 cm (18 3/8 x 13 13/16\"")\nSheet: 52.1 x 36 cm (20 1/2 x 14 1/8\"")""}",,,"{""Topic"": ""Costume\\Dress Accessory\\Eyeglasses\nInterior\\Interior with Exterior View\nHome Furnishings\\Furniture\\Desk\nEquipment\\Drafting & Writing Implements\\Writing implement\\Pen\\Quill\nBenjamin Franklin: Male\nBenjamin Franklin: Arts and Culture\\Literature\\Writer\nBenjamin Franklin: Politics and Government\\Statesman\\Colonial statesman\nBenjamin Franklin: Politics and Government\\Government official\\Congressman\\Continental congressman\nBenjamin Franklin: Politics and Government\\Statesman\\Colonial statesman\\Signer of Declaration\nBenjamin Franklin: Science and Technology\\Scientist\nBenjamin Franklin: Politics and Government\\Diplomat\nBenjamin Franklin: Social Welfare and Reform\\Philanthropist\nBenjamin Franklin: Science and Technology\\Inventor\nBenjamin Franklin: Business and Finance\\Tradesman\\Printer\nBenjamin Franklin: Politics and Government\\Government official\\Postmaster\nPortrait""}","[""1780s"", ""1790s""]","[""Peale, Charles Willson"", ""Franklin, Benjamin""]","[""Prints""]",,"[""Social Welfare and Reform"", ""Business and Finance"", ""Legislators"", ""Arts and Culture"", ""Writers"", ""Dress accessories"", ""Quill"", ""Home Furnishings"", ""Printer"", ""Eyeglasses"", ""Design"", ""Colonial statesman"", ""Statesman"", ""Signer of Declaration"", ""Public officers"", ""Diplomats"", ""Interior with Exterior View"", ""Literature"", ""Congressmen"", ""Government"", ""Diplomacy"", ""Interior decoration"", ""Portraits"", ""Tradesman"", ""Drafting & Writing Implements"", ""Furnishings"", ""Continental congressman"", ""Science and Technology"", ""Inventors"", ""Costume"", ""Men"", ""Philanthropists"", ""Politics"", ""Scientists"", ""Pens"", ""Postmasters""]",1,"[""https://ids.si.edu/ids/deliveryService?id=NPG-NPG_97_232""]","https://ids.si.edu/ids/iiif/NPG-NPG_97_232/full/250,/0/default.jpg",Benjamin Franklin,Unidentified Artist,1790,men,Writers
2802,https://collections.si.edu/search/detail/edanmdm:npg_NPG.97.163,NPG,edanmdm:npg_NPG.97.163,George Washington,"{""Credit Line"": ""National Portrait Gallery, Smithsonian Institution""}","{""Date"": ""c. 1800""}","{""Object number"": ""NPG.97.163""}","{""Artist"": ""Enoch G. Gridley, active 1801 - 1818"", ""Copy after"": ""John Coles, Jr., 1776/80 - 1854\nEdward Savage, 26 Nov 1761 - 6 Jul 1817 (Printmaker)"", ""Sitter"": ""George Washington, 22 Feb 1732 - 14 Dec 1799""}","{""Exhibition Label"": ""Born Westmoreland County, Virginia\nGeorge Washington passed away on December 14, 1799, after a brief illness. Realizing the seriousness of the situation, he told his personal secretary, \u201cI am just going!\u201d His last recorded words included the request to \u201cHave me decently buried.\u201d\nThis engraving by Enoch Gridley, based on a painting by John Coles Jr., was one of many imagined monuments to the nation\u2019s first president. It includes the goddess Minerva, likely symbolizing wisdom or war, wearing a helmet, and Fame playing her trumpet. Fame\u2019s banner lists several sites of Washington\u2019s most well-known Revolutionary War battles. The image in the center is modeled after a portrait by Edward Savage. This engraving was, in turn, used to create items like needlepoint pictures, as the demand for art featuring Washington grew after his death.\nNacido en Westmoreland County, Virginia\nGeorge Washington muri\u00f3 el 14 de diciembre de 1799, tras una breve enfermedad. Consciente de su gravedad, hab\u00eda dicho a su secretario personal: \u201cSiento que me voy\u201d. Tambi\u00e9n consta su petici\u00f3n de que \u201cme entierren decentemente\u201d.\nEste grabado de Enoch Gridley, basado en una pintura de John Coles Jr., fue uno de numerosos monumentos imaginados para el primer presidente de la naci\u00f3n. La diosa Minerva con su casco simboliza quiz\u00e1s la sabidur\u00eda o la guerra, mientras Fama toca su trompeta. El bander\u00edn que lleva Fama indica algunas de las batallas m\u00e1s conocidas de Washington durante la Guerra de Independencia. La imagen central se basa en un retrato de Edward Savage. A su vez, este grabado se us\u00f3 para crear objetos tales como retratos bordados, dada la creciente demanda de art\u00edculos con la imagen de Washington despu\u00e9s de su muerte.""}","{""Type"": ""Print""}","{""Medium"": ""Etching, engraving and stipple engraving on laid paper"", ""Dimensions"": ""Image: 33.8 x 22.5cm (13 5/16 x 8 7/8\"")\nSheet: 34.9 x 24cm (13 3/4 x 9 7/16\"")\nMat: 55.9 x 40.6cm (22 x 16\"")""}",,,"{""Topic"": ""Weapon\\Gun\\Rifle\nCostume\\Headgear\\Hat\\Cap\nCostume\\Headgear\\Helmet\nWeapon\\Spear\nEquipment\\Shield\nContainer\\Urn\nMusic\\Musical instrument\\Trumpet\nHome Furnishings\\Mirror\nWeapon\\Cannon\nNature & Environment\\Plant\\Wreath\\Laurel wreath\nCostume\\Headgear\\Hat\\Cap\\Phrygian cap\nHuman Figures\\Soldier\nNature & Environment\\Plant\\Garland\nNature & Environment\\Plant\\Garland\nWeapon\\Gun\\Bayonet\nReligious\\Angel\nWeapon\\Cannonball\nFunereal\\Tomb\nSymbols & Motifs\\Putti\nArtwork\\Portrait\\George Washington\nGeorge Washington: Male\nGeorge Washington: Military and Intelligence\\Army\\Officer\\Revolutionary War\nGeorge Washington: Politics and Government\\Statesman\\Colonial statesman\nGeorge Washington: Business and Finance\\Natural resources commerce\\Agriculturist\\Farmer\nGeorge Washington: Military and Intelligence\\Army\\Officer\\General\nGeorge Washington: Politics and Government\\Government official\\President of US\nGeorge Washington: Science and Technology\\Surveyor\nGeorge Washington: Civilian awards\\Congressional Gold Medal\nPortrait""}","[""1800s"", ""1790s""]","[""Savage, Edward"", ""United States. Army"", ""Washington, George"", ""Gridley, Enoch G."", ""Coles, John""]","[""Mirrors"", ""Prints""]","[""United States""]","[""Business and Finance"", ""Soldiers"", ""Shield"", ""Phrygian cap"", ""Natural resources commerce"", ""Home Furnishings"", ""Human Figures"", ""Weapons"", ""Military and Intelligence"", ""American Revolution (1775-1783)"", ""Public officers"", ""Angels"", ""Rifle"", ""Congressional Gold Medal"", ""Farmers"", ""Firearms"", ""Plants"", ""Civilian awards"", ""Trumpets"", ""Men"", ""Putti"", ""Funereal"", ""Cannon"", ""Artwork"", ""Containers"", ""Headdresses"", ""Urn"", ""Musical instruments"", ""Symbols & Motifs"", ""Colonial statesman"", ""Statesman"", ""Tomb"", ""Presidents"", ""Nature"", ""Wreath"", ""Government"", ""Cannonball"", ""Religion"", ""Portraits"", ""Ecology"", ""Headgear"", ""Laurel wreath"", ""Science and Technology"", ""Agriculturists"", ""Surveyors"", ""Costume"", ""Music"", ""Bayonet"", ""Hats"", ""Garland"", ""Politics"", ""Spear"", ""Officer""]",1,"[""https://ids.si.edu/ids/deliveryService?id=NPG-NPG_97_163""]","https://ids.si.edu/ids/iiif/NPG-NPG_97_163/full/250,/0/default.jpg",George Washington,Enoch G. Gridley,1800,Men,
2804,https://collections.si.edu/search/detail/edanmdm:npg_NPG.97.142,NPG,edanmdm:npg_NPG.97.142,Le Docteur Francklin Couronné par la Liberté,"{""Credit Line"": ""National Portrait Gallery, Smithsonian Institution""}","{""Date"": ""1778""}","{""Object number"": ""NPG.97.142""}","{""Artist"": ""Jean Claude Richard de Saint-Non, 1727 - 1791"", ""Copy after"": ""Jean Honore Fragonard, 1732 - 1806"", ""Sitter"": ""Benjamin Franklin, 17 Jan 1706 - 17 Apr 1790""}",,"{""Type"": ""Print""}","{""Medium"": ""Aquatint on paper"", ""Dimensions"": ""Image/plate: 24.3 x 20.5 cm (9 9/16 x 8 1/16\"")\nSheet: 27.2 x 22.6 cm (10 3/4 x 8 7/8\"")""}","{""Place"": ""France""}",,"{""Topic"": ""Nature & Environment\\Clouds\nPrinted Material\\Document\\Scroll\nHome Furnishings\\Globe\nNature & Environment\\Plant\\Wreath\\Laurel wreath\nNature & Environment\\Olive branch\nAllegorical\nSymbols & Motifs\\Emblem\\Fasces\nSymbols & Motifs\\Symbolic Figure\\Liberty\nSymbols & Motifs\\Putti\nBenjamin Franklin: Male\nBenjamin Franklin: Arts and Culture\\Literature\\Writer\nBenjamin Franklin: Politics and Government\\Statesman\\Colonial statesman\nBenjamin Franklin: Politics and Government\\Government official\\Congressman\\Continental congressman\nBenjamin Franklin: Politics and Government\\Statesman\\Colonial statesman\\Signer of Declaration\nBenjamin Franklin: Science and Technology\\Scientist\nBenjamin Franklin: Politics and Government\\Diplomat\nBenjamin Franklin: Social Welfare and Reform\\Philanthropist\nBenjamin Franklin: Science and Technology\\Inventor\nBenjamin Franklin: Business and Finance\\Tradesman\\Printer\nBenjamin Franklin: Politics and Government\\Government official\\Postmaster\nPortrait""}","[""1770s""]","[""Fragonard, Jean-Honore"", ""Franklin, Benjamin"", ""de Saint-Non, Jean Claude Richard""]","[""Prints""]","[""Europe"", ""France""]","[""Social Welfare and Reform"", ""Business and Finance"", ""Legislators"", ""Arts and Culture"", ""Clouds"", ""Writers"", ""Home Furnishings"", ""Liberty"", ""Printer"", ""Allegorical"", ""Printed Material"", ""Symbols & Motifs"", ""Symbolic Figure"", ""Colonial statesman"", ""Statesman"", ""Globe"", ""Signer of Declaration"", ""Public officers"", ""Emblems"", ""Diplomats"", ""Nature"", ""Wreath"", ""Olive branch"", ""Literature"", ""Congressmen"", ""Government"", ""Diplomacy"", ""Fasces"", ""Scroll"", ""Portraits"", ""Ecology"", ""Plants"", ""Tradesman"", ""Laurel wreath"", ""Continental congressman"", ""Science and Technology"", ""Inventors"", ""Men"", ""Philanthropists"", ""Putti"", ""Politics"", ""Scientists"", ""Postmasters""]",1,"[""https://ids.si.edu/ids/deliveryService?id=NPG-NPG_97_142-000002""]","https://ids.si.edu/ids/iiif/NPG-NPG_97_142-000002/full/250,/0/default.jpg",Benjamin Franklin,Jean Claude Richard de Saint-Non,1778,men,Writers
2805,https://collections.si.edu/search/detail/edanmdm:npg_NPG.97.10,NPG,edanmdm:npg_NPG.97.10,Benjamin Franklin,"{""Credit Line"": ""National Portrait Gallery, Smithsonian Institution; gift of the Estate of William Woodville, VIII""}","{""Date"": ""1789""}","{""Object number"": ""NPG.97.10""}","{""Artist"": ""Jean-Fran\u00e7ois Janinet, 1752 - 1 Nov 1814"", ""Copy after"": ""Joseph Siffred Duplessis, 22 Sep 1725 - 1 Apr 1802"", ""Sitter"": ""Benjamin Franklin, 17 Jan 1706 - 17 Apr 1790""}",,"{""Type"": ""Print""}","{""Medium"": ""Hand-colored mezzotint on paper"", ""Dimensions"": ""Image: 31.6cm x 21cm (12 7/16\"" x 8 1/4\"")\nSheet: 40cm x 32.4cm (15 3/4\"" x 12 3/4\"")""}","{""Place"": ""France\\\u00cele-de-France\\Ville de Paris, D\u00e9partment de\\Paris""}",,"{""Topic"": ""Benjamin Franklin: Male\nBenjamin Franklin: Arts and Culture\\Literature\\Writer\nBenjamin Franklin: Politics and Government\\Statesman\\Colonial statesman\nBenjamin Franklin: Politics and Government\\Government official\\Congressman\\Continental congressman\nBenjamin Franklin: Politics and Government\\Statesman\\Colonial statesman\\Signer of Declaration\nBenjamin Franklin: Science and Technology\\Scientist\nBenjamin Franklin: Politics and Government\\Diplomat\nBenjamin Franklin: Social Welfare and Reform\\Philanthropist\nBenjamin Franklin: Science and Technology\\Inventor\nBenjamin Franklin: Business and Finance\\Tradesman\\Printer\nBenjamin Franklin: Politics and Government\\Government official\\Postmaster\nPortrait""}","[""1780s""]","[""Janinet, Jean-Francois"", ""Duplessis, Joseph Siffred"", ""Franklin, Benjamin""]","[""Prints""]","[""Europe"", ""\u00cele-de-France"", ""Ville de Paris, D\u00e9partment de"", ""France""]","[""Social Welfare and Reform"", ""Business and Finance"", ""Legislators"", ""Arts and Culture"", ""Writers"", ""Printer"", ""Colonial statesman"", ""Statesman"", ""Signer of Declaration"", ""Public officers"", ""Diplomats"", ""Literature"", ""Congressmen"", ""Government"", ""Diplomacy"", ""Portraits"", ""Tradesman"", ""Continental congressman"", ""Science and Technology"", ""Inventors"", ""Men"", ""Philanthropists"", ""Politics"", ""Scientists"", ""Postmasters""]",1,"[""https://ids.si.edu/ids/deliveryService?id=NPG-NPG_97_10Franklin-000001""]","https://ids.si.edu/ids/iiif/NPG-NPG_97_10Franklin-000001/full/250,/0/default.jpg",Benjamin Franklin,Jean-Fran\u00e7ois Janinet,1789,men,Writers
2806,https://collections.si.edu/search/detail/edanmdm:npg_NPG.96.33,NPG,edanmdm:npg_NPG.96.33,John Adams,"{""Credit Line"": ""National Portrait Gallery, Smithsonian Institution""}","{""Date"": ""1800""}","{""Object number"": ""NPG.96.33""}","{""Attribution"": ""David Edwin, 1776 - 1841"", ""Copy after"": ""Edward Savage, 26 Nov 1761 - 6 Jul 1817"", ""Sitter"": ""John Adams, 30 Oct 1735 - 4 Jul 1826""}",,"{""Type"": ""Print""}","{""Medium"": ""Line and stipple engraving on paper"", ""Dimensions"": ""Image: 33.6cm x 23.6cm (13 1/4\"" x 9 5/16\"")\nSheet: 34.9cm x 25.2cm (13 3/4\"" x 9 15/16\"")""}","{""Place"": ""United States\\Pennsylvania\\Philadelphia\\Philadelphia""}",,"{""Topic"": ""John Adams: Male\nJohn Adams: Arts and Culture\\Literature\\Writer\nJohn Adams: Politics and Government\\Government official\\Congressman\\Continental congressman\nJohn Adams: Politics and Government\\Statesman\\Colonial statesman\\Signer of Declaration\nJohn Adams: Politics and Government\\Vice-President of US\nJohn Adams: Politics and Government\\Diplomat\nJohn Adams: Politics and Government\\Government official\\President of US\nJohn Adams: Politics and Government\\Government official\\State Legislator\\Massachusetts\nPortrait""}","[""1800s""]","[""Savage, Edward"", ""Edwin, David"", ""Adams, John""]","[""Prints""]","[""United States"", ""Massachusetts"", ""North America"", ""Philadelphia"", ""Pennsylvania""]","[""Legislators"", ""Arts and Culture"", ""Literature"", ""Congressmen"", ""Writers"", ""Government"", ""Diplomacy"", ""Portraits"", ""Continental congressman"", ""Colonial statesman"", ""Statesman"", ""Men"", ""Signer of Declaration"", ""Public officers"", ""Politics"", ""Vice-Presidents"", ""Diplomats"", ""Presidents""]",1,"[""https://ids.si.edu/ids/deliveryService?id=NPG-NPG_96_33Adams-000001""]","https://ids.si.edu/ids/iiif/NPG-NPG_96_33Adams-000001/full/250,/0/default.jpg",John Adams,David Edwin,1800,men,Writers
2810,https://collections.si.edu/search/detail/edanmdm:npg_NPG.96.106,NPG,edanmdm:npg_NPG.96.106,Benjamin Franklin,"{""Credit Line"": ""National Portrait Gallery, Smithsonian Institution""}","{""Date"": ""c. 1778-85""}","{""Object number"": ""NPG.96.106""}","{""Artist"": ""Justus Chevillet, 1729 - 1802"", ""Copy after"": ""Michel Honor\u00e9 Bounieu, 1740 - 1814\nJean-Antoine Houdon, 1741 - 1828"", ""Sitter"": ""Benjamin Franklin, 17 Jan 1706 - 17 Apr 1790""}",,"{""Type"": ""Print""}","{""Medium"": ""Engraving on paper"", ""Dimensions"": ""Image: 33.4cm x 25.8cm (13 1/8\"" x 10 3/16\"")\nSheet: 34.4cm x 25.8cm (13 9/16\"" x 10 3/16\"")""}","{""Place"": ""France\\\u00cele-de-France\\Ville de Paris, D\u00e9partment de\\Paris""}",,"{""Topic"": ""Interior\nSymbols & Motifs\\Cartouche\nBenjamin Franklin: Male\nBenjamin Franklin: Arts and Culture\\Literature\\Writer\nBenjamin Franklin: Politics and Government\\Statesman\\Colonial statesman\nBenjamin Franklin: Politics and Government\\Government official\\Congressman\\Continental congressman\nBenjamin Franklin: Politics and Government\\Statesman\\Colonial statesman\\Signer of Declaration\nBenjamin Franklin: Science and Technology\\Scientist\nBenjamin Franklin: Politics and Government\\Diplomat\nBenjamin Franklin: Social Welfare and Reform\\Philanthropist\nBenjamin Franklin: Science and Technology\\Inventor\nBenjamin Franklin: Business and Finance\\Tradesman\\Printer\nBenjamin Franklin: Politics and Government\\Government official\\Postmaster\nPortrait""}","[""1770s"", ""1780s""]","[""Bounieu, Michel Honore"", ""Chevillet, Justus"", ""Franklin, Benjamin"", ""Houdon, Jean-Antoine""]","[""Prints""]","[""Europe"", ""\u00cele-de-France"", ""Ville de Paris, D\u00e9partment de"", ""France""]","[""Social Welfare and Reform"", ""Business and Finance"", ""Legislators"", ""Arts and Culture"", ""Writers"", ""Printer"", ""Design"", ""Symbols & Motifs"", ""Colonial statesman"", ""Statesman"", ""Signer of Declaration"", ""Public officers"", ""Diplomats"", ""Literature"", ""Congressmen"", ""Government"", ""Diplomacy"", ""Interior decoration"", ""Portraits"", ""Tradesman"", ""Continental congressman"", ""Science and Technology"", ""Inventors"", ""Men"", ""Philanthropists"", ""Politics"", ""Scientists"", ""Cartouche"", ""Postmasters""]",1,"[""https://ids.si.edu/ids/deliveryService?id=NPG-NPG_96_106Franklin-000001""]","https://ids.si.edu/ids/iiif/NPG-NPG_96_106Franklin-000001/full/250,/0/default.jpg",Benjamin Franklin,Justus Chevillet,1778,men,Writers
2811,https://collections.si.edu/search/detail/edanmdm:npg_NPG.96.105,NPG,edanmdm:npg_NPG.96.105,Benjamin Franklin,"{""Credit Line"": ""National Portrait Gallery, Smithsonian Institution""}","{""Date"": ""c. 1780""}","{""Object number"": ""NPG.96.105""}","{""Artist"": ""D. A. S."", ""Copy after"": ""Anne-Rosalie Bocquet Filleul, 1752 - 1794"", ""Sitter"": ""Benjamin Franklin, 17 Jan 1706 - 17 Apr 1790""}",,"{""Type"": ""Print""}","{""Medium"": ""Engraving on paper"", ""Dimensions"": ""Image: 33.7cm x 23.6cm (13 1/4\"" x 9 5/16\"")\nSheet: 34.7cm x 25cm (13 11/16\"" x 9 13/16\"")""}","{""Place"": ""France""}",,"{""Topic"": ""Interior\nCostume\\Dress Accessory\\Eyeglasses\nHome Furnishings\\Furniture\\Table\nPrinted Material\\Map\nBenjamin Franklin: Male\nBenjamin Franklin: Arts and Culture\\Literature\\Writer\nBenjamin Franklin: Politics and Government\\Statesman\\Colonial statesman\nBenjamin Franklin: Politics and Government\\Government official\\Congressman\\Continental congressman\nBenjamin Franklin: Politics and Government\\Statesman\\Colonial statesman\\Signer of Declaration\nBenjamin Franklin: Science and Technology\\Scientist\nBenjamin Franklin: Politics and Government\\Diplomat\nBenjamin Franklin: Social Welfare and Reform\\Philanthropist\nBenjamin Franklin: Science and Technology\\Inventor\nBenjamin Franklin: Business and Finance\\Tradesman\\Printer\nBenjamin Franklin: Politics and Government\\Government official\\Postmaster\nPortrait""}","[""1780s""]","[""S., D. A."", ""Filleul, Anne-Rosalie Bocquet"", ""Franklin, Benjamin""]","[""Maps"", ""Prints""]","[""Europe"", ""France""]","[""Social Welfare and Reform"", ""Business and Finance"", ""Legislators"", ""Arts and Culture"", ""Writers"", ""Dress accessories"", ""Home Furnishings"", ""Printer"", ""Eyeglasses"", ""Printed Material"", ""Design"", ""Colonial statesman"", ""Statesman"", ""Signer of Declaration"", ""Tables"", ""Public officers"", ""Diplomats"", ""Literature"", ""Congressmen"", ""Government"", ""Diplomacy"", ""Interior decoration"", ""Portraits"", ""Tradesman"", ""Furnishings"", ""Continental congressman"", ""Science and Technology"", ""Inventors"", ""Costume"", ""Men"", ""Philanthropists"", ""Politics"", ""Scientists"", ""Postmasters""]",1,"[""https://ids.si.edu/ids/deliveryService?id=NPG-NPG_96_105""]","https://ids.si.edu/ids/iiif/NPG-NPG_96_105/full/250,/0/default.jpg",Benjamin Franklin,D. A. S.,1780,men,Writers
2812,https://collections.si.edu/search/detail/edanmdm:npg_NPG.95.34,NPG,edanmdm:npg_NPG.95.34,Benjamin Franklin,"{""Credit Line"": ""National Portrait Gallery, Smithsonian Institution""}","{""Date"": ""1787""}","{""Object number"": ""NPG.95.34""}","{""Artist"": ""Charles Willson Peale, 15 Apr 1741 - 22 Feb 1827"", ""Sitter"": ""Benjamin Franklin, 17 Jan 1706 - 17 Apr 1790""}",,"{""Type"": ""Print""}","{""Medium"": ""Mezzotint on paper"", ""Dimensions"": ""Image: 16.5cm x 14.3cm (6 1/2\"" x 5 5/8\"")\nSheet: 26.4cm x 22.9cm (10 3/8\"" x 9\"")""}","{""Place"": ""United States\\Pennsylvania\\Philadelphia\\Philadelphia""}",,"{""Topic"": ""Interior\nCostume\\Dress Accessory\\Eyeglasses\nBenjamin Franklin: Male\nBenjamin Franklin: Arts and Culture\\Literature\\Writer\nBenjamin Franklin: Politics and Government\\Statesman\\Colonial statesman\nBenjamin Franklin: Politics and Government\\Government official\\Congressman\\Continental congressman\nBenjamin Franklin: Politics and Government\\Statesman\\Colonial statesman\\Signer of Declaration\nBenjamin Franklin: Science and Technology\\Scientist\nBenjamin Franklin: Politics and Government\\Diplomat\nBenjamin Franklin: Social Welfare and Reform\\Philanthropist\nBenjamin Franklin: Science and Technology\\Inventor\nBenjamin Franklin: Business and Finance\\Tradesman\\Printer\nBenjamin Franklin: Politics and Government\\Government official\\Postmaster\nPortrait""}","[""1780s""]","[""Peale, Charles Willson"", ""Franklin, Benjamin""]","[""Prints""]","[""United States"", ""North America"", ""Philadelphia"", ""Pennsylvania""]","[""Social Welfare and Reform"", ""Business and Finance"", ""Legislators"", ""Arts and Culture"", ""Writers"", ""Dress accessories"", ""Printer"", ""Eyeglasses"", ""Design"", ""Colonial statesman"", ""Statesman"", ""Signer of Declaration"", ""Public officers"", ""Diplomats"", ""Literature"", ""Congressmen"", ""Government"", ""Diplomacy"", ""Interior decoration"", ""Portraits"", ""Tradesman"", ""Continental congressman"", ""Science and Technology"", ""Inventors"", ""Costume"", ""Men"", ""Philanthropists"", ""Politics"", ""Scientists"", ""Postmasters""]",1,"[""https://ids.si.edu/ids/deliveryService?id=NPG-NPG_95_34""]","https://ids.si.edu/ids/iiif/NPG-NPG_95_34/full/250,/0/default.jpg",Benjamin Franklin,Charles Willson Peale,1787,men,Writers
2815,https://collections.si.edu/search/detail/edanmdm:npg_NPG.94.134,NPG,edanmdm:npg_NPG.94.134,Thomas Jefferson,"{""Credit Line"": ""National Portrait Gallery, Smithsonian Institution""}","{""Date"": ""c. 1800""}","{""Object number"": ""NPG.94.134""}","{""Artist"": ""David Edwin, 1776 - 1841"", ""Copy after"": ""Rembrandt Peale, 22 Feb 1778 - 3 Oct 1860"", ""Sitter"": ""Thomas Jefferson, 13 Apr 1743 - 4 Jul 1826""}",,"{""Type"": ""Print""}","{""Medium"": ""Hand-colored engraving on paper"", ""Dimensions"": ""Image: 33.6cm x 22.8cm (13 1/4\"" x 9\"")\nSheet: 39.5cm x 29.3cm (15 9/16\"" x 11 9/16\"")""}","{""Place"": ""United States\\Pennsylvania\\Philadelphia\\Philadelphia""}",,"{""Topic"": ""Thomas Jefferson: Male\nThomas Jefferson: Law and Crime\\Lawyer\nThomas Jefferson: Politics and Government\\Government official\\Congressman\\Continental congressman\nThomas Jefferson: Politics and Government\\Statesman\\Colonial statesman\\Signer of Declaration\nThomas Jefferson: Politics and Government\\Vice-President of US\nThomas Jefferson: Business and Finance\\Natural resources commerce\\Agriculturist\\Farmer\nThomas Jefferson: Arts and Culture\\Visual Arts\\Architect\nThomas Jefferson: Politics and Government\\Government official\\President of US\nThomas Jefferson: Politics and Government\\Government official\\Cabinet member\\Secretary of State\nThomas Jefferson: Politics and Government\\Diplomat\\Minister\nThomas Jefferson: Science and Technology\\Inventor\nThomas Jefferson: Politics and Government\\Government official\\US Congressman\\Virginia\nThomas Jefferson: Politics and Government\\Government official\\Governor\\Virginia\nThomas Jefferson: Arts and Culture\\Education and Scholarship\\Founder\\University\nPortrait""}","[""1800s"", ""1790s""]","[""Edwin, David"", ""Jefferson, Thomas"", ""Peale, Rembrandt""]","[""Prints""]","[""United States"", ""North America"", ""Virginia"", ""Philadelphia"", ""Pennsylvania""]","[""Business and Finance"", ""Legislators"", ""Art"", ""Arts and Culture"", ""Architects"", ""Natural resources commerce"", ""Secretary of State"", ""Governors"", ""Founder"", ""Universities"", ""Colonial statesman"", ""Statesman"", ""Signer of Declaration"", ""Public officers"", ""Vice-Presidents"", ""Diplomats"", ""Presidents"", ""Minister"", ""Cabinet member"", ""Congressmen"", ""Farmers"", ""Government"", ""Diplomacy"", ""Portraits"", ""Lawyers"", ""Continental congressman"", ""Science and Technology"", ""Agriculturists"", ""Inventors"", ""Men"", ""Law and Crime"", ""Politics"", ""Education and Scholarship""]",1,"[""https://ids.si.edu/ids/deliveryService?id=NPG-NPG_94_134Jefferson-000002""]","https://ids.si.edu/ids/iiif/NPG-NPG_94_134Jefferson-000002/full/250,/0/default.jpg",Thomas Jefferson,David Edwin,1800,men,
2818,https://collections.si.edu/search/detail/edanmdm:npg_NPG.92.29,NPG,edanmdm:npg_NPG.92.29,George Washington,"{""Credit Line"": ""National Portrait Gallery, Smithsonian Institution""}","{""Date"": ""1783""}","{""Object number"": ""NPG.92.29""}","{""Artist"": ""Unidentified Artist"", ""Copy after"": ""John Trumbull, 6 Jun 1756 - 10 Nov 1843"", ""Sitter"": ""George Washington, 22 Feb 1732 - 14 Dec 1799""}",,"{""Type"": ""Print""}","{""Medium"": ""Engraving on paper"", ""Dimensions"": ""Image/Sheet: 18.3cm x 11.3cm (7 3/16\"" x 4 7/16\"")\nMount: 31cm x 23cm (12 3/16\"" x 9 1/16\"")""}",,,"{""Topic"": ""Nature & Environment\\Clouds\nPrinted Material\\Book\nPrinted Material\\Document\nSymbols & Motifs\\Flag\nImaginary\nEquipment\\Sound Devices\\Horn\nNature & Environment\\Plant\\Wreath\\Laurel wreath\nGeorge Washington: Male\nGeorge Washington: Military and Intelligence\\Army\\Officer\\Revolutionary War\nGeorge Washington: Politics and Government\\Statesman\\Colonial statesman\nGeorge Washington: Business and Finance\\Natural resources commerce\\Agriculturist\\Farmer\nGeorge Washington: Military and Intelligence\\Army\\Officer\\General\nGeorge Washington: Politics and Government\\Government official\\President of US\nGeorge Washington: Science and Technology\\Surveyor\nGeorge Washington: Civilian awards\\Congressional Gold Medal\nPortrait""}","[""1780s""]","[""United States. Army"", ""Washington, George"", ""Trumbull, John""]","[""Prints""]","[""United States""]","[""Business and Finance"", ""Horn"", ""Books and reading"", ""Clouds"", ""Natural resources commerce"", ""Printed Material"", ""Symbols & Motifs"", ""Colonial statesman"", ""Statesman"", ""Military and Intelligence"", ""American Revolution (1775-1783)"", ""Public officers"", ""Presidents"", ""Nature"", ""Wreath"", ""Congressional Gold Medal"", ""Farmers"", ""Sound Devices"", ""Government"", ""Imaginary"", ""Portraits"", ""Ecology"", ""Flags"", ""Plants"", ""Civilian awards"", ""Laurel wreath"", ""Science and Technology"", ""Agriculturists"", ""Surveyors"", ""Men"", ""Politics"", ""Officer""]",1,"[""https://ids.si.edu/ids/deliveryService?id=NPG-NPG_92_29""]","https://ids.si.edu/ids/iiif/NPG-NPG_92_29/full/250,/0/default.jpg",George Washington,Unidentified Artist,1783,men,
2819,https://collections.si.edu/search/detail/edanmdm:npg_NPG.92.28,NPG,edanmdm:npg_NPG.92.28,George Washington,"{""Credit Line"": ""National Portrait Gallery, Smithsonian Institution""}","{""Date"": ""1800""}","{""Object number"": ""NPG.92.28""}","{""Artist"": ""David Edwin, 1776 - 1841"", ""Copy after"": ""Gilbert Stuart, 3 Dec 1755 - 9 Jul 1828\nJohn James Barralet, 1747 - 1815"", ""Sitter"": ""George Washington, 22 Feb 1732 - 14 Dec 1799""}",,"{""Type"": ""Print""}","{""Medium"": ""Engraving on paper"", ""Dimensions"": ""Image: 36.7cm x 25cm (14 7/16\"" x 9 13/16\"")\nSheet: 43.5cm x 30.4cm (17 1/8\"" x 11 15/16\"")""}",,,"{""Topic"": ""Home Furnishings\\Furniture\\Seating\\Chair\nCostume\\Headgear\\Military\nPrinted Material\\Document\nWeapon\\Sword\nArchitecture\\Building\\Tent\nHome Furnishings\\Furniture\\Desk\nSymbols & Motifs\\Medal\\Society of the Cincinnati\nExterior\\Military Camp\nTassel\nGeorge Washington: Male\nGeorge Washington: Military and Intelligence\\Army\\Officer\\Revolutionary War\nGeorge Washington: Politics and Government\\Statesman\\Colonial statesman\nGeorge Washington: Business and Finance\\Natural resources commerce\\Agriculturist\\Farmer\nGeorge Washington: Military and Intelligence\\Army\\Officer\\General\nGeorge Washington: Politics and Government\\Government official\\President of US\nGeorge Washington: Science and Technology\\Surveyor\nGeorge Washington: Civilian awards\\Congressional Gold Medal\nPortrait""}","[""1800s""]","[""United States. Army"", ""Washington, George"", ""Edwin, David"", ""Barralet, John James"", ""Stuart, Gilbert""]","[""Exterior views"", ""Prints""]","[""United States""]","[""Business and Finance"", ""Society of the Cincinnati"", ""Natural resources commerce"", ""Home Furnishings"", ""Printed Material"", ""Symbols & Motifs"", ""Colonial statesman"", ""Weapons"", ""Statesman"", ""Chairs"", ""Swords"", ""Seating"", ""Military and Intelligence"", ""American Revolution (1775-1783)"", ""Public officers"", ""Presidents"", ""Military"", ""Congressional Gold Medal"", ""Farmers"", ""Architecture"", ""Government"", ""Portraits"", ""Civilian awards"", ""Military Camp"", ""Furnishings"", ""Headgear"", ""Science and Technology"", ""Tents"", ""Agriculturists"", ""Surveyors"", ""Costume"", ""Tassel"", ""Men"", ""Politics"", ""Medal"", ""Officer""]",1,"[""https://ids.si.edu/ids/deliveryService?id=NPG-NPG_92_28""]","https://ids.si.edu/ids/iiif/NPG-NPG_92_28/full/250,/0/default.jpg",George Washington,David Edwin,1800,men,
2820,https://collections.si.edu/search/detail/edanmdm:npg_NPG.92.26,NPG,edanmdm:npg_NPG.92.26,Thomas Jefferson,"{""Credit Line"": ""National Portrait Gallery, Smithsonian Institution""}","{""Date"": ""1809""}","{""Object number"": ""NPG.92.26""}","{""Artist"": ""Thomas Gimbrede, 1781 - 1832"", ""Copy after"": ""Charles Balthazar Julien F\u00e9vret de Saint-M\u00e9min, 12 Mar 1770 - 23 Jun 1852"", ""Sitter"": ""Thomas Jefferson, 13 Apr 1743 - 4 Jul 1826""}",,"{""Type"": ""Print""}","{""Medium"": ""Engraving on paper"", ""Dimensions"": ""Image/Sheet: 19cm x 14cm (7 1/2\"" x 5 1/2\"")\nMount: 30.5cm x 24.2cm (12\"" x 9 1/2\"")""}",,,"{""Topic"": ""Nature & Environment\\Clouds\nWeapon\\Spear\nMusic\\Musical instrument\\Trumpet\nImaginary\nSymbols & Motifs\\Star\nNature & Environment\\Plant\\Wreath\\Laurel wreath\nSymbols & Motifs\\Banner\nSymbols & Motifs\\Putti\nThomas Jefferson: Male\nThomas Jefferson: Law and Crime\\Lawyer\nThomas Jefferson: Politics and Government\\Government official\\Congressman\\Continental congressman\nThomas Jefferson: Politics and Government\\Statesman\\Colonial statesman\\Signer of Declaration\nThomas Jefferson: Politics and Government\\Vice-President of US\nThomas Jefferson: Business and Finance\\Natural resources commerce\\Agriculturist\\Farmer\nThomas Jefferson: Arts and Culture\\Visual Arts\\Architect\nThomas Jefferson: Politics and Government\\Government official\\President of US\nThomas Jefferson: Politics and Government\\Government official\\Cabinet member\\Secretary of State\nThomas Jefferson: Politics and Government\\Diplomat\\Minister\nThomas Jefferson: Science and Technology\\Inventor\nThomas Jefferson: Politics and Government\\Government official\\US Congressman\\Virginia\nThomas Jefferson: Politics and Government\\Government official\\Governor\\Virginia\nThomas Jefferson: Arts and Culture\\Education and Scholarship\\Founder\\University\nPortrait""}","[""1800s""]","[""Gimbrede, Thomas"", ""Jefferson, Thomas"", ""Saint-Memin, Charles Balthazar Julien Fevret de""]","[""Prints""]","[""United States"", ""Virginia""]","[""Business and Finance"", ""Legislators"", ""Clouds"", ""Natural resources commerce"", ""Secretary of State"", ""Founder"", ""Weapons"", ""Signer of Declaration"", ""Public officers"", ""Vice-Presidents"", ""Diplomats"", ""Minister"", ""Cabinet member"", ""Congressmen"", ""Farmers"", ""Imaginary"", ""Plants"", ""Trumpets"", ""Inventors"", ""Men"", ""Putti"", ""Education and Scholarship"", ""Art"", ""Arts and Culture"", ""Architects"", ""Governors"", ""Universities"", ""Musical instruments"", ""Symbols & Motifs"", ""Colonial statesman"", ""Statesman"", ""Star"", ""Presidents"", ""Nature"", ""Wreath"", ""Government"", ""Diplomacy"", ""Banner"", ""Portraits"", ""Ecology"", ""Lawyers"", ""Laurel wreath"", ""Continental congressman"", ""Science and Technology"", ""Agriculturists"", ""Music"", ""Law and Crime"", ""Politics"", ""Spear""]",1,"[""https://ids.si.edu/ids/deliveryService?id=NPG-NPG_92_26Jefferson-000001""]","https://ids.si.edu/ids/iiif/NPG-NPG_92_26Jefferson-000001/full/250,/0/default.jpg",Thomas Jefferson,Thomas Gimbrede,1809,men,
2821,https://collections.si.edu/search/detail/edanmdm:npg_NPG.92.21,NPG,edanmdm:npg_NPG.92.21,George Washington,"{""Credit Line"": ""National Portrait Gallery, Smithsonian Institution""}","{""Date"": ""1782""}","{""Object number"": ""NPG.92.21""}","{""Artist"": ""John Norman, c. 1748 - 1817"", ""Copy after"": ""Benjamin Blyth, c. 1746 - after 1787\nCharles Willson Peale, 15 Apr 1741 - 22 Feb 1827"", ""Sitter"": ""George Washington, 22 Feb 1732 - 14 Dec 1799""}",,"{""Type"": ""Print""}","{""Medium"": ""Engraving on paper"", ""Dimensions"": ""Image/Sheet: 32.7 x 23cm (12 7/8 x 9 1/16\"")\nMat: 55.9 x 40.6cm (22 x 16\"")""}",,,"{""Topic"": ""Costume\\Dress Accessory\\Epaulet\nSymbols & Motifs\\Flag\nWeapon\\Cannon\nMusic\\Musical instrument\\Drum\nWeapon\\Cannonball\nArchitecture\\Pedestal\nGeorge Washington: Male\nGeorge Washington: Military and Intelligence\\Army\\Officer\\Revolutionary War\nGeorge Washington: Politics and Government\\Statesman\\Colonial statesman\nGeorge Washington: Business and Finance\\Natural resources commerce\\Agriculturist\\Farmer\nGeorge Washington: Military and Intelligence\\Army\\Officer\\General\nGeorge Washington: Politics and Government\\Government official\\President of US\nGeorge Washington: Science and Technology\\Surveyor\nGeorge Washington: Civilian awards\\Congressional Gold Medal\nPortrait""}","[""1780s""]","[""United States. Army"", ""Washington, George"", ""Norman, John"", ""Blyth, Benjamin"", ""Peale, Charles Willson""]","[""Prints""]","[""United States""]","[""Business and Finance"", ""Cannon"", ""Natural resources commerce"", ""Dress accessories"", ""Musical instruments"", ""Symbols & Motifs"", ""Colonial statesman"", ""Weapons"", ""Statesman"", ""Military and Intelligence"", ""American Revolution (1775-1783)"", ""Public officers"", ""Presidents"", ""Congressional Gold Medal"", ""Farmers"", ""Drums (Membranophones)"", ""Architecture"", ""Government"", ""Cannonball"", ""Portraits"", ""Flags"", ""Civilian awards"", ""Science and Technology"", ""Agriculturists"", ""Surveyors"", ""Costume"", ""Music"", ""Men"", ""Politics"", ""Pedestal"", ""Officer""]",1,"[""https://ids.si.edu/ids/deliveryService?id=NPG-NPG_92_21GW-000001""]","https://ids.si.edu/ids/iiif/NPG-NPG_92_21GW-000001/full/250,/0/default.jpg",George Washington,John Norman,1782,men,
2822,https://collections.si.edu/search/detail/edanmdm:npg_NPG.92.154,NPG,edanmdm:npg_NPG.92.154,George Washington,"{""Credit Line"": ""National Portrait Gallery, Smithsonian Institution; gift of Robert L. McNeil, Jr.""}","{""Date"": ""1778""}","{""Object number"": ""NPG.92.154""}","{""Attribution"": ""Charles Willson Peale, 15 Apr 1741 - 22 Feb 1827"", ""Sitter"": ""George Washington, 22 Feb 1732 - 14 Dec 1799""}",,"{""Type"": ""Print""}","{""Medium"": ""Mezzotint"", ""Dimensions"": ""Image: 13.2cm x 10.7cm (5 3/16\"" x 4 3/16\"")\nSheet: 14.2cm x 11cm (5 9/16\"" x 4 5/16\"")""}",,,"{""Topic"": ""George Washington: Male\nGeorge Washington: Military and Intelligence\\Army\\Officer\\Revolutionary War\nGeorge Washington: Politics and Government\\Statesman\\Colonial statesman\nGeorge Washington: Business and Finance\\Natural resources commerce\\Agriculturist\\Farmer\nGeorge Washington: Military and Intelligence\\Army\\Officer\\General\nGeorge Washington: Politics and Government\\Government official\\President of US\nGeorge Washington: Science and Technology\\Surveyor\nGeorge Washington: Civilian awards\\Congressional Gold Medal\nPortrait""}","[""1770s""]","[""United States. Army"", ""Washington, George"", ""Peale, Charles Willson""]","[""Prints""]","[""United States""]","[""Business and Finance"", ""Congressional Gold Medal"", ""Farmers"", ""Government"", ""Natural resources commerce"", ""Portraits"", ""Civilian awards"", ""Science and Technology"", ""Colonial statesman"", ""Agriculturists"", ""Statesman"", ""Surveyors"", ""Military and Intelligence"", ""Men"", ""American Revolution (1775-1783)"", ""Public officers"", ""Politics"", ""Presidents"", ""Officer""]",1,"[""https://ids.si.edu/ids/deliveryService?id=NPG-NPG_92_154GWM-000002""]","https://ids.si.edu/ids/iiif/NPG-NPG_92_154GWM-000002/full/250,/0/default.jpg",George Washington,Charles Willson Peale,1778,men,
2823,https://collections.si.edu/search/detail/edanmdm:npg_NPG.92.153,NPG,edanmdm:npg_NPG.92.153,Display of the United States of America,"{""Credit Line"": ""National Portrait Gallery, Smithsonian Institution""}","{""Date"": ""1791""}","{""Object number"": ""NPG.92.153""}","{""Artist"": ""Amos Doolittle, 1754 - 1832"", ""Copy after"": ""Joseph Wright, 16 Jul 1756 - c. 11 Oct 1793"", ""Sitter"": ""George Washington, 22 Feb 1732 - 14 Dec 1799""}",,"{""Type"": ""Print""}","{""Medium"": ""Engraving on paper"", ""Dimensions"": ""Image: 51.5 x 41.5cm (20 1/4 x 16 5/16\"")\nSheet: 54 x 43.3cm (21 1/4 x 17 1/16\"")\nMat: 71.1 x 55.9cm (28 x 22\"")""}",,,"{""Topic"": ""Costume\\Dress Accessory\\Epaulet\nSymbols & Motifs\\Heraldic motif\\Coat of arms\nGeorge Washington: Male\nGeorge Washington: Military and Intelligence\\Army\\Officer\\Revolutionary War\nGeorge Washington: Politics and Government\\Statesman\\Colonial statesman\nGeorge Washington: Business and Finance\\Natural resources commerce\\Agriculturist\\Farmer\nGeorge Washington: Military and Intelligence\\Army\\Officer\\General\nGeorge Washington: Politics and Government\\Government official\\President of US\nGeorge Washington: Science and Technology\\Surveyor\nGeorge Washington: Civilian awards\\Congressional Gold Medal\nPortrait""}","[""1790s""]","[""United States. Army"", ""Washington, George"", ""Doolittle, Amos"", ""Wright, Joseph""]","[""Prints""]","[""United States""]","[""Business and Finance"", ""Congressional Gold Medal"", ""Farmers"", ""Government"", ""Natural resources commerce"", ""Dress accessories"", ""Coat of arms"", ""Portraits"", ""Civilian awards"", ""Heraldic motif"", ""Science and Technology"", ""Symbols & Motifs"", ""Colonial statesman"", ""Agriculturists"", ""Statesman"", ""Surveyors"", ""Costume"", ""Military and Intelligence"", ""Men"", ""American Revolution (1775-1783)"", ""Public officers"", ""Politics"", ""Presidents"", ""Officer""]",1,"[""https://ids.si.edu/ids/deliveryService?id=NPG-NPG_92_153DisplayoftheUnitedStatesofAmerica-000001""]","https://ids.si.edu/ids/iiif/NPG-NPG_92_153DisplayoftheUnitedStatesofAmerica-000001/full/250,/0/default.jpg",George Washington,Amos Doolittle,1791,men,
2824,https://collections.si.edu/search/detail/edanmdm:npg_NPG.92.122,NPG,edanmdm:npg_NPG.92.122,Charles Cotesworth Pinckney,"{""Credit Line"": ""National Portrait Gallery, Smithsonian Institution; gift of Harriet J. Phelps""}","{""Date"": ""1796""}","{""Object number"": ""NPG.92.122""}","{""Artist"": ""Unidentified Artist"", ""Copy after"": ""James Earl, 1 May 1761 - 16 Aug 1796"", ""Sitter"": ""Charles Cotesworth Pinckney, 25 Feb 1746 - 25 Aug 1825""}","{""Provenance"": ""John Chesnut, Mulberry Plantation, 1796. Purchased by Donald Jackson, 1924; his daughter Harriet S. Phelps, Camden, S.C.; gift NPG 1992""}","{""Type"": ""Painting""}","{""Medium"": ""Oil on canvas"", ""Dimensions"": ""66.2cm x 56.2cm (26 1/16\"" x 22 1/8\"")""}",,,"{""Topic"": ""Costume\\Dress Accessory\\Epaulet\nCharles Cotesworth Pinckney: Male\nCharles Cotesworth Pinckney: Law and Crime\\Lawyer\nCharles Cotesworth Pinckney: Politics and Government\\Presidential candidate\nCharles Cotesworth Pinckney: Military and Intelligence\\Army\\Officer\\Revolutionary War\nCharles Cotesworth Pinckney: Politics and Government\\Diplomat\nCharles Cotesworth Pinckney: Military and Intelligence\\Army\\Officer\\General\nCharles Cotesworth Pinckney: Politics and Government\\Diplomat\\Minister\nCharles Cotesworth Pinckney: Politics and Government\\Government official\\US Congressman\\South Carolina\nCharles Cotesworth Pinckney: Politics and Government\\Government official\\Governor\\South Carolina\nCharles Cotesworth Pinckney: Politics and Government\\Statesman\\Signer of Constitution\nCharles Cotesworth Pinckney: Politics and Government\\Government official\\State Senator\\South Carolina\nCharles Cotesworth Pinckney: Military and Intelligence\\Prisoner of War\nPortrait""}","[""1790s""]","[""United States. Army"", ""Earl, James"", ""Pinckney, Charles Cotesworth""]","[""Paintings""]","[""United States"", ""South Carolina""]","[""Presidential candidate"", ""Legislators"", ""Congressmen"", ""Government"", ""Diplomacy"", ""Dress accessories"", ""Portraits"", ""Lawyers"", ""Governors"", ""Signer of Constitution"", ""Statesman"", ""Costume"", ""Military and Intelligence"", ""Men"", ""Senators"", ""American Revolution (1775-1783)"", ""Public officers"", ""Law and Crime"", ""Politics"", ""Prisoner of War"", ""Diplomats"", ""Minister"", ""Officer""]",1,"[""https://ids.si.edu/ids/deliveryService?id=NPG-NPG_92_122Pinckney-000002""]","https://ids.si.edu/ids/iiif/NPG-NPG_92_122Pinckney-000002/full/250,/0/default.jpg",Charles Cotesworth Pinckney,Unidentified Artist,1796,men,
2826,https://collections.si.edu/search/detail/edanmdm:npg_NPG.91.3,NPG,edanmdm:npg_NPG.91.3,John Quincy Adams,"{""Credit Line"": ""National Portrait Gallery, Smithsonian Institution""}","{""Date"": ""1783""}","{""Object number"": ""NPG.91.3""}","{""Artist"": ""Izaak Schmidt, 11 Jun 1740 - 17 May 1818"", ""Sitter"": ""John Quincy Adams, 11 Jul 1767 - 23 Feb 1848""}",,"{""Type"": ""Drawing""}","{""Medium"": ""Pastel on vellum"", ""Dimensions"": ""Image: 20.5 x 11.3cm (8 1/16 x 4 7/16\"")\nSheet: 26 x 19.5cm (10 1/4 x 7 11/16\"")\nFrame: 34.3 x 29.2 x 5.4cm (13 1/2 x 11 1/2 x 2 1/8\"")""}",,,"{""Topic"": ""John Quincy Adams: Male\nJohn Quincy Adams: Politics and Government\\Government official\\US Congressman\\Massachusetts\nJohn Quincy Adams: Politics and Government\\Government official\\President of US\nJohn Quincy Adams: Politics and Government\\Government official\\Cabinet member\\Secretary of State\nJohn Quincy Adams: Politics and Government\\Government official\\US Senator\\Massachusetts\nJohn Quincy Adams: Politics and Government\\Son of US President\nJohn Quincy Adams: Politics and Government\\Diplomat\\Minister\\US Minister\nPortrait""}","[""1780s""]","[""Adams, John Quincy"", ""Schmidt, Izaak""]","[""Drawings""]","[""United States"", ""Massachusetts""]","[""Legislators"", ""Cabinet member"", ""Congressmen"", ""Government"", ""Son of US President"", ""Diplomacy"", ""Portraits"", ""Secretary of State"", ""US Minister"", ""Men"", ""Senators"", ""Public officers"", ""Politics"", ""Diplomats"", ""Presidents"", ""Minister""]",1,"[""https://ids.si.edu/ids/deliveryService?id=NPG-NPG_91_3_ext""]","https://ids.si.edu/ids/iiif/NPG-NPG_91_3_ext/full/250,/0/default.jpg",John Quincy Adams,Izaak Schmidt,1783,men,
2827,https://collections.si.edu/search/detail/edanmdm:npg_NPG.91.20,NPG,edanmdm:npg_NPG.91.20,James Madison,"{""Credit Line"": ""National Portrait Gallery, Smithsonian Institution""}","{""Date"": ""c. 1801-10""}","{""Object number"": ""NPG.91.20""}","{""Artist"": ""Unidentified Artist"", ""Copy after"": ""John Vanderlyn, 15 Oct 1775 - 23 Sep 1852"", ""Sitter"": ""James Madison, 16 Mar 1751 - 28 Jun 1836""}",,"{""Type"": ""Print""}","{""Medium"": ""Stipple engraving on paper"", ""Dimensions"": ""Image: 20.3cm x 13.3cm (8\"" x 5 1/4\"")\nSheet: 22cm x 15.5cm (8 11/16\"" x 6 1/8\"")""}",,,"{""Topic"": ""James Madison: Male\nJames Madison: Law and Crime\\Lawyer\nJames Madison: Politics and Government\\Government official\\State Legislator\\Virginia\nJames Madison: Politics and Government\\Government official\\Congressman\\Continental congressman\nJames Madison: Politics and Government\\Government official\\President of US\nJames Madison: Politics and Government\\Government official\\Cabinet member\\Secretary of State\nJames Madison: Arts and Culture\\Literature\\Writer\\Essayist\nJames Madison: Politics and Government\\Government official\\US Congressman\\Virginia\nJames Madison: Politics and Government\\Statesman\\Signer of Constitution\nPortrait""}","[""1800s"", ""1810s""]","[""Madison, James"", ""Vanderlyn, John""]","[""Prints""]","[""United States"", ""Virginia""]","[""Legislators"", ""Cabinet member"", ""Congressmen"", ""Arts and Culture"", ""Literature"", ""Writers"", ""Government"", ""Essayist"", ""Portraits"", ""Lawyers"", ""Secretary of State"", ""Signer of Constitution"", ""Continental congressman"", ""Statesman"", ""Men"", ""Public officers"", ""Law and Crime"", ""Politics"", ""Presidents""]",1,"[""https://ids.si.edu/ids/deliveryService?id=NPG-9100040B_1""]","https://ids.si.edu/ids/iiif/NPG-9100040B_1/full/250,/0/default.jpg",James Madison,Unidentified Artist,1801,men,Writers
2828,https://collections.si.edu/search/detail/edanmdm:npg_NPG.91.150,NPG,edanmdm:npg_NPG.91.150,Benjamin Franklin,"{""Credit Line"": ""National Portrait Gallery, Smithsonian Institution""}","{""Date"": ""1780""}","{""Object number"": ""NPG.91.150""}","{""Artist"": ""Unidentified Artist"", ""Copy after"": ""Anne-Rosalie Bocquet Filleul, 1752 - 1794"", ""Publisher"": ""H. T. Bligny"", ""Sitter"": ""Benjamin Franklin, 17 Jan 1706 - 17 Apr 1790""}",,"{""Type"": ""Print""}","{""Medium"": ""Line engraving on paper"", ""Dimensions"": ""Image: 31.8cm x 21cm (12 1/2\"" x 8 1/4\"")\nSheet: 34.8cm x 23cm (13 11/16\"" x 9 1/16\"")""}",,,"{""Topic"": ""Nature & Environment\\Plant\\Tree\nWeapon\\Spear\nPrinted Material\\Map\nImaginary\nHome Furnishings\\Lighting Devices\\Lantern\nNature & Environment\\Animal\\Bird\nCostume\\Outerwear\\Coat\\Fur\nNature & Environment\\Animal\\Bird\\Eagle\nCostume\\Headgear\\Hat\\Cap\\Phrygian cap\nNature & Environment\\Animal\\Bird\\Dove\nBenjamin Franklin: Male\nBenjamin Franklin: Arts and Culture\\Literature\\Writer\nBenjamin Franklin: Politics and Government\\Statesman\\Colonial statesman\nBenjamin Franklin: Politics and Government\\Government official\\Congressman\\Continental congressman\nBenjamin Franklin: Politics and Government\\Statesman\\Colonial statesman\\Signer of Declaration\nBenjamin Franklin: Science and Technology\\Scientist\nBenjamin Franklin: Politics and Government\\Diplomat\nBenjamin Franklin: Social Welfare and Reform\\Philanthropist\nBenjamin Franklin: Science and Technology\\Inventor\nBenjamin Franklin: Business and Finance\\Tradesman\\Printer\nBenjamin Franklin: Politics and Government\\Government official\\Postmaster\nPortrait""}","[""1780s""]","[""Filleul, Anne-Rosalie Bocquet"", ""Franklin, Benjamin"", ""H. T. Bligny""]","[""Maps"", ""Prints""]",,"[""Social Welfare and Reform"", ""Business and Finance"", ""Legislators"", ""Lantern"", ""Arts and Culture"", ""Phrygian cap"", ""Writers"", ""Home Furnishings"", ""Eagles"", ""Printer"", ""Printed Material"", ""Colonial statesman"", ""Weapons"", ""Statesman"", ""Signer of Declaration"", ""Public officers"", ""Diplomats"", ""Coat"", ""Nature"", ""Trees"", ""Literature"", ""Congressmen"", ""Government"", ""Diplomacy"", ""Imaginary"", ""Outerwear"", ""Birds"", ""Portraits"", ""Ecology"", ""Plants"", ""Tradesman"", ""Headgear"", ""Continental congressman"", ""Science and Technology"", ""Animals"", ""Lighting Devices"", ""Inventors"", ""Costume"", ""Men"", ""Philanthropists"", ""Hats"", ""Dove"", ""Politics"", ""Scientists"", ""Spear"", ""Postmasters""]",1,"[""https://ids.si.edu/ids/deliveryService?id=NPG-NPG_91_150""]","https://ids.si.edu/ids/iiif/NPG-NPG_91_150/full/250,/0/default.jpg",Benjamin Franklin,Unidentified Artist,1780,men,Writers
2830,https://collections.si.edu/search/detail/edanmdm:npg_NPG.90.80,NPG,edanmdm:npg_NPG.90.80,Nathanael Greene,"{""Credit Line"": ""National Portrait Gallery, Smithsonian Institution""}","{""Date"": ""c. 1781""}","{""Object number"": ""NPG.90.80""}","{""Artist"": ""Augustin Dupre, 6 Oct 1748 - 30 Jan 1833"", ""Sitter"": ""Nathanael Greene, 7 Aug 1742 - 19 Jun 1786""}",,"{""Type"": ""Medal""}","{""Medium"": ""Pewter"", ""Dimensions"": ""5.6 \u00d7 0.5 cm (2 3/16 \u00d7 3/16\"")""}",,,"{""Topic"": ""Game\\Playing cards\nMedallion\nNathanael Greene: Male\nNathanael Greene: Military and Intelligence\\Army\\Officer\\Revolutionary War\nNathanael Greene: Military and Intelligence\\Army\\Officer\\General\nNathanael Greene: Business and Finance\\Businessperson\\Industrialist\\Manufacturer\\Iron\nNathanael Greene: Civilian awards\\Congressional Gold Medal\nPortrait""}","[""1770s"", ""1780s""]","[""United States. Army"", ""Dupre, Augustin"", ""Greene, Nathanael""]","[""Medals""]",,"[""Business and Finance"", ""Congressional Gold Medal"", ""Playing cards"", ""Businessperson"", ""Portraits"", ""Industrialist"", ""Iron"", ""Civilian awards"", ""Medallion"", ""Military and Intelligence"", ""Games"", ""Men"", ""Manufacturer"", ""American Revolution (1775-1783)"", ""Officer""]",0,,,Nathanael Greene,Augustin Dupre,1781,Men,
2831,https://collections.si.edu/search/detail/edanmdm:npg_NPG.90.43,NPG,edanmdm:npg_NPG.90.43,Thomas Paine,"{""Credit Line"": ""National Portrait Gallery, Smithsonian Institution""}","{""Date"": ""c. 1792""}","{""Object number"": ""NPG.90.43""}","{""Attribution"": ""Samuel Collings, ? - 1795"", ""Sitter"": ""Thomas Paine, 29 Jan 1737 - 8 Jun 1809""}",,"{""Type"": ""Drawing""}","{""Medium"": ""Pencil, ink and wash on paper"", ""Dimensions"": ""Image: 17.2 x 13.5cm (6 3/4 x 5 5/16\"")\nMat: 45.7 x 35.6cm (18 x 14\"")""}",,,"{""Topic"": ""Interior\nHome Furnishings\\Furniture\\Seating\\Chair\nPrinted Material\\Book\nThomas Paine: Male\nThomas Paine: Arts and Culture\\Literature\\Writer\nThomas Paine: Politics and Government\\Statesman\nThomas Paine: Arts and Culture\\Journalism and Media\\Magazine editor\nThomas Paine: Science and Technology\\Inventor\nThomas Paine: Social Welfare and Reform\\Reformer\\Humanitarian\nPortrait""}","[""1780s"", ""1790s""]","[""Collings, Samuel"", ""Paine, Thomas""]","[""Drawings""]",,"[""Social Welfare and Reform"", ""Books and reading"", ""Arts and Culture"", ""Literature"", ""Writers"", ""Government"", ""Interior decoration"", ""Magazine editor"", ""Portraits"", ""Home Furnishings"", ""Furnishings"", ""Reformers"", ""Printed Material"", ""Design"", ""Science and Technology"", ""Statesman"", ""Inventors"", ""Humanitarianism"", ""Chairs"", ""Seating"", ""Men"", ""Politics"", ""Journalism and Media""]",1,"[""https://ids.si.edu/ids/deliveryService?id=NPG-NPG_90_43""]","https://ids.si.edu/ids/iiif/NPG-NPG_90_43/full/250,/0/default.jpg",Thomas Paine,Samuel Collings,1792,men,Writers
2832,https://collections.si.edu/search/detail/edanmdm:npg_NPG.90.104,NPG,edanmdm:npg_NPG.90.104,Thomas Paine,"{""Credit Line"": ""National Portrait Gallery, Smithsonian Institution""}","{""Date"": ""1793""}","{""Object number"": ""NPG.90.104""}","{""Artist"": ""William Sharp, 1749 - 1824"", ""Copy after"": ""George Romney, 26 Dec 1734 - 15 Nov 1802"", ""Sitter"": ""Thomas Paine, 29 Jan 1737 - 8 Jun 1809""}",,"{""Type"": ""Print""}","{""Medium"": ""Engraving on paper"", ""Dimensions"": ""Image: 26.2 \u00d7 21.5 cm (10 5/16 \u00d7 8 7/16\"")\nSheet: 37.8 \u00d7 28.2 cm (14 7/8 \u00d7 11 1/8\"")\nMat: 55.9 \u00d7 40.6 cm (22 \u00d7 16\"")""}",,,"{""Topic"": ""Printed Material\\Document\nEquipment\\Drafting & Writing Implements\\Writing implement\\Pen\\Quill\nEquipment\\Drafting & Writing Implements\\Inkstand\nThomas Paine: Male\nThomas Paine: Arts and Culture\\Literature\\Writer\nThomas Paine: Politics and Government\\Statesman\nThomas Paine: Arts and Culture\\Journalism and Media\\Magazine editor\nThomas Paine: Science and Technology\\Inventor\nThomas Paine: Social Welfare and Reform\\Reformer\\Humanitarian\nPortrait""}","[""1790s""]","[""Sharp, William"", ""Paine, Thomas"", ""Romney, George""]","[""Prints""]",,"[""Social Welfare and Reform"", ""Arts and Culture"", ""Literature"", ""Writers"", ""Government"", ""Magazine editor"", ""Quill"", ""Portraits"", ""Drafting & Writing Implements"", ""Reformers"", ""Printed Material"", ""Science and Technology"", ""Inkstand"", ""Statesman"", ""Inventors"", ""Humanitarianism"", ""Men"", ""Politics"", ""Journalism and Media"", ""Pens""]",1,"[""https://ids.si.edu/ids/deliveryService?id=NPG-NPG_90_104_ext""]","https://ids.si.edu/ids/iiif/NPG-NPG_90_104_ext/full/250,/0/default.jpg",Thomas Paine,William Sharp,1793,men,Writers
2834,https://collections.si.edu/search/detail/edanmdm:npg_NPG.89.205,NPG,edanmdm:npg_NPG.89.205,Charles Willson Peale Self-Portrait,"{""Credit Line"": ""National Portrait Gallery, Smithsonian Institution; frame conserved with funds from the Smithsonian Women's Committee""}","{""Date"": ""c. 1791""}","{""Object number"": ""NPG.89.205""}","{""Artist"": ""Charles Willson Peale, 15 Apr 1741 - 22 Feb 1827"", ""Sitter"": ""Charles Willson Peale, 15 Apr 1741 - 22 Feb 1827""}","{""Exhibition Label"": ""Born Queen Anne\u2019s County, Maryland\nFollowing artistic training in London, Charles Willson Peale recrossed the Atlantic in 1769 to embark on a successful painting career, chiefly in Maryland and Pennsylvania. He is estimated to have painted over a thousand portraits of the powerful and elite. Many of Peale\u2019s family members became distinguished artists as well.\nIn his mid-forties\u2014seven years before painting this self-portrait\u2014Peale turned his attention to creating the young republic\u2019s first scientifically organized museum. Opened in 1786, Peale\u2019s Philadelphia Museum was intended as a democratic site of education and entertainment, accessible to anyone with the twenty-five-cent admission price. The wide-ranging collections included portraits of famous men, models of new inventions, animals preserved by taxidermy, and fossils. The central attraction, a mastodon skeleton excavated during a scientific expedition directed by Peale, helped prove the existence of prehistoric animals.\nNacido en Queen Anne\u2019s County, Maryland\nTerminada su educaci\u00f3n art\u00edstica en Londres, Charles Willson Peale cruz\u00f3 de nuevo el Atl\u00e1ntico en 1769 para emprender una exitosa carrera de pintor, mayormente en Maryland y Pensilvania. Se estima que pint\u00f3 m\u00e1s de mil retratos de la \u00e9lite y los poderosos. La familia de Peale incluye muchos otros artistas distinguidos.\nA sus cuarenta y tantos a\u00f1os, siete antes de pintar este autorretrato, Peale se dedic\u00f3 a crear el primer museo de la joven rep\u00fablica organizado cient\u00edficamente. Inaugurado en 1786, el Museo de Filadelfia fue creado por Peale como espacio democr\u00e1tico de educaci\u00f3n y entretenimiento, accesible a cualquiera por una entrada de 25 centavos. Las variadas colecciones inclu\u00edan retratos de hombres famosos, modelos de inventos nuevos, animales disecados y f\u00f3siles. La atracci\u00f3n central, el esqueleto de un mastodonte desenterrado en una expedici\u00f3n cient\u00edfica dirigida por Peale, ayud\u00f3 a probar la existencia de los animales prehist\u00f3ricos."", ""Provenance"": ""A. Kenny C. Palmer, New York; purchased June 15, 1937 by Andrew Varick Stout, New York; his daughter Holly Callery, Charlotte, Vt.; (Lapham and Dibble Gallery, Inc., Shoreham, Vt.); purchased 1989 NPG""}","{""Type"": ""Painting""}","{""Medium"": ""Oil on canvas"", ""Dimensions"": ""Frame: 84.8 x 72.1 x 7.3cm (33 3/8 x 28 3/8 x 2 7/8\"")""}",,,"{""Topic"": ""Self-portrait\nCharles Willson Peale: Male\nCharles Willson Peale: Arts and Culture\\Literature\\Writer\nCharles Willson Peale: Arts and Culture\\Visual Arts\\Artist\\Painter\nCharles Willson Peale: Arts and Culture\\Visual Arts\\Artist\\Portraitist\nCharles Willson Peale: Arts and Culture\\Visual Arts\\Founder\\Art museum founder\nCharles Willson Peale: Military and Intelligence\\Militia\\Officer\nCharles Willson Peale: Science and Technology\\Scientist\\Naturalist\nCharles Willson Peale: Politics and Government\\Government official\\State Legislator\\Pennsylvania\nPortrait""}","[""1790s""]","[""Peale, Charles Willson""]","[""Paintings""]","[""United States"", ""Pennsylvania""]","[""Legislators"", ""Art"", ""Arts and Culture"", ""Literature"", ""Painters"", ""Self-portraits"", ""Writers"", ""Government"", ""Portraits"", ""Founder"", ""Art museum founder"", ""Naturalists"", ""Science and Technology"", ""Portraitist"", ""Military and Intelligence"", ""Men"", ""Public officers"", ""Politics"", ""Scientists"", ""Artists"", ""Military"", ""Officer""]",1,"[""https://ids.si.edu/ids/deliveryService?id=NPG-NPG_89_205""]","https://ids.si.edu/ids/iiif/NPG-NPG_89_205/full/250,/0/default.jpg",Charles Willson Peale,Charles Willson Peale,1791,men,Writers
2835,https://collections.si.edu/search/detail/edanmdm:npg_NPG.89.168,NPG,edanmdm:npg_NPG.89.168,John Hancock,"{""Credit Line"": ""National Portrait Gallery, Smithsonian Institution""}","{""Date"": ""1775""}","{""Object number"": ""NPG.89.168""}","{""Artist"": ""William Smith, 1750? - 1825?"", ""Copy after"": ""John Singleton Copley, 3 Jul 1738 - 9 Sep 1815"", ""Sitter"": ""John Hancock, 12 Jan 1737 - 8 Oct 1793""}",,"{""Type"": ""Print""}","{""Medium"": ""Hand-colored mezzotint on paper"", ""Dimensions"": ""image: 31.5cm x 24.9cm (12 3/8\"" x 9 13/16\""), Accurate\nSheet: 35.2cm x 24.9cm (13 7/8\"" x 9 13/16\""), Accurate""}",,,"{""Topic"": ""John Hancock: Male\nJohn Hancock: Politics and Government\\Statesman\\Colonial statesman\nJohn Hancock: Politics and Government\\Statesman\\Colonial statesman\\Signer of Declaration\nJohn Hancock: Politics and Government\\Government official\\Governor\\Massachusetts\nJohn Hancock: Business and Finance\\Businessperson\\Merchant\nPortrait""}","[""1770s""]","[""Smith, William"", ""Hancock, John"", ""Copley, John Singleton""]","[""Prints""]","[""Massachusetts""]","[""Business and Finance"", ""Colonial statesman"", ""Merchants"", ""Statesman"", ""Government"", ""Businessperson"", ""Men"", ""Signer of Declaration"", ""Portraits"", ""Public officers"", ""Politics"", ""Governors""]",1,"[""https://ids.si.edu/ids/deliveryService?id=NPG-8900484B_1""]","https://ids.si.edu/ids/iiif/NPG-8900484B_1/full/250,/0/default.jpg",John Hancock,William Smith,1775,men,
2837,https://collections.si.edu/search/detail/edanmdm:npg_NPG.88.68,NPG,edanmdm:npg_NPG.88.68,John Hancock,"{""Credit Line"": ""National Portrait Gallery, Smithsonian Institution""}","{""Date"": ""1775""}","{""Object number"": ""NPG.88.68""}","{""Artist"": ""Joseph Hiller, Sr., 1748 - 1814"", ""Copy after"": ""John Singleton Copley, 3 Jul 1738 - 9 Sep 1815"", ""Sitter"": ""John Hancock, 12 Jan 1737 - 8 Oct 1793""}",,"{""Type"": ""Print""}","{""Medium"": ""Hand-colored mezzotint on paper"", ""Dimensions"": ""Image: 22.7 x 20.3cm (8 15/16 x 8\"")\nSheet: 25.1 x 20.3cm (9 7/8 x 8\"")""}",,,"{""Topic"": ""Tassel\nJohn Hancock: Male\nJohn Hancock: Politics and Government\\Statesman\\Colonial statesman\nJohn Hancock: Politics and Government\\Statesman\\Colonial statesman\\Signer of Declaration\nJohn Hancock: Politics and Government\\Government official\\Governor\\Massachusetts\nJohn Hancock: Business and Finance\\Businessperson\\Merchant\nPortrait""}","[""1770s""]","[""Hiller, Joseph"", ""Hancock, John"", ""Copley, John Singleton""]","[""Prints""]","[""Massachusetts""]","[""Business and Finance"", ""Merchants"", ""Government"", ""Businessperson"", ""Portraits"", ""Governors"", ""Colonial statesman"", ""Statesman"", ""Tassel"", ""Men"", ""Signer of Declaration"", ""Public officers"", ""Politics""]",1,"[""https://ids.si.edu/ids/deliveryService?id=NPG-NPG_88_68Hancock-000002""]","https://ids.si.edu/ids/iiif/NPG-NPG_88_68Hancock-000002/full/250,/0/default.jpg",John Hancock,Joseph Hiller,1775,men,
2838,https://collections.si.edu/search/detail/edanmdm:npg_NPG.88.169,NPG,edanmdm:npg_NPG.88.169,George Washington,"{""Credit Line"": ""National Portrait Gallery, Smithsonian Institution""}","{""Date"": ""1794""}","{""Object number"": ""NPG.88.169""}","{""Artist"": ""Joseph Hiller, Jr., 1777 - 1795"", ""Copy after"": ""Joseph Wright, 16 Jul 1756 - c. 11 Oct 1793"", ""Sitter"": ""George Washington, 22 Feb 1732 - 14 Dec 1799""}",,"{""Type"": ""Print""}","{""Medium"": ""Engraving on paper"", ""Dimensions"": ""Image: 6.6cm x 4.9cm (2 5/8\"" x 1 15/16\"")\nSheet: 9cm x 6.2cm (3 9/16\"" x 2 7/16\"")""}",,,"{""Topic"": ""George Washington: Male\nGeorge Washington: Military and Intelligence\\Army\\Officer\\Revolutionary War\nGeorge Washington: Politics and Government\\Statesman\\Colonial statesman\nGeorge Washington: Business and Finance\\Natural resources commerce\\Agriculturist\\Farmer\nGeorge Washington: Military and Intelligence\\Army\\Officer\\General\nGeorge Washington: Politics and Government\\Government official\\President of US\nGeorge Washington: Science and Technology\\Surveyor\nGeorge Washington: Civilian awards\\Congressional Gold Medal\nPortrait""}","[""1790s""]","[""United States. Army"", ""Hiller, Joseph"", ""Washington, George"", ""Wright, Joseph""]","[""Prints""]","[""United States""]","[""Business and Finance"", ""Congressional Gold Medal"", ""Farmers"", ""Government"", ""Natural resources commerce"", ""Portraits"", ""Civilian awards"", ""Science and Technology"", ""Colonial statesman"", ""Agriculturists"", ""Statesman"", ""Surveyors"", ""Military and Intelligence"", ""Men"", ""American Revolution (1775-1783)"", ""Public officers"", ""Politics"", ""Presidents"", ""Officer""]",1,"[""https://ids.si.edu/ids/deliveryService?id=NPG-NPG_88_169_ext""]","https://ids.si.edu/ids/iiif/NPG-NPG_88_169_ext/full/250,/0/default.jpg",George Washington,Joseph Hiller,1794,men,
2839,https://collections.si.edu/search/detail/edanmdm:npg_NPG.87.43,NPG,edanmdm:npg_NPG.87.43,Benjamin Franklin,"{""Credit Line"": ""National Portrait Gallery, Smithsonian Institution; gift of the Morris and Gwendolyn Cafritz Foundation""}","{""Date"": ""c. 1785""}","{""Object number"": ""NPG.87.43""}","{""Artist"": ""Joseph Siffred Duplessis, 22 Sep 1725 - 1 Apr 1802"", ""Sitter"": ""Benjamin Franklin, 17 Jan 1706 - 17 Apr 1790""}","{""Exhibition Label"": ""Born Boston, Massachusetts\nDuring his time, Benjamin Franklin was the most famous American in the world. He remains highly visible today as the face on the $100 bill; this portrait was selected as the basis for that engraving in 1995.\nFranklin represented colonial interests in England from 1757 to 1775. Upon his return, he was unanimously elected to represent Pennsylvania at the Second Continental Congress. Behind him was a lifetime of achievement as a printer, an unsurpassed author of wit and wisdom, an inventor, and a scientist. Ahead were his roles as a signer of the Declaration of Independence and a member of the Constitutional Convention. In between was his triumph as a diplomat in France (1776\u201385), where this portrait was commissioned by Madame Brillon de Jouy. In a letter, she praised Franklin for his sound moral teaching and lively imagination but found his \u201cdroll roguishness\u201d most endearing.\nNacido en Boston, Massachusetts\nEn su \u00e9poca, Benjamin Franklin fue el estadounidense m\u00e1s famoso del mundo. Hoy todav\u00eda est\u00e1 muy presente con su imagen en los billetes de $100, y fue este retrato el que se us\u00f3 como base para ese grabado en 1995.\nFranklin represent\u00f3 los intereses de la colonia en Inglaterra entre 1757 y 1775. A su regreso fue elegido un\u00e1nimemente para representar a Pensilvania en el Segundo Congreso Continental. Ten\u00eda tras de s\u00ed una vida de logros como impresor, autor de ingenio y sabidur\u00eda sin par, inventor y cient\u00edfico. M\u00e1s tarde ser\u00eda uno de los firmantes de la Declaraci\u00f3n de Independencia y miembro de la Convenci\u00f3n Constitucional. Mientras tanto, triunf\u00f3 como diplom\u00e1tico en Francia (1776\u201385), donde Madame Brillon de Jouy encarg\u00f3 este retrato. En una carta, ella elogi\u00f3 a Franklin por sus sensatos consejos morales y su viva imaginaci\u00f3n, si bien por otro lado habla encantada de su \u201cgraciosa picard\u00eda\u201d."", ""Provenance"": ""Sitter; gift to Anne Louise Boyvin d'Hardancourt, Mme. Brillon de Jouy [1744-1824]. Her descendant Gilles de Carpentier, Toulouse; sold through (Meredith Frapier, Paris) to NPG 1987""}","{""Type"": ""Painting""}","{""Medium"": ""Oil on canvas"", ""Dimensions"": ""Stretcher: 72.4 x 59.7 x 3.8cm (28 1/2 x 23 1/2 x 1 1/2\"")\nFrame: 92.7 x 80 x 8.3cm (36 1/2 x 31 1/2 x 3 1/4\"")""}","{""Place"": ""France\\\u00cele-de-France\\Ville de Paris, D\u00e9partment de\\Paris""}",,"{""Topic"": ""Home Furnishings\\Furniture\\Seating\\Chair\nBenjamin Franklin: Male\nBenjamin Franklin: Arts and Culture\\Literature\\Writer\nBenjamin Franklin: Politics and Government\\Statesman\\Colonial statesman\nBenjamin Franklin: Politics and Government\\Government official\\Congressman\\Continental congressman\nBenjamin Franklin: Politics and Government\\Statesman\\Colonial statesman\\Signer of Declaration\nBenjamin Franklin: Science and Technology\\Scientist\nBenjamin Franklin: Politics and Government\\Diplomat\nBenjamin Franklin: Social Welfare and Reform\\Philanthropist\nBenjamin Franklin: Science and Technology\\Inventor\nBenjamin Franklin: Business and Finance\\Tradesman\\Printer\nBenjamin Franklin: Politics and Government\\Government official\\Postmaster\nPortrait""}","[""1780s"", ""1790s""]","[""Duplessis, Joseph Siffred"", ""Franklin, Benjamin""]","[""Paintings""]","[""Europe"", ""\u00cele-de-France"", ""Ville de Paris, D\u00e9partment de"", ""France""]","[""Social Welfare and Reform"", ""Business and Finance"", ""Legislators"", ""Arts and Culture"", ""Writers"", ""Home Furnishings"", ""Printer"", ""Colonial statesman"", ""Statesman"", ""Chairs"", ""Seating"", ""Signer of Declaration"", ""Public officers"", ""Diplomats"", ""Literature"", ""Congressmen"", ""Government"", ""Diplomacy"", ""Portraits"", ""Tradesman"", ""Furnishings"", ""Continental congressman"", ""Science and Technology"", ""Inventors"", ""Men"", ""Philanthropists"", ""Politics"", ""Scientists"", ""Postmasters""]",1,"[""https://ids.si.edu/ids/deliveryService?id=NPG-NPG_87_43""]","https://ids.si.edu/ids/iiif/NPG-NPG_87_43/full/250,/0/default.jpg",Benjamin Franklin,Joseph Siffred Duplessis,1785,men,Writers
2846,https://collections.si.edu/search/detail/edanmdm:npg_NPG.85.142,NPG,edanmdm:npg_NPG.85.142,George Washington,"{""Credit Line"": ""National Portrait Gallery, Smithsonian Institution""}","{""Date"": ""1801""}","{""Object number"": ""NPG.85.142""}","{""Attribution"": ""George Graham, active 1786 - 1813"", ""Copy after"": ""Gilbert Stuart, 3 Dec 1755 - 9 Jul 1828"", ""Publisher"": ""Atkins And Nightingale"", ""Sitter"": ""George Washington, 22 Feb 1732 - 14 Dec 1799""}",,"{""Type"": ""Print""}","{""Medium"": ""Mezzotint on paper"", ""Dimensions"": ""Sheet: 62.8 x 44.5 cm (24 3/4 x 17 1/2\"")""}",,,"{""Topic"": ""Home Furnishings\\Furniture\\Seating\\Chair\nPrinted Material\\Book\nHome Furnishings\\Furniture\\Table\nPrinted Material\\Papers\nWeapon\\Sword\nArchitecture\\Column\nEquipment\\Drafting & Writing Implements\\Writing implement\\Pen\\Quill\nHome Furnishings\\Curtain\nGeorge Washington: Male\nGeorge Washington: Military and Intelligence\\Army\\Officer\\Revolutionary War\nGeorge Washington: Politics and Government\\Statesman\\Colonial statesman\nGeorge Washington: Business and Finance\\Natural resources commerce\\Agriculturist\\Farmer\nGeorge Washington: Military and Intelligence\\Army\\Officer\\General\nGeorge Washington: Politics and Government\\Government official\\President of US\nGeorge Washington: Science and Technology\\Surveyor\nGeorge Washington: Civilian awards\\Congressional Gold Medal\nPortrait""}","[""1800s""]","[""Graham, George"", ""United States. Army"", ""Washington, George"", ""Atkins And Nightingale"", ""Stuart, Gilbert""]","[""Prints""]","[""United States""]","[""Business and Finance"", ""Books and reading"", ""Papers"", ""Natural resources commerce"", ""Quill"", ""Home Furnishings"", ""Printed Material"", ""Colonial statesman"", ""Weapons"", ""Statesman"", ""Chairs"", ""Swords"", ""Column"", ""Seating"", ""Military and Intelligence"", ""Curtain"", ""Tables"", ""American Revolution (1775-1783)"", ""Public officers"", ""Presidents"", ""Congressional Gold Medal"", ""Farmers"", ""Architecture"", ""Government"", ""Portraits"", ""Civilian awards"", ""Drafting & Writing Implements"", ""Furnishings"", ""Science and Technology"", ""Agriculturists"", ""Surveyors"", ""Men"", ""Politics"", ""Pens"", ""Officer""]",1,"[""https://ids.si.edu/ids/deliveryService?id=NPG-NPG_85_142Washington-000001""]","https://ids.si.edu/ids/iiif/NPG-NPG_85_142Washington-000001/full/250,/0/default.jpg",George Washington,George Graham,1801,men,
2847,https://collections.si.edu/search/detail/edanmdm:npg_NPG.85.137,NPG,edanmdm:npg_NPG.85.137,Washington in His Last Illness,"{""Credit Line"": ""National Portrait Gallery, Smithsonian Institution""}","{""Date"": ""1800""}","{""Object number"": ""NPG.85.137""}","{""Artist"": ""Unidentified Artist"", ""Sitter"": ""George Washington, 22 Feb 1732 - 14 Dec 1799""}","{""Exhibition Label"": ""American engravers enjoyed a steady market in the late eighteenth century with the booming demand for illustrations and popular prints. Following the Revolutionary War, George Washington\u2019s status as a national icon spurred the fledgling industry into supplying inexpensive portraits to meet public demand. Washington\u2019s death on December 14, 1799, would prompt an outpouring of oratorical and pictorial tributes. This deathbed scene, which alludes to published accounts of the president\u2019s final moments, shows a physician taking Washington\u2019s pulse with the aid of a stopwatch. Americans purchased souvenir handkerchiefs that featured this image on one side and a complementary mourning picture on the other.\nLos grabadores estadounidenses ten\u00edan un Mercado estable a fines del siglo XVIII con la creciente demanda de ilustraciones y grabados populares. Despu\u00e9s de la Guerra de Independencia, el estatus de George Washington como s\u00edmbolo nacional sirvi\u00f3 de est\u00edmulo a la incipiente industria, que comenz\u00f3 a producir retratos de bajo costo para satisfacer la demanda del p\u00fablico. La muerte de Washington el 14 de diciembre de 1799 habr\u00eda de producer un torrente de tributos oratorios y pict\u00f3ricos. Esta escena en el lecho de muerte, inspirada en relatos publicados de los \u00faltimos momentos del presidente, muestra a un m\u00e9dico tom\u00e1ndole el pulso a Washington con ayuda de un cron\u00f3metro. Tambi\u00e9n se vendieron pa\u00f1uelos recordatorios con esta escena en un lado y una escena de duelo en el otro.""}","{""Type"": ""Print""}","{""Medium"": ""Hand-colored etching with watercolor on paper"", ""Dimensions"": ""Image: 25.4 x 24.3cm (10 x 9 9/16\"")\nSheet: 30.1 \u00d7 24.9cm (11 7/8 \u00d7 9 13/16\"")\nMat: 45.7 x 35.6cm (18 x 14\"")""}",,,"{""Topic"": ""Home Furnishings\\Furniture\\Table\nHome Furnishings\\Furniture\\Bed\nHome Furnishings\\Pillow\nSymbols & Motifs\\Heraldic motif\\Seal\nContainer\\Bottle\\Decanter\nFood\\Beverage\\Alcoholic\nCostume\\Jewelry\\Watch\\Pocket watch\nGeorge Washington: Male\nGeorge Washington: Military and Intelligence\\Army\\Officer\\Revolutionary War\nGeorge Washington: Politics and Government\\Statesman\\Colonial statesman\nGeorge Washington: Business and Finance\\Natural resources commerce\\Agriculturist\\Farmer\nGeorge Washington: Military and Intelligence\\Army\\Officer\\General\nGeorge Washington: Politics and Government\\Government official\\President of US\nGeorge Washington: Science and Technology\\Surveyor\nGeorge Washington: Civilian awards\\Congressional Gold Medal\nPortrait""}","[""1800s""]","[""United States. Army"", ""Washington, George""]","[""Prints""]","[""United States""]","[""Business and Finance"", ""Containers"", ""Pocket watch"", ""Natural resources commerce"", ""Alcohol"", ""Jewelry"", ""Home Furnishings"", ""Symbols & Motifs"", ""Colonial statesman"", ""Bottle"", ""Statesman"", ""Military and Intelligence"", ""Watch"", ""Tables"", ""American Revolution (1775-1783)"", ""Public officers"", ""Beverage"", ""Presidents"", ""Food"", ""Bed"", ""Congressional Gold Medal"", ""Farmers"", ""Government"", ""Portraits"", ""Civilian awards"", ""Heraldic motif"", ""Decanter"", ""Furnishings"", ""Science and Technology"", ""Agriculturists"", ""Surveyors"", ""Costume"", ""Men"", ""Seal"", ""Politics"", ""Pillow"", ""Officer""]",1,"[""https://ids.si.edu/ids/deliveryService?id=NPG-8500274B_2""]","https://ids.si.edu/ids/iiif/NPG-8500274B_2/full/250,/0/default.jpg",George Washington,Unidentified Artist,1800,men,
2851,https://collections.si.edu/search/detail/edanmdm:npg_NPG.84.167,NPG,edanmdm:npg_NPG.84.167,Thomas Paine,"{""Credit Line"": ""National Portrait Gallery, Smithsonian Institution""}","{""Date"": ""1792""}","{""Object number"": ""NPG.84.167""}","{""Artist"": ""Auguste Samdoz, 1792 - 1793?"", ""Copy after"": ""Francois Bonneville\nCharles Willson Peale, 15 Apr 1741 - 22 Feb 1827"", ""Sitter"": ""Thomas Paine, 29 Jan 1737 - 8 Jun 1809""}",,"{""Type"": ""Print""}","{""Medium"": ""Stipple and line engraving on paper"", ""Dimensions"": ""Image: 9.6 \u00d7 7.6 cm (3 3/4 \u00d7 3\"")\nSheet: 27.5 \u00d7 17.8 cm (10 13/16 \u00d7 7\"")""}",,,"{""Topic"": ""Thomas Paine: Male\nThomas Paine: Arts and Culture\\Literature\\Writer\nThomas Paine: Politics and Government\\Statesman\nThomas Paine: Arts and Culture\\Journalism and Media\\Magazine editor\nThomas Paine: Science and Technology\\Inventor\nThomas Paine: Social Welfare and Reform\\Reformer\\Humanitarian\nPortrait""}","[""1790s""]","[""Bonneville, Francois"", ""Samdoz, Auguste"", ""Peale, Charles Willson"", ""Paine, Thomas""]","[""Prints""]",,"[""Social Welfare and Reform"", ""Arts and Culture"", ""Literature"", ""Writers"", ""Government"", ""Magazine editor"", ""Portraits"", ""Reformers"", ""Science and Technology"", ""Statesman"", ""Inventors"", ""Humanitarianism"", ""Men"", ""Politics"", ""Journalism and Media""]",1,"[""https://ids.si.edu/ids/deliveryService?id=NPG-NPG_84_167""]","https://ids.si.edu/ids/iiif/NPG-NPG_84_167/full/250,/0/default.jpg",Thomas Paine,Auguste Samdoz,1792,men,Writers
2852,https://collections.si.edu/search/detail/edanmdm:npg_NPG.84.164,NPG,edanmdm:npg_NPG.84.164,John Adams,"{""Credit Line"": ""National Portrait Gallery, Smithsonian Institution""}","{""Date"": ""c. 1798""}","{""Object number"": ""NPG.84.164""}","{""Artist"": ""George Graham, active 1786 - 1813"", ""Sitter"": ""John Adams, 30 Oct 1735 - 4 Jul 1826""}",,"{""Type"": ""Print""}","{""Medium"": ""Mezzotint on paper"", ""Dimensions"": ""Image: 44.1 x 33.5cm (17 3/8 x 13 3/16\"")\nSheet: 50.2 x 35.5cm (19 3/4 x 14\"")""}",,,"{""Topic"": ""Interior\nHome Furnishings\\Furniture\\Table\nPrinted Material\\Papers\nHome Furnishings\\Drape\nWeapon\\Sword\nJohn Adams: Male\nJohn Adams: Arts and Culture\\Literature\\Writer\nJohn Adams: Politics and Government\\Government official\\Congressman\\Continental congressman\nJohn Adams: Politics and Government\\Statesman\\Colonial statesman\\Signer of Declaration\nJohn Adams: Politics and Government\\Vice-President of US\nJohn Adams: Politics and Government\\Diplomat\nJohn Adams: Politics and Government\\Government official\\President of US\nJohn Adams: Politics and Government\\Government official\\State Legislator\\Massachusetts\nPortrait""}","[""1800s"", ""1790s""]","[""Graham, George"", ""Adams, John""]","[""Prints""]","[""United States"", ""Massachusetts""]","[""Legislators"", ""Arts and Culture"", ""Writers"", ""Papers"", ""Home Furnishings"", ""Printed Material"", ""Design"", ""Colonial statesman"", ""Weapons"", ""Statesman"", ""Swords"", ""Signer of Declaration"", ""Tables"", ""Public officers"", ""Drape"", ""Vice-Presidents"", ""Diplomats"", ""Presidents"", ""Literature"", ""Congressmen"", ""Government"", ""Diplomacy"", ""Interior decoration"", ""Portraits"", ""Furnishings"", ""Continental congressman"", ""Men"", ""Politics""]",1,"[""https://ids.si.edu/ids/deliveryService?id=NPG-NPG_84_164Adams-000001""]","https://ids.si.edu/ids/iiif/NPG-NPG_84_164Adams-000001/full/250,/0/default.jpg",John Adams,George Graham,1798,men,Writers
2854,https://collections.si.edu/search/detail/edanmdm:npg_NPG.84.126,NPG,edanmdm:npg_NPG.84.126,Marquis De Lafayette,"{""Credit Line"": ""National Portrait Gallery, Smithsonian Institution""}","{""Date"": ""1781""}","{""Object number"": ""NPG.84.126""}","{""Artist"": ""No\u00ebl Le Mire, 1724 - 1801"", ""Copy after"": ""Jean Baptiste Le Paon, 1738 - 1785"", ""Sitter"": ""Marquis de Lafayette, 6 Sep 1757 - 20 May 1834""}",,"{""Type"": ""Print""}","{""Medium"": ""Engraving on paper"", ""Dimensions"": ""Image: 42.3 x 32.1cm (16 5/8 x 12 5/8\"")\nSheet: 49.8 x 36.5cm (19 5/8 x 14 3/8\"")""}",,,"{""Topic"": ""Costume\\Headgear\\Hat\nExterior\nWeapon\\Sword\nNature & Environment\\Animal\\Horse\nCostume\\Dress Accessory\\Epaulet\nCostume\\Dress Accessory\\Feather\nHuman Figures\\Servant\nMarquis de Lafayette: Male\nMarquis de Lafayette: Military and Intelligence\\Army\\Officer\nMarquis de Lafayette: Military and Intelligence\\Army\\Officer\\Revolutionary War\nPortrait""}","[""1780s""]","[""United States. Army"", ""Le Mire, Noel"", ""Lafayette"", ""Le Paon, Jean Baptiste""]","[""Exterior views"", ""Prints""]",,"[""Nature"", ""Dress accessories"", ""Portraits"", ""Ecology"", ""Servant"", ""Headgear"", ""Animals"", ""Human Figures"", ""Weapons"", ""Swords"", ""Costume"", ""Military and Intelligence"", ""Men"", ""Horses"", ""Feather"", ""American Revolution (1775-1783)"", ""Hats"", ""Officer""]",1,"[""https://ids.si.edu/ids/deliveryService?id=NPG-NPG_84_126deLafayette-000002""]","https://ids.si.edu/ids/iiif/NPG-NPG_84_126deLafayette-000002/full/250,/0/default.jpg",Marquis de Lafayette,No\u00ebl Le Mire,1781,Men,
2855,https://collections.si.edu/search/detail/edanmdm:npg_NPG.84.116,NPG,edanmdm:npg_NPG.84.116,Thomas Jefferson,"{""Credit Line"": ""National Portrait Gallery, Smithsonian Institution""}","{""Date"": ""1807""}","{""Object number"": ""NPG.84.116""}","{""Attribution"": ""John Norman, c. 1748 - 1817"", ""Sitter"": ""Thomas Jefferson, 13 Apr 1743 - 4 Jul 1826\nGeorge Washington, 22 Feb 1732 - 14 Dec 1799""}",,"{""Type"": ""Print""}","{""Medium"": ""Engraving on paper"", ""Dimensions"": ""Image: 37.9 \u00d7 44 cm (14 15/16 \u00d7 17 5/16\"")\nSheet: 40.3 \u00d7 45.2 cm (15 7/8 \u00d7 17 13/16\"")""}",,,"{""Topic"": ""Nature & Environment\\Plant\\Tree\nVehicle\\Ship\\Sailing ship\nImaginary\nCostume\\Headgear\\Headdress\\Crown\nNature & Environment\\Animal\\Bird\\Eagle\nReligious\\Angel\nSymbols & Motifs\\Putti\nGeorge Washington: Male\nGeorge Washington: Military and Intelligence\\Army\\Officer\\Revolutionary War\nGeorge Washington: Politics and Government\\Statesman\\Colonial statesman\nGeorge Washington: Business and Finance\\Natural resources commerce\\Agriculturist\\Farmer\nGeorge Washington: Military and Intelligence\\Army\\Officer\\General\nGeorge Washington: Politics and Government\\Government official\\President of US\nGeorge Washington: Science and Technology\\Surveyor\nGeorge Washington: Civilian awards\\Congressional Gold Medal\nThomas Jefferson: Male\nThomas Jefferson: Law and Crime\\Lawyer\nThomas Jefferson: Politics and Government\\Government official\\Congressman\\Continental congressman\nThomas Jefferson: Politics and Government\\Statesman\\Colonial statesman\\Signer of Declaration\nThomas Jefferson: Politics and Government\\Vice-President of US\nThomas Jefferson: Business and Finance\\Natural resources commerce\\Agriculturist\\Farmer\nThomas Jefferson: Arts and Culture\\Visual Arts\\Architect\nThomas Jefferson: Politics and Government\\Government official\\President of US\nThomas Jefferson: Politics and Government\\Government official\\Cabinet member\\Secretary of State\nThomas Jefferson: Politics and Government\\Diplomat\\Minister\nThomas Jefferson: Science and Technology\\Inventor\nThomas Jefferson: Politics and Government\\Government official\\US Congressman\\Virginia\nThomas Jefferson: Politics and Government\\Government official\\Governor\\Virginia\nThomas Jefferson: Arts and Culture\\Education and Scholarship\\Founder\\University\nPortrait""}","[""1800s""]","[""United States. Army"", ""Washington, George"", ""Norman, John"", ""Jefferson, Thomas""]","[""Prints""]","[""United States"", ""Virginia""]","[""Business and Finance"", ""Legislators"", ""Natural resources commerce"", ""Secretary of State"", ""Founder"", ""Vehicles"", ""Military and Intelligence"", ""Signer of Declaration"", ""American Revolution (1775-1783)"", ""Public officers"", ""Angels"", ""Vice-Presidents"", ""Diplomats"", ""Minister"", ""Trees"", ""Sailing ships"", ""Congressional Gold Medal"", ""Cabinet member"", ""Farmers"", ""Congressmen"", ""Imaginary"", ""Plants"", ""Civilian awards"", ""Inventors"", ""Men"", ""Putti"", ""Education and Scholarship"", ""Art"", ""Arts and Culture"", ""Architects"", ""Headdresses"", ""Eagles"", ""Governors"", ""Universities"", ""Symbols & Motifs"", ""Colonial statesman"", ""Statesman"", ""Ships"", ""Presidents"", ""Nature"", ""Government"", ""Diplomacy"", ""Religion"", ""Birds"", ""Portraits"", ""Ecology"", ""Lawyers"", ""Headgear"", ""Continental congressman"", ""Science and Technology"", ""Crown"", ""Animals"", ""Agriculturists"", ""Surveyors"", ""Costume"", ""Politics"", ""Law and Crime"", ""Officer""]",1,"[""https://ids.si.edu/ids/deliveryService?id=NPG-8400232B_1""]","https://ids.si.edu/ids/iiif/NPG-8400232B_1/full/250,/0/default.jpg",Thomas Jefferson,John Norman,1807,men,
2857,https://collections.si.edu/search/detail/edanmdm:npg_NPG.83.249,NPG,edanmdm:npg_NPG.83.249,Joel Barlow,"{""Credit Line"": ""National Portrait Gallery, Smithsonian Institution; partial gift of Audrey Barlow Orndorff""}","{""Date"": ""1805""}","{""Object number"": ""NPG.83.249""}","{""Artist"": ""Robert Fulton, 14 Nov 1765 - 25 Feb 1815"", ""Sitter"": ""Joel Barlow, 24 Mar 1754 - 26 Dec 1812""}","{""Provenance"": ""Samuel L. M. Barlow [1892-1982]; his daughter Audrey Barlow [Mrs. W. Ridgely Orndorff], West Palm Beach; purchased 1983 NPG\nAccording to the Frick Art Reference Library it was originally owned by Montgomery Livingston; purchased from his estate by J. Thurston Livingston; given to Adams Express Co.; gift to Samuel L.M. Barlow. Information from a paper attached to back.""}","{""Type"": ""Painting""}","{""Medium"": ""Oil on panel"", ""Dimensions"": ""38.7cm x 32.3cm (15 1/4\"" x 12 11/16\""), Accurate""}",,,"{""Topic"": ""Joel Barlow: Male\nJoel Barlow: Law and Crime\\Lawyer\nJoel Barlow: Arts and Culture\\Literature\\Writer\nJoel Barlow: Arts and Culture\\Literature\\Writer\\Poet\nJoel Barlow: Arts and Culture\\Journalism and Media\\Journalist\nJoel Barlow: Politics and Government\\Diplomat\\Minister\nPortrait""}","[""1800s""]","[""Fulton, Robert"", ""Barlow, Joel""]","[""Paintings""]",,"[""Arts and Culture"", ""Literature"", ""Writers"", ""Government"", ""Diplomacy"", ""Portraits"", ""Lawyers"", ""Men"", ""Journalism"", ""Law and Crime"", ""Politics"", ""Diplomats"", ""Journalism and Media"", ""Poets"", ""Minister""]",1,"[""https://ids.si.edu/ids/deliveryService?id=NPG-NPG_83_249""]","https://ids.si.edu/ids/iiif/NPG-NPG_83_249/full/250,/0/default.jpg",Joel Barlow,Robert Fulton,1805,men,Writers
2859,https://collections.si.edu/search/detail/edanmdm:npg_NPG.82.5,NPG,edanmdm:npg_NPG.82.5,Nathanael Greene,"{""Credit Line"": ""National Portrait Gallery, Smithsonian Institution""}","{""Date"": ""1797""}","{""Object number"": ""NPG.82.5""}","{""Artist"": ""Elkanah Tisdale, 1768 - after 1834"", ""Copy after"": ""John Trumbull, 6 Jun 1756 - 10 Nov 1843"", ""Sitter"": ""Nathanael Greene, 7 Aug 1742 - 19 Jun 1786""}",,"{""Type"": ""Print""}","{""Medium"": ""Stipple engraving on paper"", ""Dimensions"": ""Image: 9.6 \u00d7 7.5 cm (3 3/4 \u00d7 2 15/16\"")\nSheet: 17.7 \u00d7 10.3 cm (6 15/16 \u00d7 4 1/16\"")""}",,,"{""Topic"": ""Costume\\Dress Accessory\\Epaulet\nCostume\\Dress Accessory\\Button\\Brass\nNathanael Greene: Male\nNathanael Greene: Military and Intelligence\\Army\\Officer\\Revolutionary War\nNathanael Greene: Military and Intelligence\\Army\\Officer\\General\nNathanael Greene: Business and Finance\\Businessperson\\Industrialist\\Manufacturer\\Iron\nNathanael Greene: Civilian awards\\Congressional Gold Medal\nPortrait""}","[""1790s""]","[""United States. Army"", ""Tisdale, Elkanah"", ""Trumbull, John"", ""Greene, Nathanael""]","[""Prints""]",,"[""Business and Finance"", ""Congressional Gold Medal"", ""Businessperson"", ""Brass"", ""Dress accessories"", ""Portraits"", ""Industrialist"", ""Iron"", ""Civilian awards"", ""Button"", ""Costume"", ""Military and Intelligence"", ""Men"", ""Manufacturer"", ""American Revolution (1775-1783)"", ""Officer""]",1,"[""https://ids.si.edu/ids/deliveryService?id=NPG-NPG_82_5""]","https://ids.si.edu/ids/iiif/NPG-NPG_82_5/full/250,/0/default.jpg",Nathanael Greene,Elkanah Tisdale,1797,Men,
2860,https://collections.si.edu/search/detail/edanmdm:npg_NPG.82.4,NPG,edanmdm:npg_NPG.82.4,Horatio Gates,"{""Credit Line"": ""National Portrait Gallery, Smithsonian Institution""}","{""Date"": ""1782""}","{""Object number"": ""NPG.82.4""}","{""Artist"": ""John Norman, c. 1748 - 1817"", ""Sitter"": ""Horatio Gates, 1727 - 1806""}",,"{""Type"": ""Print""}","{""Medium"": ""Line engraving on paper"", ""Dimensions"": ""Image: 8.7 \u00d7 6.5 cm (3 7/16 \u00d7 2 9/16\"")\nSheet: 19.5 \u00d7 12 cm (7 11/16 \u00d7 4 3/4\"")""}",,,"{""Topic"": ""Exterior\nCostume\\Dress Accessory\\Epaulet\nHoratio Gates: Male\nHoratio Gates: Politics and Government\\Government official\\State Legislator\\New York\nHoratio Gates: Military and Intelligence\\Army\\Officer\\Revolutionary War\nHoratio Gates: Civilian awards\\Congressional Gold Medal\nPortrait""}","[""1780s""]","[""United States. Army"", ""Norman, John"", ""Gates, Horatio""]","[""Exterior views"", ""Prints""]","[""New York"", ""United States""]","[""Legislators"", ""Congressional Gold Medal"", ""Government"", ""Dress accessories"", ""Portraits"", ""Civilian awards"", ""Costume"", ""Military and Intelligence"", ""Men"", ""Public officers"", ""American Revolution (1775-1783)"", ""Politics"", ""Officer""]",1,"[""https://ids.si.edu/ids/deliveryService?id=NPG-NPG_82_4""]","https://ids.si.edu/ids/iiif/NPG-NPG_82_4/full/250,/0/default.jpg",Horatio Gates,John Norman,1782,men,
2861,https://collections.si.edu/search/detail/edanmdm:npg_NPG.82.36,NPG,edanmdm:npg_NPG.82.36,George Washington,"{""Credit Line"": ""National Portrait Gallery, Smithsonian Institution""}","{""Date"": ""1796""}","{""Object number"": ""NPG.82.36""}","{""Artist"": ""Thomas Cheesman, 1760 - after 1834"", ""Copy after"": ""John Trumbull, 6 Jun 1756 - 10 Nov 1843"", ""Sitter"": ""George Washington, 22 Feb 1732 - 14 Dec 1799""}",,"{""Type"": ""Print""}","{""Medium"": ""Engraving on paper"", ""Dimensions"": ""Image: 65.6 \u00d7 45.3cm (25 13/16 \u00d7 17 13/16\"")\nSheet: 73.1 x 48.1cm (28 3/4 x 18 15/16\"")\nMat: 89.2 x 61cm (35 1/8 x 24\"")""}",,,"{""Topic"": ""Weapon\\Sword\nExterior\\Landscape\\Battleground\nNature & Environment\\Animal\\Horse\nSymbols & Motifs\\Flag\nEquipment\\Optical Devices\\Telescope\\Spyglass\nCostume\\Dress Accessory\\Feather\nWeapon\\Cannon\nHuman Figures\\Soldier\nSymbols & Motifs\\Flag\\National flag\\American\nGeorge Washington: Male\nGeorge Washington: Military and Intelligence\\Army\\Officer\\Revolutionary War\nGeorge Washington: Politics and Government\\Statesman\\Colonial statesman\nGeorge Washington: Business and Finance\\Natural resources commerce\\Agriculturist\\Farmer\nGeorge Washington: Military and Intelligence\\Army\\Officer\\General\nGeorge Washington: Politics and Government\\Government official\\President of US\nGeorge Washington: Science and Technology\\Surveyor\nGeorge Washington: Civilian awards\\Congressional Gold Medal\nPortrait""}","[""1790s""]","[""United States. Army"", ""Washington, George"", ""Trumbull, John"", ""Cheesman, Thomas""]","[""Exterior views"", ""Prints""]","[""United States""]","[""Business and Finance"", ""Optical Devices"", ""Cannon"", ""Soldiers"", ""Natural resources commerce"", ""Dress accessories"", ""Battleground"", ""Symbols & Motifs"", ""Colonial statesman"", ""Human Figures"", ""Weapons"", ""Statesman"", ""Swords"", ""Military and Intelligence"", ""Feather"", ""American Revolution (1775-1783)"", ""Public officers"", ""National flag"", ""Presidents"", ""Nature"", ""Congressional Gold Medal"", ""Farmers"", ""Government"", ""Portraits"", ""Ecology"", ""Flags"", ""Civilian awards"", ""Science and Technology"", ""Landscapes"", ""Animals"", ""Spyglass"", ""Agriculturists"", ""Surveyors"", ""Costume"", ""Men"", ""Horses"", ""Telescopes"", ""Politics"", ""Officer""]",1,"[""https://ids.si.edu/ids/deliveryService?id=NPG-NPG_82_36GW-000001""]","https://ids.si.edu/ids/iiif/NPG-NPG_82_36GW-000001/full/250,/0/default.jpg",George Washington,Thomas Cheesman,1796,men,
2864,https://collections.si.edu/search/detail/edanmdm:npg_NPG.82.209,NPG,edanmdm:npg_NPG.82.209,Thomas Jefferson,"{""Credit Line"": ""National Portrait Gallery, Smithsonian Institution""}","{""Date"": ""c. 1800""}","{""Object number"": ""NPG.82.209""}","{""Artist"": ""Cornelius Tiebout, 1777 - 1832"", ""Copy after"": ""Rembrandt Peale, 22 Feb 1778 - 3 Oct 1860"", ""Sitter"": ""Thomas Jefferson, 13 Apr 1743 - 4 Jul 1826""}",,"{""Type"": ""Print""}","{""Medium"": ""Stipple engraving on paper"", ""Dimensions"": ""Image: 7.5 \u00d7 12.1 cm (2 15/16 \u00d7 4 3/4\"")\nSheet: 19.6 \u00d7 12.6 cm (7 11/16 \u00d7 4 15/16\"")""}",,,"{""Topic"": ""Thomas Jefferson: Male\nThomas Jefferson: Law and Crime\\Lawyer\nThomas Jefferson: Politics and Government\\Government official\\Congressman\\Continental congressman\nThomas Jefferson: Politics and Government\\Statesman\\Colonial statesman\\Signer of Declaration\nThomas Jefferson: Politics and Government\\Vice-President of US\nThomas Jefferson: Business and Finance\\Natural resources commerce\\Agriculturist\\Farmer\nThomas Jefferson: Arts and Culture\\Visual Arts\\Architect\nThomas Jefferson: Politics and Government\\Government official\\President of US\nThomas Jefferson: Politics and Government\\Government official\\Cabinet member\\Secretary of State\nThomas Jefferson: Politics and Government\\Diplomat\\Minister\nThomas Jefferson: Science and Technology\\Inventor\nThomas Jefferson: Politics and Government\\Government official\\US Congressman\\Virginia\nThomas Jefferson: Politics and Government\\Government official\\Governor\\Virginia\nThomas Jefferson: Arts and Culture\\Education and Scholarship\\Founder\\University\nPortrait""}","[""1800s"", ""1790s""]","[""Jefferson, Thomas"", ""Peale, Rembrandt"", ""Tiebout, Cornelius""]","[""Prints""]","[""United States"", ""Virginia""]","[""Business and Finance"", ""Legislators"", ""Art"", ""Arts and Culture"", ""Architects"", ""Natural resources commerce"", ""Secretary of State"", ""Governors"", ""Founder"", ""Universities"", ""Colonial statesman"", ""Statesman"", ""Signer of Declaration"", ""Public officers"", ""Vice-Presidents"", ""Diplomats"", ""Presidents"", ""Minister"", ""Cabinet member"", ""Congressmen"", ""Farmers"", ""Government"", ""Diplomacy"", ""Portraits"", ""Lawyers"", ""Continental congressman"", ""Science and Technology"", ""Agriculturists"", ""Inventors"", ""Men"", ""Law and Crime"", ""Politics"", ""Education and Scholarship""]",1,"[""https://ids.si.edu/ids/deliveryService?id=NPG-NPG_82_209""]","https://ids.si.edu/ids/iiif/NPG-NPG_82_209/full/250,/0/default.jpg",Thomas Jefferson,Cornelius Tiebout,1800,men,
2865,https://collections.si.edu/search/detail/edanmdm:npg_NPG.82.208,NPG,edanmdm:npg_NPG.82.208,Thomas Jefferson,"{""Credit Line"": ""National Portrait Gallery, Smithsonian Institution""}","{""Date"": ""c. 1802""}","{""Object number"": ""NPG.82.208""}","{""Artist"": ""Enoch G. Gridley, active 1801 - 1818"", ""Copy after"": ""Benjamin Tanner, 1775 - 1848"", ""Sitter"": ""Thomas Jefferson, 13 Apr 1743 - 4 Jul 1826""}",,"{""Type"": ""Print""}","{""Medium"": ""Stipple engraving on paper"", ""Dimensions"": ""Image (Image, Accurate): 8.9 \u00d7 5.7 cm (3 1/2 \u00d7 2 1/4\"")\nSheet (Sheet, Accurate): 13 \u00d7 8.7 cm (5 1/8 \u00d7 3 7/16\"")""}",,,"{""Topic"": ""Thomas Jefferson: Male\nThomas Jefferson: Law and Crime\\Lawyer\nThomas Jefferson: Politics and Government\\Government official\\Congressman\\Continental congressman\nThomas Jefferson: Politics and Government\\Statesman\\Colonial statesman\\Signer of Declaration\nThomas Jefferson: Politics and Government\\Vice-President of US\nThomas Jefferson: Business and Finance\\Natural resources commerce\\Agriculturist\\Farmer\nThomas Jefferson: Arts and Culture\\Visual Arts\\Architect\nThomas Jefferson: Politics and Government\\Government official\\President of US\nThomas Jefferson: Politics and Government\\Government official\\Cabinet member\\Secretary of State\nThomas Jefferson: Politics and Government\\Diplomat\\Minister\nThomas Jefferson: Science and Technology\\Inventor\nThomas Jefferson: Politics and Government\\Government official\\US Congressman\\Virginia\nThomas Jefferson: Politics and Government\\Government official\\Governor\\Virginia\nThomas Jefferson: Arts and Culture\\Education and Scholarship\\Founder\\University\nPortrait""}","[""1800s"", ""1790s""]","[""Tanner, Benjamin Tucker"", ""Jefferson, Thomas"", ""Gridley, Enoch G.""]","[""Prints""]","[""United States"", ""Virginia""]","[""Business and Finance"", ""Legislators"", ""Art"", ""Arts and Culture"", ""Architects"", ""Natural resources commerce"", ""Secretary of State"", ""Governors"", ""Founder"", ""Universities"", ""Colonial statesman"", ""Statesman"", ""Signer of Declaration"", ""Public officers"", ""Vice-Presidents"", ""Diplomats"", ""Presidents"", ""Minister"", ""Cabinet member"", ""Congressmen"", ""Farmers"", ""Government"", ""Diplomacy"", ""Portraits"", ""Lawyers"", ""Continental congressman"", ""Science and Technology"", ""Agriculturists"", ""Inventors"", ""Men"", ""Law and Crime"", ""Politics"", ""Education and Scholarship""]",1,"[""https://ids.si.edu/ids/deliveryService?id=NPG-NPG_82_208""]","https://ids.si.edu/ids/iiif/NPG-NPG_82_208/full/250,/0/default.jpg",Thomas Jefferson,Enoch G. Gridley,1802,men,
2866,https://collections.si.edu/search/detail/edanmdm:npg_NPG.82.205,NPG,edanmdm:npg_NPG.82.205,Thomas Jefferson,"{""Credit Line"": ""National Portrait Gallery, Smithsonian Institution""}","{""Date"": ""before 1801""}","{""Object number"": ""NPG.82.205""}","{""Artist"": ""Unidentified Artist"", ""Sitter"": ""Thomas Jefferson, 13 Apr 1743 - 4 Jul 1826""}",,"{""Type"": ""Print""}","{""Medium"": ""Stipple engraving on paper"", ""Dimensions"": ""Image: 11.1 \u00d7 7 cm (4 3/8 \u00d7 2 3/4\"")\nSheet: 21.1 \u00d7 12.8 cm (8 5/16 \u00d7 5 1/16\"")""}",,,"{""Topic"": ""Illustration\nThomas Jefferson: Male\nThomas Jefferson: Law and Crime\\Lawyer\nThomas Jefferson: Politics and Government\\Government official\\Congressman\\Continental congressman\nThomas Jefferson: Politics and Government\\Statesman\\Colonial statesman\\Signer of Declaration\nThomas Jefferson: Politics and Government\\Vice-President of US\nThomas Jefferson: Business and Finance\\Natural resources commerce\\Agriculturist\\Farmer\nThomas Jefferson: Arts and Culture\\Visual Arts\\Architect\nThomas Jefferson: Politics and Government\\Government official\\President of US\nThomas Jefferson: Politics and Government\\Government official\\Cabinet member\\Secretary of State\nThomas Jefferson: Politics and Government\\Diplomat\\Minister\nThomas Jefferson: Science and Technology\\Inventor\nThomas Jefferson: Politics and Government\\Government official\\US Congressman\\Virginia\nThomas Jefferson: Politics and Government\\Government official\\Governor\\Virginia\nThomas Jefferson: Arts and Culture\\Education and Scholarship\\Founder\\University\nPortrait""}","[""1800s"", ""1770s""]","[""Jefferson, Thomas""]","[""Prints""]","[""United States"", ""Virginia""]","[""Business and Finance"", ""Legislators"", ""Art"", ""Arts and Culture"", ""Architects"", ""Illustration"", ""Natural resources commerce"", ""Secretary of State"", ""Governors"", ""Founder"", ""Universities"", ""Colonial statesman"", ""Statesman"", ""Signer of Declaration"", ""Public officers"", ""Vice-Presidents"", ""Diplomats"", ""Presidents"", ""Minister"", ""Cabinet member"", ""Congressmen"", ""Farmers"", ""Government"", ""Diplomacy"", ""Portraits"", ""Lawyers"", ""Continental congressman"", ""Science and Technology"", ""Agriculturists"", ""Inventors"", ""Men"", ""Law and Crime"", ""Politics"", ""Education and Scholarship""]",1,"[""https://ids.si.edu/ids/deliveryService?id=NPG-NPG_82_205""]","https://ids.si.edu/ids/iiif/NPG-NPG_82_205/full/250,/0/default.jpg",Thomas Jefferson,Unidentified Artist,1801,men,
2867,https://collections.si.edu/search/detail/edanmdm:npg_NPG.82.179,NPG,edanmdm:npg_NPG.82.179,Thomas Jefferson,"{""Credit Line"": ""National Portrait Gallery, Smithsonian Institution""}","{""Date"": ""1807""}","{""Object number"": ""NPG.82.179""}","{""Artist"": ""Robert Field, 1769? - 1819"", ""Copy after"": ""Gilbert Stuart, 3 Dec 1755 - 9 Jul 1828"", ""Sitter"": ""Thomas Jefferson, 13 Apr 1743 - 4 Jul 1826""}",,"{""Type"": ""Print""}","{""Medium"": ""Engraving on paper"", ""Dimensions"": ""Image: 15 \u00d7 12.8 cm (5 7/8 \u00d7 5 1/16\"")\nSheet: 22.4 \u00d7 18 cm (8 13/16 \u00d7 7 1/16\"")\nMat: 45.7 \u00d7 35.5 cm (18 \u00d7 14\"")""}",,,"{""Topic"": ""Thomas Jefferson: Male\nThomas Jefferson: Law and Crime\\Lawyer\nThomas Jefferson: Politics and Government\\Government official\\Congressman\\Continental congressman\nThomas Jefferson: Politics and Government\\Statesman\\Colonial statesman\\Signer of Declaration\nThomas Jefferson: Politics and Government\\Vice-President of US\nThomas Jefferson: Business and Finance\\Natural resources commerce\\Agriculturist\\Farmer\nThomas Jefferson: Arts and Culture\\Visual Arts\\Architect\nThomas Jefferson: Politics and Government\\Government official\\President of US\nThomas Jefferson: Politics and Government\\Government official\\Cabinet member\\Secretary of State\nThomas Jefferson: Politics and Government\\Diplomat\\Minister\nThomas Jefferson: Science and Technology\\Inventor\nThomas Jefferson: Politics and Government\\Government official\\US Congressman\\Virginia\nThomas Jefferson: Politics and Government\\Government official\\Governor\\Virginia\nThomas Jefferson: Arts and Culture\\Education and Scholarship\\Founder\\University\nPortrait""}","[""1800s""]","[""Field, Robert"", ""Jefferson, Thomas"", ""Stuart, Gilbert""]","[""Prints""]","[""United States"", ""Virginia""]","[""Business and Finance"", ""Legislators"", ""Art"", ""Arts and Culture"", ""Architects"", ""Natural resources commerce"", ""Secretary of State"", ""Governors"", ""Founder"", ""Universities"", ""Colonial statesman"", ""Statesman"", ""Signer of Declaration"", ""Public officers"", ""Vice-Presidents"", ""Diplomats"", ""Presidents"", ""Minister"", ""Cabinet member"", ""Congressmen"", ""Farmers"", ""Government"", ""Diplomacy"", ""Portraits"", ""Lawyers"", ""Continental congressman"", ""Science and Technology"", ""Agriculturists"", ""Inventors"", ""Men"", ""Law and Crime"", ""Politics"", ""Education and Scholarship""]",1,"[""https://ids.si.edu/ids/deliveryService?id=NPG-NPG_82_179_ext""]","https://ids.si.edu/ids/iiif/NPG-NPG_82_179_ext/full/250,/0/default.jpg",Thomas Jefferson,Robert Field,1807,men,
2869,https://collections.si.edu/search/detail/edanmdm:npg_NPG.82.108,NPG,edanmdm:npg_NPG.82.108,Benjamin Franklin,"{""Credit Line"": ""National Portrait Gallery, Smithsonian Institution; bequest of Mrs. Herbert Clark Hoover""}","{""Date"": ""c. 1780-81""}","{""Object number"": ""NPG.82.108""}","{""Artist"": ""Louis Carrogis De Carmontelle, 1717 - 1806"", ""Sitter"": ""Benjamin Franklin, 17 Jan 1706 - 17 Apr 1790""}",,"{""Type"": ""Drawing""}","{""Medium"": ""Ink, crayon and watercolor on paper"", ""Dimensions"": ""Frame: 49.5 \u00d7 37.8 \u00d7 4.1cm (19 1/2 \u00d7 14 7/8 \u00d7 1 5/8\"")""}",,,"{""Topic"": ""Interior\nPrinted Material\\Document\nHome Furnishings\\Furniture\\Seating\\Chair\\Armchair\nCostume\\Headgear\\Hat\\Tricorne\nBenjamin Franklin: Male\nBenjamin Franklin: Arts and Culture\\Literature\\Writer\nBenjamin Franklin: Politics and Government\\Statesman\\Colonial statesman\nBenjamin Franklin: Politics and Government\\Government official\\Congressman\\Continental congressman\nBenjamin Franklin: Politics and Government\\Statesman\\Colonial statesman\\Signer of Declaration\nBenjamin Franklin: Science and Technology\\Scientist\nBenjamin Franklin: Politics and Government\\Diplomat\nBenjamin Franklin: Social Welfare and Reform\\Philanthropist\nBenjamin Franklin: Science and Technology\\Inventor\nBenjamin Franklin: Business and Finance\\Tradesman\\Printer\nBenjamin Franklin: Politics and Government\\Government official\\Postmaster\nPortrait""}","[""1770s"", ""1780s""]","[""Franklin, Benjamin"", ""Carmontelle, Louis Carrogis De""]","[""Drawings""]",,"[""Social Welfare and Reform"", ""Business and Finance"", ""Legislators"", ""Arts and Culture"", ""Writers"", ""Home Furnishings"", ""Printer"", ""Armchairs"", ""Printed Material"", ""Design"", ""Colonial statesman"", ""Statesman"", ""Chairs"", ""Seating"", ""Signer of Declaration"", ""Public officers"", ""Diplomats"", ""Literature"", ""Congressmen"", ""Government"", ""Diplomacy"", ""Interior decoration"", ""Portraits"", ""Tradesman"", ""Furnishings"", ""Headgear"", ""Tricorne"", ""Continental congressman"", ""Science and Technology"", ""Inventors"", ""Costume"", ""Men"", ""Philanthropists"", ""Hats"", ""Politics"", ""Scientists"", ""Postmasters""]",1,"[""https://ids.si.edu/ids/deliveryService?id=NPG-NPG_82_108_inex""]","https://ids.si.edu/ids/iiif/NPG-NPG_82_108_inex/full/250,/0/default.jpg",Benjamin Franklin,Louis Carrogis De Carmontelle,1780,men,Writers
2870,https://collections.si.edu/search/detail/edanmdm:npg_NPG.82.101,NPG,edanmdm:npg_NPG.82.101,George Washington,"{""Credit Line"": ""National Portrait Gallery, Smithsonian Institution""}","{""Date"": ""1800""}","{""Object number"": ""NPG.82.101""}","{""Artist"": ""Amos Doolittle, 1754 - 1832"", ""Copy after"": ""Joseph Wright, 16 Jul 1756 - c. 11 Oct 1793"", ""Sitter"": ""George Washington, 22 Feb 1732 - 14 Dec 1799""}",,"{""Type"": ""Print""}","{""Medium"": ""Engraving on paper"", ""Dimensions"": ""Image: 2.7 cm (1 1/16\"")\nSheet: 32.2 \u00d7 18.7 cm (12 11/16 \u00d7 7 3/8\"")\nMat: 56 \u00d7 40.9 cm (22 1/16 \u00d7 16 1/8\"")""}",,,"{""Topic"": ""George Washington: Male\nGeorge Washington: Military and Intelligence\\Army\\Officer\\Revolutionary War\nGeorge Washington: Politics and Government\\Statesman\\Colonial statesman\nGeorge Washington: Business and Finance\\Natural resources commerce\\Agriculturist\\Farmer\nGeorge Washington: Military and Intelligence\\Army\\Officer\\General\nGeorge Washington: Politics and Government\\Government official\\President of US\nGeorge Washington: Science and Technology\\Surveyor\nGeorge Washington: Civilian awards\\Congressional Gold Medal\nPortrait""}","[""1800s""]","[""United States. Army"", ""Washington, George"", ""Doolittle, Amos"", ""Wright, Joseph""]","[""Prints""]","[""United States""]","[""Business and Finance"", ""Congressional Gold Medal"", ""Farmers"", ""Government"", ""Natural resources commerce"", ""Portraits"", ""Civilian awards"", ""Science and Technology"", ""Colonial statesman"", ""Agriculturists"", ""Statesman"", ""Surveyors"", ""Military and Intelligence"", ""Men"", ""American Revolution (1775-1783)"", ""Public officers"", ""Politics"", ""Presidents"", ""Officer""]",1,"[""https://ids.si.edu/ids/deliveryService?id=NPG-NPG_82_101""]","https://ids.si.edu/ids/iiif/NPG-NPG_82_101/full/250,/0/default.jpg",George Washington,Amos Doolittle,1800,men,
2871,https://collections.si.edu/search/detail/edanmdm:npg_NPG.81.60,NPG,edanmdm:npg_NPG.81.60,Thomas Jefferson,"{""Credit Line"": ""National Portrait Gallery, Smithsonian Institution""}","{""Date"": ""c. 1800""}","{""Object number"": ""NPG.81.60""}","{""Artist"": ""Cornelius Tiebout, 1777 - 1832"", ""Copy after"": ""David Edwin, 1776 - 1841\nRembrandt Peale, 22 Feb 1778 - 3 Oct 1860"", ""Sitter"": ""Thomas Jefferson, 13 Apr 1743 - 4 Jul 1826""}",,"{""Type"": ""Print""}","{""Medium"": ""Stipple engraving on paper"", ""Dimensions"": ""Image: 14.9 \u00d7 12 cm (5 7/8 \u00d7 4 3/4\"")\nSheet: 17.2 \u00d7 12.1 cm (6 3/4 \u00d7 4 3/4\"")\nMat: 45.7 \u00d7 35.6 cm (18 \u00d7 14\"")""}",,,"{""Topic"": ""Thomas Jefferson: Male\nThomas Jefferson: Law and Crime\\Lawyer\nThomas Jefferson: Politics and Government\\Government official\\Congressman\\Continental congressman\nThomas Jefferson: Politics and Government\\Statesman\\Colonial statesman\\Signer of Declaration\nThomas Jefferson: Politics and Government\\Vice-President of US\nThomas Jefferson: Business and Finance\\Natural resources commerce\\Agriculturist\\Farmer\nThomas Jefferson: Arts and Culture\\Visual Arts\\Architect\nThomas Jefferson: Politics and Government\\Government official\\President of US\nThomas Jefferson: Politics and Government\\Government official\\Cabinet member\\Secretary of State\nThomas Jefferson: Politics and Government\\Diplomat\\Minister\nThomas Jefferson: Science and Technology\\Inventor\nThomas Jefferson: Politics and Government\\Government official\\US Congressman\\Virginia\nThomas Jefferson: Politics and Government\\Government official\\Governor\\Virginia\nThomas Jefferson: Arts and Culture\\Education and Scholarship\\Founder\\University\nPortrait""}","[""1800s"", ""1790s""]","[""Edwin, David"", ""Jefferson, Thomas"", ""Peale, Rembrandt"", ""Tiebout, Cornelius""]","[""Prints""]","[""United States"", ""Virginia""]","[""Business and Finance"", ""Legislators"", ""Art"", ""Arts and Culture"", ""Architects"", ""Natural resources commerce"", ""Secretary of State"", ""Governors"", ""Founder"", ""Universities"", ""Colonial statesman"", ""Statesman"", ""Signer of Declaration"", ""Public officers"", ""Vice-Presidents"", ""Diplomats"", ""Presidents"", ""Minister"", ""Cabinet member"", ""Congressmen"", ""Farmers"", ""Government"", ""Diplomacy"", ""Portraits"", ""Lawyers"", ""Continental congressman"", ""Science and Technology"", ""Agriculturists"", ""Inventors"", ""Men"", ""Law and Crime"", ""Politics"", ""Education and Scholarship""]",1,"[""https://ids.si.edu/ids/deliveryService?id=NPG-NPG_81_60""]","https://ids.si.edu/ids/iiif/NPG-NPG_81_60/full/250,/0/default.jpg",Thomas Jefferson,Cornelius Tiebout,1800,men,
2872,https://collections.si.edu/search/detail/edanmdm:npg_NPG.81.58,NPG,edanmdm:npg_NPG.81.58,George Washington,"{""Credit Line"": ""National Portrait Gallery, Smithsonian Institution""}","{""Date"": ""1798""}","{""Object number"": ""NPG.81.58""}","{""Artist"": ""David Edwin, 1776 - 1841"", ""Copy after"": ""Gilbert Stuart, 3 Dec 1755 - 9 Jul 1828"", ""Sitter"": ""George Washington, 22 Feb 1732 - 14 Dec 1799""}",,"{""Type"": ""Print""}","{""Medium"": ""Stipple engraving on paper"", ""Dimensions"": ""Image: 14.9 x 12cm (5 7/8 x 4 3/4\"")\nSheet: 21.3 x 14.9cm (8 3/8 x 5 7/8\"")""}",,,"{""Topic"": ""George Washington: Male\nGeorge Washington: Military and Intelligence\\Army\\Officer\\Revolutionary War\nGeorge Washington: Politics and Government\\Statesman\\Colonial statesman\nGeorge Washington: Business and Finance\\Natural resources commerce\\Agriculturist\\Farmer\nGeorge Washington: Military and Intelligence\\Army\\Officer\\General\nGeorge Washington: Politics and Government\\Government official\\President of US\nGeorge Washington: Science and Technology\\Surveyor\nGeorge Washington: Civilian awards\\Congressional Gold Medal\nPortrait""}","[""1790s""]","[""United States. Army"", ""Washington, George"", ""Edwin, David"", ""Stuart, Gilbert""]","[""Prints""]","[""United States""]","[""Business and Finance"", ""Congressional Gold Medal"", ""Farmers"", ""Government"", ""Natural resources commerce"", ""Portraits"", ""Civilian awards"", ""Science and Technology"", ""Colonial statesman"", ""Agriculturists"", ""Statesman"", ""Surveyors"", ""Military and Intelligence"", ""Men"", ""American Revolution (1775-1783)"", ""Public officers"", ""Politics"", ""Presidents"", ""Officer""]",1,"[""https://ids.si.edu/ids/deliveryService?id=NPG-NPG_81_58""]","https://ids.si.edu/ids/iiif/NPG-NPG_81_58/full/250,/0/default.jpg",George Washington,David Edwin,1798,men,
2873,https://collections.si.edu/search/detail/edanmdm:npg_NPG.81.57,NPG,edanmdm:npg_NPG.81.57,George Washington,"{""Credit Line"": ""National Portrait Gallery, Smithsonian Institution""}","{""Date"": ""1797""}","{""Object number"": ""NPG.81.57""}","{""Artist"": ""Henry H. Houston, active 1796 - c.1798"", ""Copy after"": ""Joseph Wright, 16 Jul 1756 - c. 11 Oct 1793"", ""Sitter"": ""George Washington, 22 Feb 1732 - 14 Dec 1799""}",,"{""Type"": ""Print""}","{""Medium"": ""Stipple engraving on paper"", ""Dimensions"": ""Image: 9.7 x 7.8cm (3 13/16 x 3 1/16\"")\nSheet: 19 x 11.3cm (7 1/2 x 4 7/16\"")""}",,,"{""Topic"": ""Illustration\nGeorge Washington: Male\nGeorge Washington: Military and Intelligence\\Army\\Officer\\Revolutionary War\nGeorge Washington: Politics and Government\\Statesman\\Colonial statesman\nGeorge Washington: Business and Finance\\Natural resources commerce\\Agriculturist\\Farmer\nGeorge Washington: Military and Intelligence\\Army\\Officer\\General\nGeorge Washington: Politics and Government\\Government official\\President of US\nGeorge Washington: Science and Technology\\Surveyor\nGeorge Washington: Civilian awards\\Congressional Gold Medal\nPortrait""}","[""1790s""]","[""United States. Army"", ""Houston, Henry H."", ""Washington, George"", ""Wright, Joseph""]","[""Prints""]","[""United States""]","[""Business and Finance"", ""Congressional Gold Medal"", ""Farmers"", ""Illustration"", ""Government"", ""Natural resources commerce"", ""Portraits"", ""Civilian awards"", ""Science and Technology"", ""Colonial statesman"", ""Agriculturists"", ""Statesman"", ""Surveyors"", ""Military and Intelligence"", ""Men"", ""American Revolution (1775-1783)"", ""Public officers"", ""Politics"", ""Presidents"", ""Officer""]",1,"[""https://ids.si.edu/ids/deliveryService?id=NPG-NPG_81_57""]","https://ids.si.edu/ids/iiif/NPG-NPG_81_57/full/250,/0/default.jpg",George Washington,Henry H. Houston,1797,men,
2874,https://collections.si.edu/search/detail/edanmdm:npg_NPG.81.56,NPG,edanmdm:npg_NPG.81.56,George Washington,"{""Credit Line"": ""National Portrait Gallery, Smithsonian Institution""}","{""Date"": ""1792""}","{""Object number"": ""NPG.81.56""}","{""Artist"": ""Edward Savage, 26 Nov 1761 - 6 Jul 1817"", ""Sitter"": ""George Washington, 22 Feb 1732 - 14 Dec 1799""}",,"{""Type"": ""Print""}","{""Medium"": ""Stipple engraving on paper"", ""Dimensions"": ""Image: 13.7 \u00d7 11.2 cm (5 3/8 \u00d7 4 7/16\"")\nSheet: 28.3 \u00d7 21 cm (11 1/8 \u00d7 8 1/4\"")""}",,,"{""Topic"": ""Symbols & Motifs\\Medal\\Society of the Cincinnati\nGeorge Washington: Male\nGeorge Washington: Military and Intelligence\\Army\\Officer\\Revolutionary War\nGeorge Washington: Politics and Government\\Statesman\\Colonial statesman\nGeorge Washington: Business and Finance\\Natural resources commerce\\Agriculturist\\Farmer\nGeorge Washington: Military and Intelligence\\Army\\Officer\\General\nGeorge Washington: Politics and Government\\Government official\\President of US\nGeorge Washington: Science and Technology\\Surveyor\nGeorge Washington: Civilian awards\\Congressional Gold Medal\nPortrait""}","[""1790s""]","[""Savage, Edward"", ""United States. Army"", ""Washington, George""]","[""Prints""]","[""United States""]","[""Business and Finance"", ""Congressional Gold Medal"", ""Farmers"", ""Society of the Cincinnati"", ""Government"", ""Natural resources commerce"", ""Portraits"", ""Civilian awards"", ""Science and Technology"", ""Symbols & Motifs"", ""Colonial statesman"", ""Agriculturists"", ""Statesman"", ""Surveyors"", ""Military and Intelligence"", ""Men"", ""American Revolution (1775-1783)"", ""Public officers"", ""Politics"", ""Medal"", ""Presidents"", ""Officer""]",1,"[""https://ids.si.edu/ids/deliveryService?id=NPG-NPG_81_56""]","https://ids.si.edu/ids/iiif/NPG-NPG_81_56/full/250,/0/default.jpg",George Washington,Edward Savage,1792,men,
2875,https://collections.si.edu/search/detail/edanmdm:npg_NPG.81.55,NPG,edanmdm:npg_NPG.81.55,George Washington (Lansdowne type),"{""Credit Line"": ""National Portrait Gallery, Smithsonian Institution""}","{""Date"": ""1800""}","{""Object number"": ""NPG.81.55""}","{""Artist"": ""James Heath, 1757 - 1834"", ""Copy after"": ""Gilbert Stuart, 3 Dec 1755 - 9 Jul 1828"", ""Sitter"": ""George Washington, 22 Feb 1732 - 14 Dec 1799""}",,"{""Type"": ""Print""}","{""Medium"": ""Engraving on paper"", ""Dimensions"": ""Image: 50.6 x 33.3 cm (19 15/16 x 13 1/8\"")\nSheet: 58.6 x 41.4 cm (23 1/16 x 16 5/16\"")\nMat: 71.1 x 55.9 cm (28 x 22\"")""}",,,"{""Topic"": ""Home Furnishings\\Furniture\\Seating\\Chair\nPrinted Material\\Book\nHome Furnishings\\Furniture\\Table\nHome Furnishings\\Drape\nWeapon\\Sword\nArchitecture\\Column\nEquipment\\Drafting & Writing Implements\\Writing implement\\Pen\\Quill\nGeorge Washington: Male\nGeorge Washington: Military and Intelligence\\Army\\Officer\\Revolutionary War\nGeorge Washington: Politics and Government\\Statesman\\Colonial statesman\nGeorge Washington: Business and Finance\\Natural resources commerce\\Agriculturist\\Farmer\nGeorge Washington: Military and Intelligence\\Army\\Officer\\General\nGeorge Washington: Politics and Government\\Government official\\President of US\nGeorge Washington: Science and Technology\\Surveyor\nGeorge Washington: Civilian awards\\Congressional Gold Medal\nPortrait""}","[""1800s""]","[""United States. Army"", ""Washington, George"", ""Heath, James"", ""Stuart, Gilbert""]","[""Prints""]","[""United States""]","[""Business and Finance"", ""Books and reading"", ""Natural resources commerce"", ""Quill"", ""Home Furnishings"", ""Printed Material"", ""Colonial statesman"", ""Weapons"", ""Statesman"", ""Chairs"", ""Swords"", ""Column"", ""Seating"", ""Military and Intelligence"", ""Tables"", ""American Revolution (1775-1783)"", ""Public officers"", ""Drape"", ""Presidents"", ""Congressional Gold Medal"", ""Farmers"", ""Architecture"", ""Government"", ""Portraits"", ""Civilian awards"", ""Drafting & Writing Implements"", ""Furnishings"", ""Science and Technology"", ""Agriculturists"", ""Surveyors"", ""Men"", ""Politics"", ""Pens"", ""Officer""]",1,"[""https://ids.si.edu/ids/deliveryService?id=NPG-NPG_81_55_inex""]","https://ids.si.edu/ids/iiif/NPG-NPG_81_55_inex/full/250,/0/default.jpg",George Washington,James Heath,1800,men,
2878,https://collections.si.edu/search/detail/edanmdm:npg_NPG.80.45,NPG,edanmdm:npg_NPG.80.45,Thomas Jefferson,"{""Credit Line"": ""National Portrait Gallery, Smithsonian Institution""}","{""Date"": ""1801""}","{""Object number"": ""NPG.80.45""}","{""Artist"": ""David Edwin, 1776 - 1841"", ""Copy after"": ""Rembrandt Peale, 22 Feb 1778 - 3 Oct 1860"", ""Sitter"": ""Thomas Jefferson, 13 Apr 1743 - 4 Jul 1826""}",,"{""Type"": ""Print""}","{""Medium"": ""Stipple engraving on paper"", ""Dimensions"": ""Image: 49.8 x 33.2cm (19 5/8 x 13 1/16\"")\nSheet: 61.2 x 48.3cm (24 1/8 x 19\"")""}",,,"{""Topic"": ""Printed Material\\Book\nHome Furnishings\\Furniture\\Seating\\Chair\\Armchair\nHome Furnishings\\Furniture\\Bookcase\nArchitecture\\Column\nEquipment\\Drafting & Writing Implements\\Writing implement\\Pen\\Quill\nHome Furnishings\\Globe\nInterior\\Domestic\\Study\nThomas Jefferson: Male\nThomas Jefferson: Law and Crime\\Lawyer\nThomas Jefferson: Politics and Government\\Government official\\Congressman\\Continental congressman\nThomas Jefferson: Politics and Government\\Statesman\\Colonial statesman\\Signer of Declaration\nThomas Jefferson: Politics and Government\\Vice-President of US\nThomas Jefferson: Business and Finance\\Natural resources commerce\\Agriculturist\\Farmer\nThomas Jefferson: Arts and Culture\\Visual Arts\\Architect\nThomas Jefferson: Politics and Government\\Government official\\President of US\nThomas Jefferson: Politics and Government\\Government official\\Cabinet member\\Secretary of State\nThomas Jefferson: Politics and Government\\Diplomat\\Minister\nThomas Jefferson: Science and Technology\\Inventor\nThomas Jefferson: Politics and Government\\Government official\\US Congressman\\Virginia\nThomas Jefferson: Politics and Government\\Government official\\Governor\\Virginia\nThomas Jefferson: Arts and Culture\\Education and Scholarship\\Founder\\University\nPortrait""}","[""1800s""]","[""Edwin, David"", ""Jefferson, Thomas"", ""Peale, Rembrandt""]","[""Prints""]","[""United States"", ""Virginia""]","[""Business and Finance"", ""Legislators"", ""Natural resources commerce"", ""Home Furnishings"", ""Secretary of State"", ""Founder"", ""Armchairs"", ""Design"", ""Seating"", ""Signer of Declaration"", ""Public officers"", ""Vice-Presidents"", ""Diplomats"", ""Minister"", ""Cabinet member"", ""Congressmen"", ""Farmers"", ""Architecture"", ""Interior decoration"", ""Drafting & Writing Implements"", ""Inventors"", ""Men"", ""Education and Scholarship"", ""Pens"", ""Art"", ""Books and reading"", ""Arts and Culture"", ""Architects"", ""Quill"", ""Governors"", ""Printed Material"", ""Universities"", ""Colonial statesman"", ""Statesman"", ""Chairs"", ""Column"", ""Globe"", ""Domestic"", ""Presidents"", ""Bookcase"", ""Government"", ""Diplomacy"", ""Portraits"", ""Lawyers"", ""Furnishings"", ""Continental congressman"", ""Science and Technology"", ""Agriculturists"", ""Law and Crime"", ""Politics""]",2,"[""https://ids.si.edu/ids/deliveryService?id=NPG-NPG_80_45Jefferson-000002"", ""https://ids.si.edu/ids/deliveryService?id=NPG-NPG_80_45""]","https://ids.si.edu/ids/iiif/NPG-NPG_80_45Jefferson-000002/full/250,/0/default.jpg",Thomas Jefferson,David Edwin,1801,men,
2879,https://collections.si.edu/search/detail/edanmdm:npg_NPG.80.43,NPG,edanmdm:npg_NPG.80.43,Nathanael Greene,"{""Credit Line"": ""National Portrait Gallery, Smithsonian Institution""}","{""Date"": ""c. 1780""}","{""Object number"": ""NPG.80.43""}","{""Artist"": ""Justus Chevillet, 1729 - 1802"", ""Copy after"": ""Charles Willson Peale, 15 Apr 1741 - 22 Feb 1827"", ""Sitter"": ""Nathanael Greene, 7 Aug 1742 - 19 Jun 1786""}",,"{""Type"": ""Print""}","{""Medium"": ""Engraving on paper"", ""Dimensions"": ""Image: 26.4 x 17.8cm (10 3/8 x 7\"")\nSheet: 28.2 x 19.1cm (11 1/8 x 7 1/2\"")""}",,,"{""Topic"": ""Weapon\\Spear\nWeapon\\Sword\nEquipment\\Shield\nArtwork\\Portrait\nNature & Environment\\Plant\\Tree\\Palm\nArchitecture\\Monument\\Obelisk\nNature & Environment\\Plant\\Wreath\\Laurel wreath\nSymbols & Motifs\\Symbolic Figure\nSymbols & Motifs\\Putti\nNathanael Greene: Male\nNathanael Greene: Military and Intelligence\\Army\\Officer\\Revolutionary War\nNathanael Greene: Military and Intelligence\\Army\\Officer\\General\nNathanael Greene: Business and Finance\\Businessperson\\Industrialist\\Manufacturer\\Iron\nNathanael Greene: Civilian awards\\Congressional Gold Medal\nPortrait""}","[""1770s"", ""1780s""]","[""United States. Army"", ""Chevillet, Justus"", ""Peale, Charles Willson"", ""Greene, Nathanael""]","[""Prints""]",,"[""Business and Finance"", ""Artwork"", ""Shield"", ""Businessperson"", ""Industrialist"", ""Iron"", ""Symbols & Motifs"", ""Symbolic Figure"", ""Weapons"", ""Swords"", ""Military and Intelligence"", ""Monuments"", ""Manufacturer"", ""American Revolution (1775-1783)"", ""Nature"", ""Trees"", ""Wreath"", ""Congressional Gold Medal"", ""Architecture"", ""Portraits"", ""Ecology"", ""Plants"", ""Civilian awards"", ""Obelisk"", ""Laurel wreath"", ""Palm"", ""Men"", ""Putti"", ""Spear"", ""Officer""]",1,"[""https://ids.si.edu/ids/deliveryService?id=NPG-8000086B_1""]","https://ids.si.edu/ids/iiif/NPG-8000086B_1/full/250,/0/default.jpg",Nathanael Greene,Justus Chevillet,1780,men,
2880,https://collections.si.edu/search/detail/edanmdm:npg_NPG.80.34,NPG,edanmdm:npg_NPG.80.34,General George Washington,"{""Credit Line"": ""National Portrait Gallery, Smithsonian Institution""}","{""Date"": ""1799-1800""}","{""Object number"": ""NPG.80.34""}","{""Artist"": ""Unidentified Artist"", ""Copy after"": ""Gilbert Stuart, 3 Dec 1755 - 9 Jul 1828"", ""Sitter"": ""George Washington, 22 Feb 1732 - 14 Dec 1799""}",,"{""Type"": ""Print""}","{""Medium"": ""Stipple engraving on paper"", ""Dimensions"": ""Sheet: 33.6 \u00d7 24.8 cm (13 1/4 \u00d7 9 3/4\"")""}",,,"{""Topic"": ""Costume\\Hair Accessory\\Wig\nSheet music\nMusic\\Musical note\nGeorge Washington: Male\nGeorge Washington: Military and Intelligence\\Army\\Officer\\Revolutionary War\nGeorge Washington: Politics and Government\\Statesman\\Colonial statesman\nGeorge Washington: Business and Finance\\Natural resources commerce\\Agriculturist\\Farmer\nGeorge Washington: Military and Intelligence\\Army\\Officer\\General\nGeorge Washington: Politics and Government\\Government official\\President of US\nGeorge Washington: Science and Technology\\Surveyor\nGeorge Washington: Civilian awards\\Congressional Gold Medal\nPortrait""}","[""1800s"", ""1790s""]","[""United States. Army"", ""Washington, George"", ""Stuart, Gilbert""]","[""Sheet music"", ""Prints""]","[""United States""]","[""Business and Finance"", ""Congressional Gold Medal"", ""Farmers"", ""Government"", ""Natural resources commerce"", ""Portraits"", ""Civilian awards"", ""Science and Technology"", ""Colonial statesman"", ""Agriculturists"", ""Wig"", ""Musical note"", ""Statesman"", ""Surveyors"", ""Costume"", ""Military and Intelligence"", ""Men"", ""American Revolution (1775-1783)"", ""Public officers"", ""Politics"", ""Hair Accessory"", ""Presidents"", ""Officer""]",1,"[""https://ids.si.edu/ids/deliveryService?id=NPG-NPG_80_34Washington-000001""]","https://ids.si.edu/ids/iiif/NPG-NPG_80_34Washington-000001/full/250,/0/default.jpg",George Washington,Unidentified Artist,1799,men,
2881,https://collections.si.edu/search/detail/edanmdm:npg_NPG.80.32,NPG,edanmdm:npg_NPG.80.32,Thomas Jefferson,"{""Credit Line"": ""National Portrait Gallery, Smithsonian Institution""}","{""Date"": ""c. 1805-10""}","{""Object number"": ""NPG.80.32""}","{""Artist"": ""John Norman, c. 1748 - 1817"", ""Copy after"": ""Rembrandt Peale, 22 Feb 1778 - 3 Oct 1860"", ""Sitter"": ""Thomas Jefferson, 13 Apr 1743 - 4 Jul 1826""}",,"{""Type"": ""Print""}","{""Medium"": ""Etching and stipple engraving"", ""Dimensions"": ""Image/Sheet: 29.5 \u00d7 21.7 cm (11 5/8 \u00d7 8 9/16\"")""}",,,"{""Topic"": ""Thomas Jefferson: Male\nThomas Jefferson: Law and Crime\\Lawyer\nThomas Jefferson: Politics and Government\\Government official\\Congressman\\Continental congressman\nThomas Jefferson: Politics and Government\\Statesman\\Colonial statesman\\Signer of Declaration\nThomas Jefferson: Politics and Government\\Vice-President of US\nThomas Jefferson: Business and Finance\\Natural resources commerce\\Agriculturist\\Farmer\nThomas Jefferson: Arts and Culture\\Visual Arts\\Architect\nThomas Jefferson: Politics and Government\\Government official\\President of US\nThomas Jefferson: Politics and Government\\Government official\\Cabinet member\\Secretary of State\nThomas Jefferson: Politics and Government\\Diplomat\\Minister\nThomas Jefferson: Science and Technology\\Inventor\nThomas Jefferson: Politics and Government\\Government official\\US Congressman\\Virginia\nThomas Jefferson: Politics and Government\\Government official\\Governor\\Virginia\nThomas Jefferson: Arts and Culture\\Education and Scholarship\\Founder\\University\nPortrait""}","[""1800s"", ""1810s""]","[""Norman, John"", ""Jefferson, Thomas"", ""Peale, Rembrandt""]","[""Prints""]","[""United States"", ""Virginia""]","[""Business and Finance"", ""Legislators"", ""Art"", ""Arts and Culture"", ""Architects"", ""Natural resources commerce"", ""Secretary of State"", ""Governors"", ""Founder"", ""Universities"", ""Colonial statesman"", ""Statesman"", ""Signer of Declaration"", ""Public officers"", ""Vice-Presidents"", ""Diplomats"", ""Presidents"", ""Minister"", ""Cabinet member"", ""Congressmen"", ""Farmers"", ""Government"", ""Diplomacy"", ""Portraits"", ""Lawyers"", ""Continental congressman"", ""Science and Technology"", ""Agriculturists"", ""Inventors"", ""Men"", ""Law and Crime"", ""Politics"", ""Education and Scholarship""]",1,"[""https://ids.si.edu/ids/deliveryService?id=NPG-NPG_80_32_inex""]","https://ids.si.edu/ids/iiif/NPG-NPG_80_32_inex/full/250,/0/default.jpg",Thomas Jefferson,John Norman,1805,men,
2882,https://collections.si.edu/search/detail/edanmdm:npg_NPG.80.31,NPG,edanmdm:npg_NPG.80.31,John Hancock,"{""Credit Line"": ""National Portrait Gallery, Smithsonian Institution""}","{""Date"": ""1794""}","{""Object number"": ""NPG.80.31""}","{""Artist"": ""Joseph H. Seymour, active 1791 - c. 1822"", ""Copy after"": ""John Singleton Copley, 3 Jul 1738 - 9 Sep 1815"", ""Sitter"": ""John Hancock, 12 Jan 1737 - 8 Oct 1793""}",,"{""Type"": ""Print""}","{""Medium"": ""Etching and engraving on paper"", ""Dimensions"": ""Image: 25.1 \u00d7 21.1 cm (9 7/8 \u00d7 8 5/16\"")\nSheet: 32.9 \u00d7 23.4 cm (12 15/16 \u00d7 9 3/16\"")\nMat: 55.9 \u00d7 40.7 cm (22 \u00d7 16\"")""}",,,"{""Topic"": ""Costume\\Hair Accessory\\Wig\nNature & Environment\\Animal\\Bird\nSymbols & Motifs\\Heraldic motif\nJohn Hancock: Male\nJohn Hancock: Politics and Government\\Statesman\\Colonial statesman\nJohn Hancock: Politics and Government\\Statesman\\Colonial statesman\\Signer of Declaration\nJohn Hancock: Politics and Government\\Government official\\Governor\\Massachusetts\nJohn Hancock: Business and Finance\\Businessperson\\Merchant\nPortrait""}","[""1790s""]","[""Seymour, Joseph H."", ""Hancock, John"", ""Copley, John Singleton""]","[""Prints""]","[""Massachusetts""]","[""Nature"", ""Business and Finance"", ""Merchants"", ""Government"", ""Businessperson"", ""Birds"", ""Portraits"", ""Ecology"", ""Heraldic motif"", ""Governors"", ""Symbols & Motifs"", ""Colonial statesman"", ""Animals"", ""Wig"", ""Statesman"", ""Costume"", ""Men"", ""Signer of Declaration"", ""Public officers"", ""Politics"", ""Hair Accessory""]",1,"[""https://ids.si.edu/ids/deliveryService?id=NPG-NPG_80_31_inex""]","https://ids.si.edu/ids/iiif/NPG-NPG_80_31_inex/full/250,/0/default.jpg",John Hancock,Joseph H. Seymour,1794,men,
2888,https://collections.si.edu/search/detail/edanmdm:npg_NPG.80.184.4.A,NPG,edanmdm:npg_NPG.80.184.4.A,Samuel Adams,"{""Credit Line"": ""National Portrait Gallery, Smithsonian Institution""}","{""Date"": ""c. 1801""}","{""Object number"": ""NPG.80.184.4.A""}","{""Artist"": ""George Graham, active 1786 - 1813"", ""Sitter"": ""Samuel Adams, 27 Sep 1722 - 2 Oct 1803"", ""Author"": ""James Hardie""}",,"{""Type"": ""Print""}","{""Medium"": ""Engraving on paper"", ""Dimensions"": ""Sheet: 21 x 12 cm (8 1/4 x 4 3/4\"")""}",,,"{""Topic"": ""Book\nIllustration\nSamuel Adams: Male\nSamuel Adams: Politics and Government\\Government official\\Congressman\\Continental congressman\nSamuel Adams: Politics and Government\\Statesman\\Colonial statesman\\Signer of Declaration\nSamuel Adams: Politics and Government\\Government official\\Governor\\Massachusetts\nSamuel Adams: Politics and Government\\Government official\\Lieutenant Governor\\Massachusetts\nPortrait""}","[""1800s"", ""1790s""]","[""Graham, George"", ""Adams, Samuel"", ""Hardie, James""]","[""Prints""]","[""Massachusetts""]","[""Legislators"", ""Books and reading"", ""Congressmen"", ""Illustration"", ""Government"", ""Portraits"", ""Governors"", ""Continental congressman"", ""Colonial statesman"", ""Statesman"", ""Men"", ""Signer of Declaration"", ""Public officers"", ""Politics"", ""Lieutenant Governor""]",1,"[""https://ids.si.edu/ids/deliveryService?id=NPG-NPG_80_184_4_a""]","https://ids.si.edu/ids/iiif/NPG-NPG_80_184_4_a/full/250,/0/default.jpg",Samuel Adams,George Graham,1801,men,
2891,https://collections.si.edu/search/detail/edanmdm:npg_NPG.80.184.3.E,NPG,edanmdm:npg_NPG.80.184.3.E,John Jay,"{""Credit Line"": ""National Portrait Gallery, Smithsonian Institution""}","{""Date"": ""c. 1801""}","{""Object number"": ""NPG.80.184.3.E""}","{""Artist"": ""Peter Maverick, 1780 - 1831"", ""Copy after"": ""Gilbert Stuart, 3 Dec 1755 - 9 Jul 1828"", ""Sitter"": ""John Jay, 12 Dec 1745 - 17 May 1829"", ""Author"": ""James Hardie""}",,"{""Type"": ""Print""}","{""Medium"": ""Engraving on paper"", ""Dimensions"": ""Sheet: 21 x 12 cm (8 1/4 x 4 3/4\"")""}",,,"{""Topic"": ""Book\nIllustration\nJohn Jay: Male\nJohn Jay: Law and Crime\\Lawyer\nJohn Jay: Arts and Culture\\Literature\\Writer\nJohn Jay: Politics and Government\\Government official\\Congressman\\Continental congressman\nJohn Jay: Politics and Government\\Government official\\Governor\\New York\nJohn Jay: Law and Crime\\Judge\\Justice\\US Supreme Court Justice\\Chief Justice of US\nPortrait""}","[""1800s"", ""1790s""]","[""Maverick, Peter"", ""Jay, John"", ""Hardie, James"", ""Stuart, Gilbert""]","[""Prints""]","[""New York""]","[""Justice"", ""Legislators"", ""Books and reading"", ""Arts and Culture"", ""Literature"", ""Congressmen"", ""Writers"", ""Illustration"", ""Government"", ""Chief Justice of US"", ""Portraits"", ""Lawyers"", ""Governors"", ""Continental congressman"", ""Men"", ""Public officers"", ""Law and Crime"", ""Politics"", ""Judges"", ""US Supreme Court Justice""]",1,"[""https://ids.si.edu/ids/deliveryService?id=NPG-NPG_80_184_3_e""]","https://ids.si.edu/ids/iiif/NPG-NPG_80_184_3_e/full/250,/0/default.jpg",John Jay,Peter Maverick,1801,men,Writers
2892,https://collections.si.edu/search/detail/edanmdm:npg_NPG.80.184.3.D,NPG,edanmdm:npg_NPG.80.184.3.D,Alexander Hamilton,"{""Credit Line"": ""National Portrait Gallery, Smithsonian Institution""}","{""Date"": ""c. 1801""}","{""Object number"": ""NPG.80.184.3.D""}","{""Artist"": ""William Rollinson, 1762 - 1842"", ""Sitter"": ""Alexander Hamilton, 11 Jan 1757 - 11 Jul 1804"", ""Author"": ""James Hardie""}",,"{""Type"": ""Print""}","{""Medium"": ""Engraving on paper"", ""Dimensions"": ""Sheet: 21 x 12 cm (8 1/4 x 4 3/4\"")""}",,,"{""Topic"": ""Book\nIllustration\nAlexander Hamilton: Male\nAlexander Hamilton: Law and Crime\\Lawyer\nAlexander Hamilton: Arts and Culture\\Literature\\Writer\nAlexander Hamilton: Military and Intelligence\\Army\\Officer\\Revolutionary War\nAlexander Hamilton: Politics and Government\\Government official\\Cabinet member\\Secretary of Treasury\nAlexander Hamilton: Politics and Government\\Government official\\Congressman\\Continental congressman\nPortrait""}","[""1800s"", ""1790s""]","[""United States. Army"", ""Rollinson, William"", ""Hamilton, Alexander"", ""Hardie, James""]","[""Prints""]",,"[""Legislators"", ""Cabinet member"", ""Books and reading"", ""Arts and Culture"", ""Literature"", ""Congressmen"", ""Writers"", ""Illustration"", ""Government"", ""Portraits"", ""Lawyers"", ""Continental congressman"", ""Military and Intelligence"", ""Men"", ""Secretary of Treasury"", ""American Revolution (1775-1783)"", ""Public officers"", ""Law and Crime"", ""Politics"", ""Officer""]",1,"[""https://ids.si.edu/ids/deliveryService?id=NPG-NPG_80_184_3_d""]","https://ids.si.edu/ids/iiif/NPG-NPG_80_184_3_d/full/250,/0/default.jpg",Alexander Hamilton,William Rollinson,1801,men,Writers
2895,https://collections.si.edu/search/detail/edanmdm:npg_NPG.80.184.3.A,NPG,edanmdm:npg_NPG.80.184.3.A,Charles Cotesworth Pinckney,"{""Credit Line"": ""National Portrait Gallery, Smithsonian Institution""}","{""Date"": ""c. 1801""}","{""Object number"": ""NPG.80.184.3.A""}","{""Artist"": ""Alexander Anderson, 1775 - 1870"", ""Copy after"": ""James Earl, 1 May 1761 - 16 Aug 1796"", ""Sitter"": ""Charles Cotesworth Pinckney, 25 Feb 1746 - 25 Aug 1825"", ""Author"": ""James Hardie""}",,"{""Type"": ""Print""}","{""Medium"": ""Engraving on paper"", ""Dimensions"": ""Sheet: 21 x 12 cm (8 1/4 x 4 3/4\"")""}",,,"{""Topic"": ""Book\nIllustration\nCharles Cotesworth Pinckney: Male\nCharles Cotesworth Pinckney: Law and Crime\\Lawyer\nCharles Cotesworth Pinckney: Politics and Government\\Presidential candidate\nCharles Cotesworth Pinckney: Military and Intelligence\\Army\\Officer\\Revolutionary War\nCharles Cotesworth Pinckney: Politics and Government\\Diplomat\nCharles Cotesworth Pinckney: Military and Intelligence\\Army\\Officer\\General\nCharles Cotesworth Pinckney: Politics and Government\\Diplomat\\Minister\nCharles Cotesworth Pinckney: Politics and Government\\Government official\\US Congressman\\South Carolina\nCharles Cotesworth Pinckney: Politics and Government\\Government official\\Governor\\South Carolina\nCharles Cotesworth Pinckney: Politics and Government\\Statesman\\Signer of Constitution\nCharles Cotesworth Pinckney: Politics and Government\\Government official\\State Senator\\South Carolina\nCharles Cotesworth Pinckney: Military and Intelligence\\Prisoner of War\nPortrait""}","[""1800s"", ""1790s""]","[""United States. Army"", ""Anderson, Alexander"", ""Earl, James"", ""Pinckney, Charles Cotesworth"", ""Hardie, James""]","[""Prints""]","[""United States"", ""South Carolina""]","[""Presidential candidate"", ""Legislators"", ""Books and reading"", ""Congressmen"", ""Illustration"", ""Government"", ""Diplomacy"", ""Portraits"", ""Lawyers"", ""Governors"", ""Signer of Constitution"", ""Statesman"", ""Military and Intelligence"", ""Men"", ""Senators"", ""American Revolution (1775-1783)"", ""Public officers"", ""Law and Crime"", ""Politics"", ""Prisoner of War"", ""Diplomats"", ""Minister"", ""Officer""]",1,"[""https://ids.si.edu/ids/deliveryService?id=NPG-NPG_80_184_3_a""]","https://ids.si.edu/ids/iiif/NPG-NPG_80_184_3_a/full/250,/0/default.jpg",Charles Cotesworth Pinckney,Alexander Anderson,1801,men,
2896,https://collections.si.edu/search/detail/edanmdm:npg_NPG.80.184.2.G,NPG,edanmdm:npg_NPG.80.184.2.G,Joel Barlow,"{""Credit Line"": ""National Portrait Gallery, Smithsonian Institution""}","{""Date"": ""c. 1801""}","{""Object number"": ""NPG.80.184.2.G""}","{""Artist"": ""Le Barbier, active c. 1801"", ""Sitter"": ""Joel Barlow, 24 Mar 1754 - 26 Dec 1812"", ""Author"": ""James Hardie""}",,"{""Type"": ""Print""}","{""Medium"": ""Engraving on paper"", ""Dimensions"": ""Sheet: 21 x 12 cm (8 1/4 x 4 3/4\"")""}",,,"{""Topic"": ""Book\nIllustration\nJoel Barlow: Male\nJoel Barlow: Law and Crime\\Lawyer\nJoel Barlow: Arts and Culture\\Literature\\Writer\nJoel Barlow: Arts and Culture\\Literature\\Writer\\Poet\nJoel Barlow: Arts and Culture\\Journalism and Media\\Journalist\nJoel Barlow: Politics and Government\\Diplomat\\Minister\nPortrait""}","[""1800s"", ""1790s""]","[""Le Barbier"", ""Barlow, Joel"", ""Hardie, James""]","[""Prints""]",,"[""Books and reading"", ""Arts and Culture"", ""Literature"", ""Writers"", ""Illustration"", ""Government"", ""Diplomacy"", ""Portraits"", ""Lawyers"", ""Men"", ""Journalism"", ""Law and Crime"", ""Politics"", ""Diplomats"", ""Journalism and Media"", ""Poets"", ""Minister""]",1,"[""https://ids.si.edu/ids/deliveryService?id=NPG-NPG_80_184_2_g""]","https://ids.si.edu/ids/iiif/NPG-NPG_80_184_2_g/full/250,/0/default.jpg",Joel Barlow,Le Barbier,1801,men,Writers
2901,https://collections.si.edu/search/detail/edanmdm:npg_NPG.80.184.2.B,NPG,edanmdm:npg_NPG.80.184.2.B,George Washington,"{""Credit Line"": ""National Portrait Gallery, Smithsonian Institution""}","{""Date"": ""c. 1801""}","{""Object number"": ""NPG.80.184.2.B""}","{""Artist"": ""John Scoles, 1793 - 1844?"", ""Sitter"": ""George Washington, 22 Feb 1732 - 14 Dec 1799"", ""Author"": ""James Hardie""}",,"{""Type"": ""Print""}","{""Medium"": ""Engraving on paper"", ""Dimensions"": ""Sheet: 21 x 12 cm (8 1/4 x 4 3/4\"")""}",,,"{""Topic"": ""Book\nIllustration\nGeorge Washington: Male\nGeorge Washington: Military and Intelligence\\Army\\Officer\\Revolutionary War\nGeorge Washington: Politics and Government\\Statesman\\Colonial statesman\nGeorge Washington: Business and Finance\\Natural resources commerce\\Agriculturist\\Farmer\nGeorge Washington: Military and Intelligence\\Army\\Officer\\General\nGeorge Washington: Politics and Government\\Government official\\President of US\nGeorge Washington: Science and Technology\\Surveyor\nGeorge Washington: Civilian awards\\Congressional Gold Medal\nPortrait""}","[""1800s"", ""1790s""]","[""United States. Army"", ""Washington, George"", ""Scoles, John"", ""Hardie, James""]","[""Prints""]","[""United States""]","[""Business and Finance"", ""Congressional Gold Medal"", ""Books and reading"", ""Farmers"", ""Illustration"", ""Government"", ""Natural resources commerce"", ""Portraits"", ""Civilian awards"", ""Science and Technology"", ""Colonial statesman"", ""Agriculturists"", ""Statesman"", ""Surveyors"", ""Military and Intelligence"", ""Men"", ""American Revolution (1775-1783)"", ""Public officers"", ""Politics"", ""Presidents"", ""Officer""]",1,"[""https://ids.si.edu/ids/deliveryService?id=NPG-NPG_80_184_2_b""]","https://ids.si.edu/ids/iiif/NPG-NPG_80_184_2_b/full/250,/0/default.jpg",George Washington,John Scoles,1801,men,
2902,https://collections.si.edu/search/detail/edanmdm:npg_NPG.80.184.2.A,NPG,edanmdm:npg_NPG.80.184.2.A,John Adams,"{""Credit Line"": ""National Portrait Gallery, Smithsonian Institution""}","{""Date"": ""c. 1801""}","{""Object number"": ""NPG.80.184.2.A""}","{""Artist"": ""John Scoles, 1793 - 1844?"", ""Sitter"": ""John Adams, 30 Oct 1735 - 4 Jul 1826"", ""Author"": ""James Hardie""}",,"{""Type"": ""Print""}","{""Medium"": ""Engraving on paper"", ""Dimensions"": ""Sheet: 21 x 12 cm (8 1/4 x 4 3/4\"")""}",,,"{""Topic"": ""Book\nIllustration\nJohn Adams: Male\nJohn Adams: Arts and Culture\\Literature\\Writer\nJohn Adams: Politics and Government\\Government official\\Congressman\\Continental congressman\nJohn Adams: Politics and Government\\Statesman\\Colonial statesman\\Signer of Declaration\nJohn Adams: Politics and Government\\Vice-President of US\nJohn Adams: Politics and Government\\Diplomat\nJohn Adams: Politics and Government\\Government official\\President of US\nJohn Adams: Politics and Government\\Government official\\State Legislator\\Massachusetts\nPortrait""}","[""1800s"", ""1790s""]","[""Adams, John"", ""Scoles, John"", ""Hardie, James""]","[""Prints""]","[""United States"", ""Massachusetts""]","[""Legislators"", ""Books and reading"", ""Arts and Culture"", ""Literature"", ""Congressmen"", ""Writers"", ""Illustration"", ""Government"", ""Diplomacy"", ""Portraits"", ""Continental congressman"", ""Colonial statesman"", ""Statesman"", ""Men"", ""Signer of Declaration"", ""Public officers"", ""Politics"", ""Vice-Presidents"", ""Diplomats"", ""Presidents""]",1,"[""https://ids.si.edu/ids/deliveryService?id=NPG-NPG_80_184_2_a""]","https://ids.si.edu/ids/iiif/NPG-NPG_80_184_2_a/full/250,/0/default.jpg",John Adams,John Scoles,1801,men,Writers
2903,https://collections.si.edu/search/detail/edanmdm:npg_NPG.80.184.1.G,NPG,edanmdm:npg_NPG.80.184.1.G,Nathanael Greene,"{""Credit Line"": ""National Portrait Gallery, Smithsonian Institution""}","{""Date"": ""c. 1801""}","{""Object number"": ""NPG.80.184.1.G""}","{""Artist"": ""Elkanah Tisdale, 1768 - after 1834"", ""Copy after"": ""John Trumbull, 6 Jun 1756 - 10 Nov 1843"", ""Sitter"": ""Nathanael Greene, 7 Aug 1742 - 19 Jun 1786"", ""Author"": ""James Hardie""}",,"{""Type"": ""Print""}","{""Medium"": ""Engraving on paper"", ""Dimensions"": ""Sheet: 21 x 12 cm (8 1/4 x 4 3/4\"")""}",,,"{""Topic"": ""Book\nIllustration\nNathanael Greene: Male\nNathanael Greene: Military and Intelligence\\Army\\Officer\\Revolutionary War\nNathanael Greene: Military and Intelligence\\Army\\Officer\\General\nNathanael Greene: Business and Finance\\Businessperson\\Industrialist\\Manufacturer\\Iron\nNathanael Greene: Civilian awards\\Congressional Gold Medal\nPortrait""}","[""1800s"", ""1790s""]","[""United States. Army"", ""Tisdale, Elkanah"", ""Trumbull, John"", ""Greene, Nathanael"", ""Hardie, James""]","[""Prints""]",,"[""Business and Finance"", ""Congressional Gold Medal"", ""Books and reading"", ""Illustration"", ""Businessperson"", ""Portraits"", ""Industrialist"", ""Iron"", ""Civilian awards"", ""Military and Intelligence"", ""Men"", ""Manufacturer"", ""American Revolution (1775-1783)"", ""Officer""]",1,"[""https://ids.si.edu/ids/deliveryService?id=NPG-NPG_80_184_1_g""]","https://ids.si.edu/ids/iiif/NPG-NPG_80_184_1_g/full/250,/0/default.jpg",Nathanael Greene,Elkanah Tisdale,1801,Men,
2905,https://collections.si.edu/search/detail/edanmdm:npg_NPG.80.184.1.E,NPG,edanmdm:npg_NPG.80.184.1.E,Anthony Wayne,"{""Credit Line"": ""National Portrait Gallery, Smithsonian Institution""}","{""Date"": ""c. 1801""}","{""Object number"": ""NPG.80.184.1.E""}","{""Artist"": ""Benjamin Tanner, 1775 - 1848"", ""Sitter"": ""Anthony Wayne, 1 Jan 1745 - 15 Dec 1796"", ""Author"": ""James Hardie""}",,"{""Type"": ""Print""}","{""Medium"": ""Engraving on paper"", ""Dimensions"": ""Sheet: 21 x 12 cm (8 1/4 x 4 3/4\"")""}",,,"{""Topic"": ""Costume\\Headgear\\Military\nBook\nIllustration\nAnthony Wayne: Male\nAnthony Wayne: Military and Intelligence\\Army\\Officer\\Revolutionary War\nAnthony Wayne: Military and Intelligence\\Navy\\Officer\nAnthony Wayne: Military and Intelligence\\Army\\Officer\\Brigadier General\nAnthony Wayne: Politics and Government\\Government official\\US Congressman\\Georgia\nAnthony Wayne: Science and Technology\\Surveyor\nAnthony Wayne: Politics and Government\\Government official\\State Legislator\\Pennsylvania\nAnthony Wayne: Civilian awards\\Congressional Gold Medal\nPortrait""}","[""1800s"", ""1790s""]","[""United States. Army"", ""United States. Navy"", ""Tanner, Benjamin Tucker"", ""Wayne, Anthony"", ""Hardie, James""]","[""Prints""]","[""United States"", ""Georgia"", ""Pennsylvania""]","[""Legislators"", ""Congressional Gold Medal"", ""Books and reading"", ""Congressmen"", ""Illustration"", ""Government"", ""Portraits"", ""Civilian awards"", ""Headgear"", ""Brigadier General"", ""Science and Technology"", ""Surveyors"", ""Costume"", ""Military and Intelligence"", ""Men"", ""American Revolution (1775-1783)"", ""Public officers"", ""Politics"", ""Military"", ""Officer""]",1,"[""https://ids.si.edu/ids/deliveryService?id=NPG-NPG_80_184_1_e""]","https://ids.si.edu/ids/iiif/NPG-NPG_80_184_1_e/full/250,/0/default.jpg",Anthony Wayne,Benjamin Tanner,1801,men,
2907,https://collections.si.edu/search/detail/edanmdm:npg_NPG.80.184.1.C,NPG,edanmdm:npg_NPG.80.184.1.C,James Madison,"{""Credit Line"": ""National Portrait Gallery, Smithsonian Institution""}","{""Date"": ""c. 1801""}","{""Object number"": ""NPG.80.184.1.C""}","{""Artist"": ""Unidentified Artist"", ""Sitter"": ""James Madison, 16 Mar 1751 - 28 Jun 1836"", ""Author"": ""James Hardie""}",,"{""Type"": ""Print""}","{""Medium"": ""Engraving on paper"", ""Dimensions"": ""Sheet: 21 x 12 cm (8 1/4 x 4 3/4\"")""}",,,"{""Topic"": ""Book\nIllustration\nJames Madison: Male\nJames Madison: Law and Crime\\Lawyer\nJames Madison: Politics and Government\\Government official\\State Legislator\\Virginia\nJames Madison: Politics and Government\\Government official\\Congressman\\Continental congressman\nJames Madison: Politics and Government\\Government official\\President of US\nJames Madison: Politics and Government\\Government official\\Cabinet member\\Secretary of State\nJames Madison: Arts and Culture\\Literature\\Writer\\Essayist\nJames Madison: Politics and Government\\Government official\\US Congressman\\Virginia\nJames Madison: Politics and Government\\Statesman\\Signer of Constitution\nPortrait""}","[""1800s"", ""1790s""]","[""Madison, James"", ""Hardie, James""]","[""Prints""]","[""United States"", ""Virginia""]","[""Legislators"", ""Cabinet member"", ""Books and reading"", ""Congressmen"", ""Arts and Culture"", ""Literature"", ""Writers"", ""Illustration"", ""Government"", ""Essayist"", ""Portraits"", ""Lawyers"", ""Secretary of State"", ""Signer of Constitution"", ""Continental congressman"", ""Statesman"", ""Men"", ""Public officers"", ""Law and Crime"", ""Politics"", ""Presidents""]",1,"[""https://ids.si.edu/ids/deliveryService?id=NPG-NPG_80_184_1_c""]","https://ids.si.edu/ids/iiif/NPG-NPG_80_184_1_c/full/250,/0/default.jpg",James Madison,Unidentified Artist,1801,men,Writers
2908,https://collections.si.edu/search/detail/edanmdm:npg_NPG.80.184.1.B,NPG,edanmdm:npg_NPG.80.184.1.B,Thomas Jefferson,"{""Credit Line"": ""National Portrait Gallery, Smithsonian Institution""}","{""Date"": ""c. 1801""}","{""Object number"": ""NPG.80.184.1.B""}","{""Artist"": ""Unidentified Artist"", ""Sitter"": ""Thomas Jefferson, 13 Apr 1743 - 4 Jul 1826"", ""Author"": ""James Hardie""}",,"{""Type"": ""Print""}","{""Medium"": ""Engraving on paper"", ""Dimensions"": ""Sheet: 21 x 12 cm (8 1/4 x 4 3/4\"")""}",,,"{""Topic"": ""Book\nIllustration\nThomas Jefferson: Male\nThomas Jefferson: Law and Crime\\Lawyer\nThomas Jefferson: Politics and Government\\Government official\\Congressman\\Continental congressman\nThomas Jefferson: Politics and Government\\Statesman\\Colonial statesman\\Signer of Declaration\nThomas Jefferson: Politics and Government\\Vice-President of US\nThomas Jefferson: Business and Finance\\Natural resources commerce\\Agriculturist\\Farmer\nThomas Jefferson: Arts and Culture\\Visual Arts\\Architect\nThomas Jefferson: Politics and Government\\Government official\\President of US\nThomas Jefferson: Politics and Government\\Government official\\Cabinet member\\Secretary of State\nThomas Jefferson: Politics and Government\\Diplomat\\Minister\nThomas Jefferson: Science and Technology\\Inventor\nThomas Jefferson: Politics and Government\\Government official\\US Congressman\\Virginia\nThomas Jefferson: Politics and Government\\Government official\\Governor\\Virginia\nThomas Jefferson: Arts and Culture\\Education and Scholarship\\Founder\\University\nPortrait""}","[""1800s"", ""1790s""]","[""Jefferson, Thomas"", ""Hardie, James""]","[""Prints""]","[""United States"", ""Virginia""]","[""Business and Finance"", ""Legislators"", ""Art"", ""Books and reading"", ""Arts and Culture"", ""Architects"", ""Illustration"", ""Natural resources commerce"", ""Secretary of State"", ""Governors"", ""Founder"", ""Universities"", ""Colonial statesman"", ""Statesman"", ""Signer of Declaration"", ""Public officers"", ""Vice-Presidents"", ""Diplomats"", ""Presidents"", ""Minister"", ""Cabinet member"", ""Congressmen"", ""Farmers"", ""Government"", ""Diplomacy"", ""Portraits"", ""Lawyers"", ""Continental congressman"", ""Science and Technology"", ""Agriculturists"", ""Inventors"", ""Men"", ""Law and Crime"", ""Politics"", ""Education and Scholarship""]",1,"[""https://ids.si.edu/ids/deliveryService?id=NPG-NPG_80_184_1_b""]","https://ids.si.edu/ids/iiif/NPG-NPG_80_184_1_b/full/250,/0/default.jpg",Thomas Jefferson,Unidentified Artist,1801,men,
2909,https://collections.si.edu/search/detail/edanmdm:npg_NPG.80.16,NPG,edanmdm:npg_NPG.80.16,George Washington,"{""Credit Line"": ""National Portrait Gallery, Smithsonian Institution""}","{""Date"": ""1785""}","{""Object number"": ""NPG.80.16""}","{""Artist"": ""Robert Edge Pine, c. 1730 - 1788"", ""Sitter"": ""George Washington, 22 Feb 1732 - 14 Dec 1799""}","{""Provenance"": ""The artist; public auction 1792. Anthony Fothergill [1732-1813]; John Coakley Lettsom; (Leigh and Sotheby), London, May 2-4, 1816; (Shaw Armour, Montreal), Dec. 14, 1816. Henry Brevoort purchased it in Toronto 1817; his son James Carson Brevoort; his nephew Grenville Kane; his daughter Edith Kane [Mrs. George F. Baker]; her son George F. Baker, Jr.; his widow, Mrs. George F. Baker, Jr. [Kim K. Campbell, Mrs. Rolla D. Campbell, Jr.]; purchased 1980 NPG""}","{""Type"": ""Painting""}","{""Medium"": ""Oil on canvas"", ""Dimensions"": ""Sight: 90.2 x 69.9cm (35 1/2 x 27 1/2\"")\nFrame: 101.6 x 81.6 x 6.4cm (40 x 32 1/8 x 2 1/2\"")""}",,,"{""Topic"": ""Exterior\nEquipment\\Walking stick\\Cane\nCostume\\Dress Accessory\\Epaulet\nCostume\\Dress Accessory\\Button\\Brass\nGeorge Washington: Male\nGeorge Washington: Military and Intelligence\\Army\\Officer\\Revolutionary War\nGeorge Washington: Politics and Government\\Statesman\\Colonial statesman\nGeorge Washington: Business and Finance\\Natural resources commerce\\Agriculturist\\Farmer\nGeorge Washington: Military and Intelligence\\Army\\Officer\\General\nGeorge Washington: Politics and Government\\Government official\\President of US\nGeorge Washington: Science and Technology\\Surveyor\nGeorge Washington: Civilian awards\\Congressional Gold Medal\nPortrait""}","[""1780s""]","[""United States. Army"", ""Washington, George"", ""Pine, Robert Edge""]","[""Paintings"", ""Exterior views""]","[""United States""]","[""Business and Finance"", ""Brass"", ""Natural resources commerce"", ""Dress accessories"", ""Colonial statesman"", ""Statesman"", ""Staffs (Sticks, canes, etc.)"", ""Button"", ""Walking stick"", ""Military and Intelligence"", ""American Revolution (1775-1783)"", ""Public officers"", ""Presidents"", ""Congressional Gold Medal"", ""Farmers"", ""Government"", ""Portraits"", ""Civilian awards"", ""Science and Technology"", ""Agriculturists"", ""Surveyors"", ""Costume"", ""Men"", ""Politics"", ""Officer""]",1,"[""https://ids.si.edu/ids/deliveryService?id=NPG-NPG_80_16GW-000001""]","https://ids.si.edu/ids/iiif/NPG-NPG_80_16GW-000001/full/250,/0/default.jpg",George Washington,Robert Edge Pine,1785,men,
2911,https://collections.si.edu/search/detail/edanmdm:npg_NPG.80.146,NPG,edanmdm:npg_NPG.80.146,Alexander Hamilton,"{""Credit Line"": ""National Portrait Gallery, Smithsonian Institution""}","{""Date"": ""1804""}","{""Object number"": ""NPG.80.146""}","{""Artist"": ""William Rollinson, 1762 - 1842"", ""Copy after"": ""Archibald Robertson, 8 May 1765 - 6 Dec 1835"", ""Sitter"": ""Alexander Hamilton, 11 Jan 1757 - 11 Jul 1804""}",,"{""Type"": ""Print""}","{""Medium"": ""Stipple engraving"", ""Dimensions"": ""Sheet: 44.8 \u00d7 34.8 cm (17 5/8 \u00d7 13 11/16\"")""}",,,"{""Topic"": ""Symbols & Motifs\\Medal\nInterior\nPrinted Material\\Book\nPrinted Material\\Papers\nHome Furnishings\\Drape\nWeapon\\Sword\nEquipment\\Drafting & Writing Implements\\Writing implement\\Pen\\Quill\nContainer\\Inkwell\nAlexander Hamilton: Male\nAlexander Hamilton: Law and Crime\\Lawyer\nAlexander Hamilton: Arts and Culture\\Literature\\Writer\nAlexander Hamilton: Military and Intelligence\\Army\\Officer\\Revolutionary War\nAlexander Hamilton: Politics and Government\\Government official\\Cabinet member\\Secretary of Treasury\nAlexander Hamilton: Politics and Government\\Government official\\Congressman\\Continental congressman\nPortrait""}","[""1800s""]","[""United States. Army"", ""Rollinson, William"", ""Robertson, Archibald"", ""Hamilton, Alexander""]","[""Prints""]",,"[""Legislators"", ""Books and reading"", ""Arts and Culture"", ""Writers"", ""Papers"", ""Containers"", ""Quill"", ""Home Furnishings"", ""Printed Material"", ""Design"", ""Symbols & Motifs"", ""Weapons"", ""Swords"", ""Military and Intelligence"", ""American Revolution (1775-1783)"", ""Public officers"", ""Drape"", ""Cabinet member"", ""Inkwell"", ""Literature"", ""Congressmen"", ""Government"", ""Interior decoration"", ""Portraits"", ""Lawyers"", ""Drafting & Writing Implements"", ""Continental congressman"", ""Men"", ""Secretary of Treasury"", ""Law and Crime"", ""Politics"", ""Medal"", ""Pens"", ""Officer""]",1,"[""https://ids.si.edu/ids/deliveryService?id=NPG-8000322B_2""]","https://ids.si.edu/ids/iiif/NPG-8000322B_2/full/250,/0/default.jpg",Alexander Hamilton,William Rollinson,1804,men,Writers
2912,https://collections.si.edu/search/detail/edanmdm:npg_NPG.80.136,NPG,edanmdm:npg_NPG.80.136,Benjamin West,"{""Credit Line"": ""National Portrait Gallery, Smithsonian Institution; gift of the Margaret Hall Foundation""}","{""Date"": ""1770""}","{""Object number"": ""NPG.80.136""}","{""Attribution"": ""James Smith, 1749 - 1794"", ""Sitter"": ""Benjamin West, 10 Oct 1738 - 11 Mar 1820""}","{""Provenance"": ""Provenance: Robert Mylne, London, 1889. (Scott and Fowles, New York); Mrs. Ben Ali Haggan; bequest to Margaret Hall School, Versailles, Kentucky; gift 1980 to NPG""}","{""Type"": ""Painting""}","{""Medium"": ""Oil on canvas"", ""Dimensions"": ""Stretcher: 54 x 47cm (21 1/4 x 18 1/2\"")\nFrame: 67 x 59.8 x 5.7cm (26 3/8 x 23 9/16 x 2 1/4\"")""}",,,"{""Topic"": ""Benjamin West: Male\nBenjamin West: Arts and Culture\\Visual Arts\\Artist\\Portraitist\nBenjamin West: Arts and Culture\\Visual Arts\\Art instructor\nBenjamin West: Arts and Culture\\Visual Arts\\Artist\\Painter\\History painter\nPortrait""}","[""1770s""]","[""West, Benjamin"", ""Smith, James""]","[""Paintings""]",,"[""History painter"", ""Art"", ""Arts and Culture"", ""Portraitist"", ""Painters"", ""Men"", ""Portraits"", ""Artists"", ""Art instructor""]",1,"[""https://ids.si.edu/ids/deliveryService?id=NPG-NPG_80_136West-000004""]","https://ids.si.edu/ids/iiif/NPG-NPG_80_136West-000004/full/250,/0/default.jpg",Benjamin West,James Smith,1770,Men,Artists
2913,https://collections.si.edu/search/detail/edanmdm:npg_NPG.80.120.C,NPG,edanmdm:npg_NPG.80.120.C,Joel Barlow,"{""Credit Line"": ""National Portrait Gallery, Smithsonian Institution""}","{""Date"": ""1793""}","{""Object number"": ""NPG.80.120.C""}","{""Artist"": ""Louis Charles Ruotte, 1754 - 1806"", ""Copy after"": ""Jean Jacques Francois Lebarbier, 1738 - 1826"", ""Sitter"": ""Joel Barlow, 24 Mar 1754 - 26 Dec 1812""}",,"{""Type"": ""Print""}","{""Medium"": ""Stipple engraving"", ""Dimensions"": ""Image: 15.5 \u00d7 10 cm (6 1/8 \u00d7 3 15/16\"")\nBook closed: 21 \u00d7 14 cm (8 1/4 \u00d7 5 1/2\"")\nBook open: 21 \u00d7 25.5 cm (8 1/4 \u00d7 10 1/16\"")""}",,,"{""Topic"": ""Nature & Environment\\Plant\\Wreath\\Laurel wreath\nIllustration\nBook\\Frontispiece\nJoel Barlow: Male\nJoel Barlow: Law and Crime\\Lawyer\nJoel Barlow: Arts and Culture\\Literature\\Writer\nJoel Barlow: Arts and Culture\\Literature\\Writer\\Poet\nJoel Barlow: Arts and Culture\\Journalism and Media\\Journalist\nJoel Barlow: Politics and Government\\Diplomat\\Minister\nPortrait""}","[""1790s""]","[""Ruotte, Louis Charles"", ""Barlow, Joel"", ""Lebarbier, Jean Jacques Francois""]","[""Prints""]",,"[""Nature"", ""Wreath"", ""Frontispiece"", ""Books and reading"", ""Arts and Culture"", ""Literature"", ""Writers"", ""Illustration"", ""Government"", ""Diplomacy"", ""Portraits"", ""Ecology"", ""Lawyers"", ""Plants"", ""Laurel wreath"", ""Men"", ""Journalism"", ""Law and Crime"", ""Politics"", ""Diplomats"", ""Journalism and Media"", ""Poets"", ""Minister""]",1,"[""https://ids.si.edu/ids/deliveryService?id=NPG-NPG_80_120_c""]","https://ids.si.edu/ids/iiif/NPG-NPG_80_120_c/full/250,/0/default.jpg",Joel Barlow,Louis Charles Ruotte,1793,men,Writers
2914,https://collections.si.edu/search/detail/edanmdm:npg_NPG.80.120.B,NPG,edanmdm:npg_NPG.80.120.B,"Joel Barlow (back cover of ""The VIsion of Columbus"")","{""Credit Line"": ""National Portrait Gallery, Smithsonian Institution""}","{""Date"": ""1793""}","{""Object number"": ""NPG.80.120.B""}","{""Artist"": ""Elkanah Tisdale, 1768 - after 1834"", ""Sitter"": ""Joel Barlow, 24 Mar 1754 - 26 Dec 1812""}",,"{""Type"": ""Print""}","{""Medium"": ""Engraving on leather"", ""Dimensions"": ""Image: 9.5 \u00d7 7.7 cm (3 3/4 \u00d7 3 1/16\"")\nBook closed: 21 \u00d7 14 cm (8 1/4 \u00d7 5 1/2\"")\nBook open: 21 \u00d7 25.5 cm (8 1/4 \u00d7 10 1/16\"")""}",,,"{""Topic"": ""Book\nJoel Barlow: Male\nJoel Barlow: Law and Crime\\Lawyer\nJoel Barlow: Arts and Culture\\Literature\\Writer\nJoel Barlow: Arts and Culture\\Literature\\Writer\\Poet\nJoel Barlow: Arts and Culture\\Journalism and Media\\Journalist\nJoel Barlow: Politics and Government\\Diplomat\\Minister\nPortrait""}","[""1790s""]","[""Tisdale, Elkanah"", ""Barlow, Joel""]","[""Prints""]",,"[""Books and reading"", ""Arts and Culture"", ""Literature"", ""Writers"", ""Government"", ""Diplomacy"", ""Portraits"", ""Lawyers"", ""Men"", ""Journalism"", ""Law and Crime"", ""Politics"", ""Diplomats"", ""Journalism and Media"", ""Poets"", ""Minister""]",1,"[""https://ids.si.edu/ids/deliveryService?id=NPG-NPG_80_120_b""]","https://ids.si.edu/ids/iiif/NPG-NPG_80_120_b/full/250,/0/default.jpg",Joel Barlow,Elkanah Tisdale,1793,men,Writers
2915,https://collections.si.edu/search/detail/edanmdm:npg_NPG.80.120.A,NPG,edanmdm:npg_NPG.80.120.A,"Benjamin Franklin (front cover of ""The VIsion of Columbus"")","{""Credit Line"": ""National Portrait Gallery, Smithsonian Institution""}","{""Date"": ""1793""}","{""Object number"": ""NPG.80.120.A""}","{""Artist"": ""John Scoles, 1793 - 1844?"", ""Copy after"": ""Jean-Baptiste Nini, 1717 - 1786\nThomas Walpool, Jr."", ""Sitter"": ""Benjamin Franklin, 17 Jan 1706 - 17 Apr 1790""}",,"{""Type"": ""Print""}","{""Medium"": ""Engraving on leather"", ""Dimensions"": ""Image: 9.4 \u00d7 7.3 cm (3 11/16 \u00d7 2 7/8\"")\nBook closed: 21 \u00d7 14 cm (8 1/4 \u00d7 5 1/2\"")\nBook open: 21 \u00d7 25.5 cm (8 1/4 \u00d7 10 1/16\"")""}",,,"{""Topic"": ""Costume\\Headgear\\Hat\\Fur\nBook\nBenjamin Franklin: Male\nBenjamin Franklin: Arts and Culture\\Literature\\Writer\nBenjamin Franklin: Politics and Government\\Statesman\\Colonial statesman\nBenjamin Franklin: Politics and Government\\Government official\\Congressman\\Continental congressman\nBenjamin Franklin: Politics and Government\\Statesman\\Colonial statesman\\Signer of Declaration\nBenjamin Franklin: Science and Technology\\Scientist\nBenjamin Franklin: Politics and Government\\Diplomat\nBenjamin Franklin: Social Welfare and Reform\\Philanthropist\nBenjamin Franklin: Science and Technology\\Inventor\nBenjamin Franklin: Business and Finance\\Tradesman\\Printer\nBenjamin Franklin: Politics and Government\\Government official\\Postmaster\nPortrait""}","[""1790s""]","[""Scoles, John"", ""Nini, Jean-Baptiste"", ""Franklin, Benjamin"", ""Walpool, Thomas""]","[""Prints""]",,"[""Social Welfare and Reform"", ""Business and Finance"", ""Legislators"", ""Books and reading"", ""Arts and Culture"", ""Writers"", ""Printer"", ""Colonial statesman"", ""Statesman"", ""Signer of Declaration"", ""Public officers"", ""Diplomats"", ""Fur"", ""Literature"", ""Congressmen"", ""Government"", ""Diplomacy"", ""Portraits"", ""Tradesman"", ""Headgear"", ""Continental congressman"", ""Science and Technology"", ""Inventors"", ""Costume"", ""Men"", ""Philanthropists"", ""Hats"", ""Politics"", ""Scientists"", ""Postmasters""]",1,"[""https://ids.si.edu/ids/deliveryService?id=NPG-NPG_80_120_a""]","https://ids.si.edu/ids/iiif/NPG-NPG_80_120_a/full/250,/0/default.jpg",Benjamin Franklin,John Scoles,1793,men,Writers
2916,https://collections.si.edu/search/detail/edanmdm:npg_NPG.80.108,NPG,edanmdm:npg_NPG.80.108,Samuel Adams,"{""Credit Line"": ""National Portrait Gallery, Smithsonian Institution""}","{""Date"": ""1774""}","{""Object number"": ""NPG.80.108""}","{""Artist"": ""Paul Revere, 1 Jan 1735 - 10 May 1818"", ""Copy after"": ""John Singleton Copley, 3 Jul 1738 - 9 Sep 1815"", ""Sitter"": ""Samuel Adams, 27 Sep 1722 - 2 Oct 1803""}",,"{""Type"": ""Print""}","{""Medium"": ""Engraving on paper"", ""Dimensions"": ""Image: 10.5 \u00d7 9.5 cm (4 1/8 \u00d7 3 3/4\"")\nSheet: 22 \u00d7 13.8 cm (8 11/16 \u00d7 5 7/16\"")""}",,,"{""Topic"": ""Weapon\\Spear\nEquipment\\Shield\nDecorative\nReligious\\Angel\nSamuel Adams: Male\nSamuel Adams: Politics and Government\\Government official\\Congressman\\Continental congressman\nSamuel Adams: Politics and Government\\Statesman\\Colonial statesman\\Signer of Declaration\nSamuel Adams: Politics and Government\\Government official\\Governor\\Massachusetts\nSamuel Adams: Politics and Government\\Government official\\Lieutenant Governor\\Massachusetts\nPortrait""}","[""1770s""]","[""Revere, Paul"", ""Copley, John Singleton"", ""Adams, Samuel""]","[""Prints""]","[""Massachusetts""]","[""Legislators"", ""Congressmen"", ""Shield"", ""Government"", ""Religion"", ""Portraits"", ""Governors"", ""Continental congressman"", ""Decoration and ornament"", ""Colonial statesman"", ""Weapons"", ""Statesman"", ""Men"", ""Signer of Declaration"", ""Public officers"", ""Politics"", ""Angels"", ""Lieutenant Governor"", ""Spear""]",1,"[""https://ids.si.edu/ids/deliveryService?id=NPG-NPG_80_108_ext""]","https://ids.si.edu/ids/iiif/NPG-NPG_80_108_ext/full/250,/0/default.jpg",Samuel Adams,Paul Revere,1774,men,
2918,https://collections.si.edu/search/detail/edanmdm:npg_NPG.79.9,NPG,edanmdm:npg_NPG.79.9,Alexander Hamilton,"{""Credit Line"": ""National Portrait Gallery, Smithsonian Institution""}","{""Date"": ""1802""}","{""Object number"": ""NPG.79.9""}","{""Artist"": ""William Rollinson, 1762 - 1842"", ""Copy after"": ""Walter Robertson, c. 1750 - 1802"", ""Sitter"": ""Alexander Hamilton, 11 Jan 1757 - 11 Jul 1804""}",,"{""Type"": ""Print""}","{""Medium"": ""Etching and stipple and line engraving on paper"", ""Dimensions"": ""Image: 14.4 \u00d7 11.3 cm (5 11/16 \u00d7 4 7/16\"")\nSheet: 30.7 \u00d7 24.5 cm (12 1/16 \u00d7 9 5/8\"")""}",,,"{""Topic"": ""Costume\\Dress Accessory\\Epaulet\nSymbols & Motifs\\Flag\nCostume\\Dress Accessory\\Button\nAlexander Hamilton: Male\nAlexander Hamilton: Law and Crime\\Lawyer\nAlexander Hamilton: Arts and Culture\\Literature\\Writer\nAlexander Hamilton: Military and Intelligence\\Army\\Officer\\Revolutionary War\nAlexander Hamilton: Politics and Government\\Government official\\Cabinet member\\Secretary of Treasury\nAlexander Hamilton: Politics and Government\\Government official\\Congressman\\Continental congressman\nPortrait""}","[""1800s""]","[""United States. Army"", ""Rollinson, William"", ""Robertson, Walter"", ""Hamilton, Alexander""]","[""Prints""]",,"[""Legislators"", ""Cabinet member"", ""Arts and Culture"", ""Literature"", ""Congressmen"", ""Writers"", ""Government"", ""Dress accessories"", ""Portraits"", ""Lawyers"", ""Flags"", ""Continental congressman"", ""Symbols & Motifs"", ""Button"", ""Costume"", ""Military and Intelligence"", ""Men"", ""Secretary of Treasury"", ""American Revolution (1775-1783)"", ""Public officers"", ""Law and Crime"", ""Politics"", ""Officer""]",1,"[""https://ids.si.edu/ids/deliveryService?id=NPG-7900018B_1""]","https://ids.si.edu/ids/iiif/NPG-7900018B_1/full/250,/0/default.jpg",Alexander Hamilton,William Rollinson,1802,men,Writers
2919,https://collections.si.edu/search/detail/edanmdm:npg_NPG.79.82,NPG,edanmdm:npg_NPG.79.82,John Hancock,"{""Credit Line"": ""National Portrait Gallery, Smithsonian Institution""}","{""Date"": ""1776""}","{""Object number"": ""NPG.79.82""}","{""Artist"": ""Unidentified Artist"", ""Copy after"": ""John Singleton Copley, 3 Jul 1738 - 9 Sep 1815"", ""Sitter"": ""John Hancock, 12 Jan 1737 - 8 Oct 1793""}",,"{""Type"": ""Print""}","{""Medium"": ""Relief cut"", ""Dimensions"": ""Image: 7.5 \u00d7 6.2 cm (2 15/16 \u00d7 2 7/16\"")\nBook closed (image on cover): 18.5 \u00d7 11 cm (7 5/16 \u00d7 4 5/16\"")""}",,,"{""Topic"": ""Illustration\nJohn Hancock: Male\nJohn Hancock: Politics and Government\\Statesman\\Colonial statesman\nJohn Hancock: Politics and Government\\Statesman\\Colonial statesman\\Signer of Declaration\nJohn Hancock: Politics and Government\\Government official\\Governor\\Massachusetts\nJohn Hancock: Business and Finance\\Businessperson\\Merchant\nPortrait""}","[""1770s""]","[""Hancock, John"", ""Copley, John Singleton""]","[""Prints""]","[""Massachusetts""]","[""Business and Finance"", ""Merchants"", ""Illustration"", ""Government"", ""Businessperson"", ""Portraits"", ""Governors"", ""Colonial statesman"", ""Statesman"", ""Men"", ""Signer of Declaration"", ""Public officers"", ""Politics""]",2,"[""https://ids.si.edu/ids/deliveryService?id=NPG-NPG_79_82_a"", ""https://ids.si.edu/ids/deliveryService?id=NPG-NPG_79_82_b""]","https://ids.si.edu/ids/iiif/NPG-NPG_79_82_a/full/250,/0/default.jpg",John Hancock,Unidentified Artist,1776,men,
2920,https://collections.si.edu/search/detail/edanmdm:npg_NPG.79.80,NPG,edanmdm:npg_NPG.79.80,George Washington,"{""Credit Line"": ""National Portrait Gallery, Smithsonian Institution""}","{""Date"": ""1791""}","{""Object number"": ""NPG.79.80""}","{""Artist"": ""Unidentified Artist"", ""Copy after"": ""Charles Willson Peale, 15 Apr 1741 - 22 Feb 1827"", ""Sitter"": ""George Washington, 22 Feb 1732 - 14 Dec 1799""}",,"{""Type"": ""Print""}","{""Medium"": ""Relief cut on paper"", ""Dimensions"": ""Image: 7.1 \u00d7 6.3 cm (2 13/16 \u00d7 2 1/2\"")\nSheet: 17 \u00d7 10 cm (6 11/16 \u00d7 3 15/16\"")\nMount: 18.5 \u00d7 11.5 cm (7 5/16 \u00d7 4 1/2\"")""}",,,"{""Topic"": ""Print\nSymbols & Motifs\\Banner\nIllustration\nGeorge Washington: Male\nGeorge Washington: Military and Intelligence\\Army\\Officer\\Revolutionary War\nGeorge Washington: Politics and Government\\Statesman\\Colonial statesman\nGeorge Washington: Business and Finance\\Natural resources commerce\\Agriculturist\\Farmer\nGeorge Washington: Military and Intelligence\\Army\\Officer\\General\nGeorge Washington: Politics and Government\\Government official\\President of US\nGeorge Washington: Science and Technology\\Surveyor\nGeorge Washington: Civilian awards\\Congressional Gold Medal\nPortrait""}","[""1790s""]","[""United States. Army"", ""Washington, George"", ""Peale, Charles Willson""]","[""Prints""]","[""United States""]","[""Printing"", ""Business and Finance"", ""Congressional Gold Medal"", ""Farmers"", ""Illustration"", ""Government"", ""Banner"", ""Natural resources commerce"", ""Portraits"", ""Civilian awards"", ""Science and Technology"", ""Symbols & Motifs"", ""Colonial statesman"", ""Agriculturists"", ""Statesman"", ""Surveyors"", ""Military and Intelligence"", ""Men"", ""American Revolution (1775-1783)"", ""Public officers"", ""Politics"", ""Presidents"", ""Officer""]",1,"[""https://ids.si.edu/ids/deliveryService?id=NPG-NPG_79_80GW-000001""]","https://ids.si.edu/ids/iiif/NPG-NPG_79_80GW-000001/full/250,/0/default.jpg",George Washington,Unidentified Artist,1791,men,
2921,https://collections.si.edu/search/detail/edanmdm:npg_NPG.79.79,NPG,edanmdm:npg_NPG.79.79,John Dickinson,"{""Credit Line"": ""National Portrait Gallery, Smithsonian Institution""}","{""Date"": ""1771""}","{""Object number"": ""NPG.79.79""}","{""Attribution"": ""Paul Revere, 1 Jan 1735 - 10 May 1818"", ""Copy after"": ""James Smither, 1725 - 1797\nCharles Willson Peale, 15 Apr 1741 - 22 Feb 1827"", ""Publisher"": ""Nathaniel Ames"", ""Sitter"": ""John Dickinson, 8 Nov 1732 - 14 Feb 1808""}",,"{""Type"": ""Print""}","{""Medium"": ""Relief cut on paper"", ""Dimensions"": ""Image: 9.4 \u00d7 7.8 cm (3 11/16 \u00d7 3 1/16\"")\nBook open: 17.5 \u00d7 21 cm (6 7/8 \u00d7 8 1/4\"")\nBook closed: 17.5 \u00d7 11 cm (6 7/8 \u00d7 4 5/16\"")""}",,,"{""Topic"": ""Printed Material\\Book\nPrinted Material\\Document\\Scroll\nCostume\\Hair Accessory\\Wig\nBook\nJohn Dickinson: Male\nJohn Dickinson: Law and Crime\\Lawyer\nJohn Dickinson: Arts and Culture\\Literature\\Writer\nJohn Dickinson: Politics and Government\\Government official\\Congressman\\Continental congressman\nJohn Dickinson: Politics and Government\\Government official\\State Legislator\\Pennsylvania\nJohn Dickinson: Politics and Government\\Statesman\\Signer of Constitution\nJohn Dickinson: Politics and Government\\Government official\\State Legislator\\Delaware\nJohn Dickinson: Politics and Government\\Government official\\US Congressman\\Delaware\nPortrait""}","[""1770s""]","[""Revere, Paul"", ""Smither, James"", ""Peale, Charles Willson"", ""Ames, Nathaniel"", ""Dickinson, John""]","[""Prints""]","[""United States"", ""Delaware"", ""Pennsylvania""]","[""Legislators"", ""Books and reading"", ""Arts and Culture"", ""Literature"", ""Congressmen"", ""Writers"", ""Government"", ""Scroll"", ""Portraits"", ""Lawyers"", ""Signer of Constitution"", ""Printed Material"", ""Continental congressman"", ""Wig"", ""Statesman"", ""Costume"", ""Men"", ""Public officers"", ""Law and Crime"", ""Politics"", ""Hair Accessory""]",4,"[""https://ids.si.edu/ids/deliveryService?id=NPG-NPG_79_79_a"", ""https://ids.si.edu/ids/deliveryService?id=NPG-NPG_79_79_b"", ""https://ids.si.edu/ids/deliveryService?id=NPG-NPG_79_79_back"", ""https://ids.si.edu/ids/deliveryService?id=NPG-NPG_79_79_front""]","https://ids.si.edu/ids/iiif/NPG-NPG_79_79_a/full/250,/0/default.jpg",John Dickinson,Paul Revere,1771,men,Writers
2922,https://collections.si.edu/search/detail/edanmdm:npg_NPG.79.78,NPG,edanmdm:npg_NPG.79.78,George Washington and Horatio Gates,"{""Credit Line"": ""National Portrait Gallery, Smithsonian Institution""}","{""Date"": ""1777""}","{""Object number"": ""NPG.79.78""}","{""Artist"": ""Unidentified Artist"", ""Sitter"": ""George Washington, 22 Feb 1732 - 14 Dec 1799\nHoratio Gates, 1727 - 1806""}",,"{""Type"": ""Print""}","{""Medium"": ""Relief cut on paper"", ""Dimensions"": ""Image: 9 \u00d7 7.5 cm (3 9/16 \u00d7 2 15/16\"")\nBook closed: 18 \u00d7 10.6 cm (7 1/16 \u00d7 4 3/16\"")""}","{""Place"": ""United States\\Massachusetts\\Suffolk\\Boston""}",,"{""Topic"": ""Print\nIllustration\nGeorge Washington: Male\nGeorge Washington: Military and Intelligence\\Army\\Officer\\Revolutionary War\nGeorge Washington: Politics and Government\\Statesman\\Colonial statesman\nGeorge Washington: Business and Finance\\Natural resources commerce\\Agriculturist\\Farmer\nGeorge Washington: Military and Intelligence\\Army\\Officer\\General\nGeorge Washington: Politics and Government\\Government official\\President of US\nGeorge Washington: Science and Technology\\Surveyor\nGeorge Washington: Civilian awards\\Congressional Gold Medal\nHoratio Gates: Male\nHoratio Gates: Politics and Government\\Government official\\State Legislator\\New York\nHoratio Gates: Military and Intelligence\\Army\\Officer\\Revolutionary War\nHoratio Gates: Civilian awards\\Congressional Gold Medal\nPortrait""}","[""1770s""]","[""United States. Army"", ""Washington, George"", ""Gates, Horatio""]","[""Prints""]","[""New York"", ""United States"", ""Suffolk"", ""Massachusetts"", ""North America"", ""Boston""]","[""Printing"", ""Business and Finance"", ""Congressional Gold Medal"", ""Legislators"", ""Farmers"", ""Illustration"", ""Government"", ""Natural resources commerce"", ""Portraits"", ""Civilian awards"", ""Science and Technology"", ""Colonial statesman"", ""Agriculturists"", ""Statesman"", ""Surveyors"", ""Military and Intelligence"", ""Men"", ""American Revolution (1775-1783)"", ""Public officers"", ""Politics"", ""Presidents"", ""Officer""]",1,"[""https://ids.si.edu/ids/deliveryService?id=NPG-NPG_79_78GW1L-000001""]","https://ids.si.edu/ids/iiif/NPG-NPG_79_78GW1L-000001/full/250,/0/default.jpg",George Washington,Unidentified Artist,1777,men,
2923,https://collections.si.edu/search/detail/edanmdm:npg_NPG.79.38,NPG,edanmdm:npg_NPG.79.38,Marquis De Lafayette,"{""Credit Line"": ""National Portrait Gallery, Smithsonian Institution""}","{""Date"": ""1790""}","{""Object number"": ""NPG.79.38""}","{""Artist"": ""Gabriel Fiesinger, 1722 - 1807"", ""Copy after"": ""Jean-urbain Guerin"", ""Sitter"": ""Marquis de Lafayette, 6 Sep 1757 - 20 May 1834""}",,"{""Type"": ""Print""}","{""Medium"": ""Etching and stipple engraving on paper"", ""Dimensions"": ""Image: 9 \u00d7 7.8 cm (3 9/16 \u00d7 3 1/16\"")\nSheet: 31.4 \u00d7 22.4 cm (12 3/8 \u00d7 8 13/16\"")\nMat: 45.7 \u00d7 35.6 cm (18 \u00d7 14\"")""}",,,"{""Topic"": ""Symbols & Motifs\\Medal\nCostume\\Dress Accessory\\Epaulet\nSymbols & Motifs\\Medal\\Society of the Cincinnati\nMarquis de Lafayette: Male\nMarquis de Lafayette: Military and Intelligence\\Army\\Officer\nMarquis de Lafayette: Military and Intelligence\\Army\\Officer\\Revolutionary War\nPortrait""}","[""1790s""]","[""United States. Army"", ""Lafayette"", ""Guerin, Jean-urbain"", ""Fiesinger, Gabriel""]","[""Prints""]",,"[""Symbols & Motifs"", ""Society of the Cincinnati"", ""Costume"", ""Military and Intelligence"", ""Men"", ""Dress accessories"", ""Portraits"", ""American Revolution (1775-1783)"", ""Medal"", ""Officer""]",1,"[""https://ids.si.edu/ids/deliveryService?id=NPG-NPG_79_38""]","https://ids.si.edu/ids/iiif/NPG-NPG_79_38/full/250,/0/default.jpg",Marquis de Lafayette,Gabriel Fiesinger,1790,Men,
2924,https://collections.si.edu/search/detail/edanmdm:npg_NPG.79.3,NPG,edanmdm:npg_NPG.79.3,Nathanael Greene,"{""Credit Line"": ""National Portrait Gallery, Smithsonian Institution""}","{""Date"": ""1781""}","{""Object number"": ""NPG.79.3""}","{""Artist"": ""John Norman, c. 1748 - 1817"", ""Sitter"": ""Nathanael Greene, 7 Aug 1742 - 19 Jun 1786""}",,"{""Type"": ""Print""}","{""Medium"": ""Line engraving on paper"", ""Dimensions"": ""Image: 17 \u00d7 10.5 cm (6 11/16 \u00d7 4 1/8\"")\nSheet: 25.4 \u00d7 19 cm (10 \u00d7 7 1/2\"")""}",,,"{""Topic"": ""Nature & Environment\\Plant\\Tree\nSymbols & Motifs\\Flag\nHuman Figures\\Soldier\nNathanael Greene: Male\nNathanael Greene: Military and Intelligence\\Army\\Officer\\Revolutionary War\nNathanael Greene: Military and Intelligence\\Army\\Officer\\General\nNathanael Greene: Business and Finance\\Businessperson\\Industrialist\\Manufacturer\\Iron\nNathanael Greene: Civilian awards\\Congressional Gold Medal\nPortrait""}","[""1780s""]","[""United States. Army"", ""Norman, John"", ""Greene, Nathanael""]","[""Prints""]",,"[""Nature"", ""Trees"", ""Business and Finance"", ""Congressional Gold Medal"", ""Soldiers"", ""Businessperson"", ""Portraits"", ""Ecology"", ""Industrialist"", ""Iron"", ""Plants"", ""Flags"", ""Civilian awards"", ""Symbols & Motifs"", ""Human Figures"", ""Military and Intelligence"", ""Men"", ""Manufacturer"", ""American Revolution (1775-1783)"", ""Officer""]",1,"[""https://ids.si.edu/ids/deliveryService?id=NPG-NPG_79_3""]","https://ids.si.edu/ids/iiif/NPG-NPG_79_3/full/250,/0/default.jpg",Nathanael Greene,John Norman,1781,Men,
2925,https://collections.si.edu/search/detail/edanmdm:npg_NPG.79.216,NPG,edanmdm:npg_NPG.79.216,Alexander Hamilton,"{""Credit Line"": ""National Portrait Gallery, Smithsonian Institution; gift of Henry Cabot Lodge""}","{""Date"": ""1806""}","{""Object number"": ""NPG.79.216""}","{""Artist"": ""John Trumbull, 6 Jun 1756 - 10 Nov 1843"", ""Copy after"": ""Giuseppe Ceracchi, 4 Jul 1751 - 31 Jan 1801"", ""Sitter"": ""Alexander Hamilton, 11 Jan 1757 - 11 Jul 1804""}","{""Exhibition Label"": ""Born Nevis, West Indies\nDespite the many hardships he experienced during his childhood in the Caribbean, Alexander Hamilton went on to become one of the foremost statesmen of the United States. The drive and intelligence he demonstrated while still in his teens convinced wealthy patrons to send Hamilton to New York to study at King\u2019s College (now Columbia University). An early champion of independence from Britain, he enlisted in the Continental Army and became a valued member of George Washington\u2019s staff.\nFollowing the Revolution, Hamilton advocated for a strong national government. With John Jay and James Madison, he co-authored the Federalist Papers, which urged ratification of the United States Constitution. While serving as the first secretary of the treasury (1789\u201395), he laid the groundwork for a strong republic by promoting a national bank and encouraging commerce and manufacturing. Offended by a supposed insult, Vice President Aaron Burr fatally shot Hamilton in a duel in 1804.\nNacido en Nieves, Antillas Menores\nPese a las muchas adversidades que sufri\u00f3 durante su ni\u00f1ez en el Caribe, Alexander Hamilton lleg\u00f3 a ser uno de los estadistas m\u00e1s prominentes de Estados Unidos. Al ver su \u00edmpetu e inteligencia siendo a\u00fan adolescente, un grupo de benefactores ricos lo env\u00edo a Nueva York a estudiar en el King\u2019s College (hoy Universidad de Columbia). Temprano defensor de la independencia de las colonias inglesas, se alist\u00f3 en el Ej\u00e9rcito Continental y lleg\u00f3 a ser un apreciado miembro del equipo de oficiales de George Washington.\nTras la Revoluci\u00f3n, Hamilton abog\u00f3 por un gobierno nacional fuerte. Junto a John Jay y James Madison escribi\u00f3 los \u201cArt\u00edculos del Federalista\u201d, donde instaban a ratificar la Constituci\u00f3n de Estados Unidos. Como primer secretario del Tesoro (1789\u201395) sent\u00f3 las bases para una rep\u00fablica s\u00f3lida, promoviendo la creaci\u00f3n de un banco nacional y fomentando el comercio y la manufactura. Ofendido por un supuesto insulto, el vicepresidente Aaron Burr mat\u00f3 de un balazo a Hamilton en un duelo en 1804."", ""Provenance"": ""Henry Cabot Lodge; his son George C. Lodge; gift to NPG 1979""}","{""Type"": ""Painting""}","{""Medium"": ""Oil on canvas"", ""Dimensions"": ""Stretcher: 77.5 x 62.2 x 3.5cm (30 1/2 x 24 1/2 x 1 3/8\"")\nFrame: 89.2 x 73.7 x 9.2cm (35 1/8 x 29 x 3 5/8\"")""}",,,"{""Topic"": ""Alexander Hamilton: Male\nAlexander Hamilton: Law and Crime\\Lawyer\nAlexander Hamilton: Arts and Culture\\Literature\\Writer\nAlexander Hamilton: Military and Intelligence\\Army\\Officer\\Revolutionary War\nAlexander Hamilton: Politics and Government\\Government official\\Cabinet member\\Secretary of Treasury\nAlexander Hamilton: Politics and Government\\Government official\\Congressman\\Continental congressman\nPortrait""}","[""1800s""]","[""United States. Army"", ""Hamilton, Alexander"", ""Trumbull, John"", ""Ceracchi, Giuseppe""]","[""Paintings""]",,"[""Legislators"", ""Cabinet member"", ""Arts and Culture"", ""Literature"", ""Congressmen"", ""Writers"", ""Government"", ""Portraits"", ""Lawyers"", ""Continental congressman"", ""Military and Intelligence"", ""Men"", ""Secretary of Treasury"", ""American Revolution (1775-1783)"", ""Public officers"", ""Law and Crime"", ""Politics"", ""Officer""]",1,"[""https://ids.si.edu/ids/deliveryService?id=NPG-NPG_79_216Hamilton_d1""]","https://ids.si.edu/ids/iiif/NPG-NPG_79_216Hamilton_d1/full/250,/0/default.jpg",Alexander Hamilton,John Trumbull,1806,men,Writers
2927,https://collections.si.edu/search/detail/edanmdm:npg_NPG.79.206,NPG,edanmdm:npg_NPG.79.206,Anthony Wayne,"{""Credit Line"": ""National Portrait Gallery, Smithsonian Institution""}","{""Date"": ""1796""}","{""Object number"": ""NPG.79.206""}","{""Artist"": ""George Graham, active 1786 - 1813"", ""Copy after"": ""Jean Pierre Henri Elouis, 1755 - c. 1843"", ""Sitter"": ""Anthony Wayne, 1 Jan 1745 - 15 Dec 1796""}",,"{""Type"": ""Print""}","{""Medium"": ""Mezzotint on paper"", ""Dimensions"": ""Image: 45.4 x 35.5 cm (17 7/8 x 14\"")\nPlate: 52.7 x 43.2 cm (20 3/4 x 17\"")""}",,,"{""Topic"": ""Interior\nPrinted Material\\Papers\nEquipment\\Smoking Implements\\Pipe\nHome Furnishings\\Drape\nWeapon\\Sword\nArchitecture\\Column\nCostume\\Dress Accessory\\Epaulet\nAnthony Wayne: Male\nAnthony Wayne: Military and Intelligence\\Army\\Officer\\Revolutionary War\nAnthony Wayne: Military and Intelligence\\Navy\\Officer\nAnthony Wayne: Military and Intelligence\\Army\\Officer\\Brigadier General\nAnthony Wayne: Politics and Government\\Government official\\US Congressman\\Georgia\nAnthony Wayne: Science and Technology\\Surveyor\nAnthony Wayne: Politics and Government\\Government official\\State Legislator\\Pennsylvania\nAnthony Wayne: Civilian awards\\Congressional Gold Medal\nPortrait""}","[""1790s""]","[""Graham, George"", ""United States. Army"", ""United States. Navy"", ""Elouis, Jean Pierre Henri"", ""Wayne, Anthony""]","[""Prints""]","[""United States"", ""Georgia"", ""Pennsylvania""]","[""Legislators"", ""Papers"", ""Dress accessories"", ""Home Furnishings"", ""Printed Material"", ""Smoking Implements"", ""Design"", ""Weapons"", ""Swords"", ""Column"", ""Military and Intelligence"", ""American Revolution (1775-1783)"", ""Public officers"", ""Drape"", ""Congressional Gold Medal"", ""Congressmen"", ""Architecture"", ""Government"", ""Interior decoration"", ""Portraits"", ""Pipe"", ""Civilian awards"", ""Brigadier General"", ""Science and Technology"", ""Surveyors"", ""Costume"", ""Men"", ""Politics"", ""Officer""]",1,"[""https://ids.si.edu/ids/deliveryService?id=NPG-NPG_79_206Wayne-000001""]","https://ids.si.edu/ids/iiif/NPG-NPG_79_206Wayne-000001/full/250,/0/default.jpg",Anthony Wayne,George Graham,1796,men,
2928,https://collections.si.edu/search/detail/edanmdm:npg_NPG.79.205,NPG,edanmdm:npg_NPG.79.205,George Washington,"{""Credit Line"": ""National Portrait Gallery, Smithsonian Institution""}","{""Date"": ""c. 1810""}","{""Object number"": ""NPG.79.205""}","{""Artist"": ""John Galland, 1796 - 1817?"", ""Copy after"": ""F. Bartoli"", ""Sitter"": ""George Washington, 22 Feb 1732 - 14 Dec 1799""}",,"{""Type"": ""Print""}","{""Medium"": ""Stipple engraving on paper"", ""Dimensions"": ""Image: 28.9 \u00d7 22.7 cm (11 3/8 \u00d7 8 15/16\"")\nSheet: 38.9 \u00d7 28.5 cm (15 5/16 \u00d7 11 1/4\"")\nMat: 56 \u00d7 40.7 cm (22 1/16 \u00d7 16\"")""}",,,"{""Topic"": ""Home Furnishings\\Furniture\nCostume\\Headgear\\Hat\nPrinted Material\\Document\nInterior\\Interior with Exterior View\nHome Furnishings\\Furniture\\Table\nHome Furnishings\\Drape\nWeapon\\Sword\nArchitecture\\Building\\Tent\nCostume\\Dress Accessory\\Epaulet\nSymbols & Motifs\\Medal\\Society of the Cincinnati\nGeorge Washington: Male\nGeorge Washington: Military and Intelligence\\Army\\Officer\\Revolutionary War\nGeorge Washington: Politics and Government\\Statesman\\Colonial statesman\nGeorge Washington: Business and Finance\\Natural resources commerce\\Agriculturist\\Farmer\nGeorge Washington: Military and Intelligence\\Army\\Officer\\General\nGeorge Washington: Politics and Government\\Government official\\President of US\nGeorge Washington: Science and Technology\\Surveyor\nGeorge Washington: Civilian awards\\Congressional Gold Medal\nPortrait""}","[""1800s"", ""1810s""]","[""United States. Army"", ""Bartoli, F."", ""Washington, George"", ""Galland, John""]","[""Prints""]","[""United States""]","[""Business and Finance"", ""Society of the Cincinnati"", ""Natural resources commerce"", ""Dress accessories"", ""Home Furnishings"", ""Printed Material"", ""Design"", ""Symbols & Motifs"", ""Colonial statesman"", ""Weapons"", ""Statesman"", ""Swords"", ""Military and Intelligence"", ""Tables"", ""American Revolution (1775-1783)"", ""Public officers"", ""Drape"", ""Presidents"", ""Congressional Gold Medal"", ""Interior with Exterior View"", ""Farmers"", ""Architecture"", ""Government"", ""Interior decoration"", ""Portraits"", ""Civilian awards"", ""Furnishings"", ""Headgear"", ""Science and Technology"", ""Tents"", ""Agriculturists"", ""Surveyors"", ""Costume"", ""Men"", ""Hats"", ""Politics"", ""Medal"", ""Officer""]",1,"[""https://ids.si.edu/ids/deliveryService?id=NPG-NPG_79_205""]","https://ids.si.edu/ids/iiif/NPG-NPG_79_205/full/250,/0/default.jpg",George Washington,John Galland,1810,men,
2929,https://collections.si.edu/search/detail/edanmdm:npg_NPG.79.201,NPG,edanmdm:npg_NPG.79.201,John Paul Jones,"{""Credit Line"": ""National Portrait Gallery, Smithsonian Institution""}","{""Date"": ""c. 1781""}","{""Object number"": ""NPG.79.201""}","{""Artist"": ""Carl Guttenberg, 1743 - 1790"", ""Copy after"": ""Claude Jacques Notte"", ""Sitter"": ""John Paul Jones, 6 Jul 1747 - 18 Jul 1792""}",,"{""Type"": ""Print""}","{""Medium"": ""Engraving on paper"", ""Dimensions"": ""Image: 27.4 \u00d7 23.6 cm (10 13/16 \u00d7 9 5/16\"")\nSheet: 36.5 \u00d7 28.7 cm (14 3/8 \u00d7 11 5/16\"")\nMat: 55.8 \u00d7 40.6 cm (21 15/16 \u00d7 16\"")""}",,,"{""Topic"": ""Weapon\\Sword\nCostume\\Headgear\\Hat\\Tricorne\nExterior\\Ship\nWeapon\\Gun\\Pistol\nJohn Paul Jones: Male\nJohn Paul Jones: Politics and Government\\Government official\nJohn Paul Jones: Military and Intelligence\\Navy\\Officer\nJohn Paul Jones: Civilian awards\\Congressional Gold Medal\nPortrait""}","[""1770s"", ""1780s""]","[""United States. Navy"", ""Jones, John Paul"", ""Notte, Claude Jacques"", ""Guttenberg, Carl""]","[""Exterior views"", ""Prints""]",,"[""Congressional Gold Medal"", ""Government"", ""Portraits"", ""Firearms"", ""Civilian awards"", ""Headgear"", ""Tricorne"", ""Weapons"", ""Swords"", ""Ships"", ""Costume"", ""Pistol"", ""Military and Intelligence"", ""Men"", ""Public officers"", ""Hats"", ""Politics"", ""Officer""]",1,"[""https://ids.si.edu/ids/deliveryService?id=NPG-NPG_79_201Jones-000002""]","https://ids.si.edu/ids/iiif/NPG-NPG_79_201Jones-000002/full/250,/0/default.jpg",John Paul Jones,Carl Guttenberg,1781,men,
2930,https://collections.si.edu/search/detail/edanmdm:npg_NPG.79.16,NPG,edanmdm:npg_NPG.79.16,Thomas Jefferson,"{""Credit Line"": ""National Portrait Gallery, Smithsonian Institution""}","{""Date"": ""1801""}","{""Object number"": ""NPG.79.16""}","{""Artist"": ""William Harrison, Jr., active 1797 - c. 1819"", ""Copy after"": ""Rembrandt Peale, 22 Feb 1778 - 3 Oct 1860"", ""Sitter"": ""Thomas Jefferson, 13 Apr 1743 - 4 Jul 1826""}",,"{""Type"": ""Print""}","{""Medium"": ""Stipple engraving on paper"", ""Dimensions"": ""Image: 11.4 \u00d7 9.6 cm (4 1/2 \u00d7 3 3/4\"")\nSheet: 19.3 \u00d7 17.5 cm (7 5/8 \u00d7 6 7/8\"")""}",,,"{""Topic"": ""Costume\\Dress Accessory\\Neckwear\\Tie\nCostume\\Dress Accessory\\Button\nThomas Jefferson: Male\nThomas Jefferson: Law and Crime\\Lawyer\nThomas Jefferson: Politics and Government\\Government official\\Congressman\\Continental congressman\nThomas Jefferson: Politics and Government\\Statesman\\Colonial statesman\\Signer of Declaration\nThomas Jefferson: Politics and Government\\Vice-President of US\nThomas Jefferson: Business and Finance\\Natural resources commerce\\Agriculturist\\Farmer\nThomas Jefferson: Arts and Culture\\Visual Arts\\Architect\nThomas Jefferson: Politics and Government\\Government official\\President of US\nThomas Jefferson: Politics and Government\\Government official\\Cabinet member\\Secretary of State\nThomas Jefferson: Politics and Government\\Diplomat\\Minister\nThomas Jefferson: Science and Technology\\Inventor\nThomas Jefferson: Politics and Government\\Government official\\US Congressman\\Virginia\nThomas Jefferson: Politics and Government\\Government official\\Governor\\Virginia\nThomas Jefferson: Arts and Culture\\Education and Scholarship\\Founder\\University\nPortrait""}","[""1800s""]","[""Harrison, William"", ""Jefferson, Thomas"", ""Peale, Rembrandt""]","[""Prints""]","[""United States"", ""Virginia""]","[""Business and Finance"", ""Legislators"", ""Neckwear"", ""Art"", ""Arts and Culture"", ""Architects"", ""Natural resources commerce"", ""Dress accessories"", ""Secretary of State"", ""Governors"", ""Founder"", ""Universities"", ""Colonial statesman"", ""Statesman"", ""Button"", ""Signer of Declaration"", ""Neckties"", ""Public officers"", ""Vice-Presidents"", ""Diplomats"", ""Presidents"", ""Minister"", ""Cabinet member"", ""Congressmen"", ""Farmers"", ""Government"", ""Diplomacy"", ""Portraits"", ""Lawyers"", ""Continental congressman"", ""Science and Technology"", ""Agriculturists"", ""Inventors"", ""Costume"", ""Men"", ""Law and Crime"", ""Politics"", ""Education and Scholarship""]",1,"[""https://ids.si.edu/ids/deliveryService?id=NPG-NPG_79_16""]","https://ids.si.edu/ids/iiif/NPG-NPG_79_16/full/250,/0/default.jpg",Thomas Jefferson,William Harrison,1801,men,
2932,https://collections.si.edu/search/detail/edanmdm:npg_NPG.79.146,NPG,edanmdm:npg_NPG.79.146,George Washington,"{""Credit Line"": ""National Portrait Gallery, Smithsonian Institution""}","{""Date"": ""1794""}","{""Object number"": ""NPG.79.146""}","{""Artist"": ""Unidentified Artist"", ""Copy after"": ""Charles Willson Peale, 15 Apr 1741 - 22 Feb 1827"", ""Sitter"": ""George Washington, 22 Feb 1732 - 14 Dec 1799""}",,"{""Type"": ""Print""}","{""Medium"": ""Line engraving on paper"", ""Dimensions"": ""Image: 19.7 x 14.1cm (7 3/4 x 5 9/16\"")\nSheet: 33.4 x 27cm (13 1/8 x 10 5/8\"")""}",,,"{""Topic"": ""Costume\\Dress Accessory\\Epaulet\nSymbols & Motifs\\Flag\nHuman Figures\\Soldier\nGeorge Washington: Male\nGeorge Washington: Military and Intelligence\\Army\\Officer\\Revolutionary War\nGeorge Washington: Politics and Government\\Statesman\\Colonial statesman\nGeorge Washington: Business and Finance\\Natural resources commerce\\Agriculturist\\Farmer\nGeorge Washington: Military and Intelligence\\Army\\Officer\\General\nGeorge Washington: Politics and Government\\Government official\\President of US\nGeorge Washington: Science and Technology\\Surveyor\nGeorge Washington: Civilian awards\\Congressional Gold Medal\nPortrait""}","[""1790s""]","[""United States. Army"", ""Washington, George"", ""Peale, Charles Willson""]","[""Prints""]","[""United States""]","[""Business and Finance"", ""Soldiers"", ""Natural resources commerce"", ""Dress accessories"", ""Symbols & Motifs"", ""Colonial statesman"", ""Human Figures"", ""Statesman"", ""Military and Intelligence"", ""American Revolution (1775-1783)"", ""Public officers"", ""Presidents"", ""Congressional Gold Medal"", ""Farmers"", ""Government"", ""Portraits"", ""Flags"", ""Civilian awards"", ""Science and Technology"", ""Agriculturists"", ""Surveyors"", ""Costume"", ""Men"", ""Politics"", ""Officer""]",1,"[""https://ids.si.edu/ids/deliveryService?id=NPG-NPG_79_146""]","https://ids.si.edu/ids/iiif/NPG-NPG_79_146/full/250,/0/default.jpg",George Washington,Unidentified Artist,1794,men,
2933,https://collections.si.edu/search/detail/edanmdm:npg_NPG.79.145,NPG,edanmdm:npg_NPG.79.145,George Washington,"{""Credit Line"": ""National Portrait Gallery, Smithsonian Institution""}","{""Date"": ""c. 1783-86""}","{""Object number"": ""NPG.79.145""}","{""Artist"": ""Unidentified Artist"", ""Copy after"": ""Charles Willson Peale, 15 Apr 1741 - 22 Feb 1827"", ""Sitter"": ""George Washington, 22 Feb 1732 - 14 Dec 1799""}",,"{""Type"": ""Print""}","{""Medium"": ""Engraving on paper"", ""Dimensions"": ""Image: 19.8 x 14cm (7 13/16 x 5 1/2\"")\nSheet: 23.1 x 17.1cm (9 1/8 x 6 3/4\"")""}",,,"{""Topic"": ""Vehicle\\Ship\nCostume\\Dress Accessory\\Epaulet\nSymbols & Motifs\\Flag\nGeorge Washington: Male\nGeorge Washington: Military and Intelligence\\Army\\Officer\\Revolutionary War\nGeorge Washington: Politics and Government\\Statesman\\Colonial statesman\nGeorge Washington: Business and Finance\\Natural resources commerce\\Agriculturist\\Farmer\nGeorge Washington: Military and Intelligence\\Army\\Officer\\General\nGeorge Washington: Politics and Government\\Government official\\President of US\nGeorge Washington: Science and Technology\\Surveyor\nGeorge Washington: Civilian awards\\Congressional Gold Medal\nPortrait""}","[""1770s"", ""1790s""]","[""United States. Army"", ""Washington, George"", ""Peale, Charles Willson""]","[""Prints""]","[""United States""]","[""Business and Finance"", ""Natural resources commerce"", ""Dress accessories"", ""Vehicles"", ""Symbols & Motifs"", ""Colonial statesman"", ""Statesman"", ""Ships"", ""Military and Intelligence"", ""American Revolution (1775-1783)"", ""Public officers"", ""Presidents"", ""Congressional Gold Medal"", ""Farmers"", ""Government"", ""Portraits"", ""Flags"", ""Civilian awards"", ""Science and Technology"", ""Agriculturists"", ""Surveyors"", ""Costume"", ""Men"", ""Politics"", ""Officer""]",1,"[""https://ids.si.edu/ids/deliveryService?id=NPG-NPG_79_145""]","https://ids.si.edu/ids/iiif/NPG-NPG_79_145/full/250,/0/default.jpg",George Washington,Unidentified Artist,1783,men,
2934,https://collections.si.edu/search/detail/edanmdm:npg_NPG.79.139,NPG,edanmdm:npg_NPG.79.139,George Washington,"{""Credit Line"": ""National Portrait Gallery, Smithsonian Institution""}","{""Date"": ""1796""}","{""Object number"": ""NPG.79.139""}","{""Artist"": ""Thomas Holloway, active 1748 - 1827"", ""Copy after"": ""Gilbert Stuart, 3 Dec 1755 - 9 Jul 1828"", ""Sitter"": ""George Washington, 22 Feb 1732 - 14 Dec 1799""}",,"{""Type"": ""Print""}","{""Medium"": ""Engraving on paper"", ""Dimensions"": ""Image: 23 x 19.7cm (9 1/16 x 7 3/4\"")\nSheet: 40.1 x 28cm (15 13/16 x 11\"")""}",,,"{""Topic"": ""George Washington: Male\nGeorge Washington: Military and Intelligence\\Army\\Officer\\Revolutionary War\nGeorge Washington: Politics and Government\\Statesman\\Colonial statesman\nGeorge Washington: Business and Finance\\Natural resources commerce\\Agriculturist\\Farmer\nGeorge Washington: Military and Intelligence\\Army\\Officer\\General\nGeorge Washington: Politics and Government\\Government official\\President of US\nGeorge Washington: Science and Technology\\Surveyor\nGeorge Washington: Civilian awards\\Congressional Gold Medal\nPortrait""}","[""1790s""]","[""United States. Army"", ""Washington, George"", ""Holloway, Thomas"", ""Stuart, Gilbert""]","[""Prints""]","[""United States""]","[""Business and Finance"", ""Congressional Gold Medal"", ""Farmers"", ""Government"", ""Natural resources commerce"", ""Portraits"", ""Civilian awards"", ""Science and Technology"", ""Colonial statesman"", ""Agriculturists"", ""Statesman"", ""Surveyors"", ""Military and Intelligence"", ""Men"", ""American Revolution (1775-1783)"", ""Public officers"", ""Politics"", ""Presidents"", ""Officer""]",1,"[""https://ids.si.edu/ids/deliveryService?id=NPG-NPG_79_139""]","https://ids.si.edu/ids/iiif/NPG-NPG_79_139/full/250,/0/default.jpg",George Washington,Thomas Holloway,1796,men,
2935,https://collections.si.edu/search/detail/edanmdm:npg_NPG.79.127,NPG,edanmdm:npg_NPG.79.127,Nathanael Greene,"{""Credit Line"": ""National Portrait Gallery, Smithsonian Institution""}","{""Date"": ""1812""}","{""Object number"": ""NPG.79.127""}","{""Artist"": ""David Edwin, 1776 - 1841"", ""Copy after"": ""Charles Willson Peale, 15 Apr 1741 - 22 Feb 1827"", ""Sitter"": ""Nathanael Greene, 7 Aug 1742 - 19 Jun 1786""}",,"{""Type"": ""Print""}","{""Medium"": ""Stipple engraving on paper"", ""Dimensions"": ""Image: 9.8 x 8.1 cm (3 7/8 x 3 3/16\"")\nSheet: 24.1 x 15.9 cm (9 1/2 x 6 1/4\"")""}",,,"{""Topic"": ""Costume\\Dress Accessory\\Epaulet\nIllustration\nCostume\\Dress Accessory\\Button\nNathanael Greene: Male\nNathanael Greene: Military and Intelligence\\Army\\Officer\\Revolutionary War\nNathanael Greene: Military and Intelligence\\Army\\Officer\\General\nNathanael Greene: Business and Finance\\Businessperson\\Industrialist\\Manufacturer\\Iron\nNathanael Greene: Civilian awards\\Congressional Gold Medal\nPortrait""}","[""1810s""]","[""United States. Army"", ""Edwin, David"", ""Peale, Charles Willson"", ""Greene, Nathanael""]","[""Prints""]",,"[""Business and Finance"", ""Congressional Gold Medal"", ""Illustration"", ""Businessperson"", ""Dress accessories"", ""Portraits"", ""Industrialist"", ""Iron"", ""Civilian awards"", ""Button"", ""Costume"", ""Military and Intelligence"", ""Men"", ""Manufacturer"", ""American Revolution (1775-1783)"", ""Officer""]",1,"[""https://ids.si.edu/ids/deliveryService?id=NPG-NPG_79_127""]","https://ids.si.edu/ids/iiif/NPG-NPG_79_127/full/250,/0/default.jpg",Nathanael Greene,David Edwin,1812,Men,
2936,https://collections.si.edu/search/detail/edanmdm:npg_NPG.79.126,NPG,edanmdm:npg_NPG.79.126,George Washington,"{""Credit Line"": ""National Portrait Gallery, Smithsonian Institution""}","{""Date"": ""c. 1810""}","{""Object number"": ""NPG.79.126""}","{""Artist"": ""Unidentified Artist"", ""Copy after"": ""Joseph Wright, 16 Jul 1756 - c. 11 Oct 1793"", ""Sitter"": ""George Washington, 22 Feb 1732 - 14 Dec 1799""}",,"{""Type"": ""Print""}","{""Medium"": ""Etching on paper"", ""Dimensions"": ""Image: 10.5 x 7.8 cm (4 1/8 x 3 1/16\"")\nSheet: 20.2 x 12.4 cm (7 15/16 x 4 7/8\"")""}",,,"{""Topic"": ""Costume\\Dress Accessory\\Epaulet\nGeorge Washington: Male\nGeorge Washington: Military and Intelligence\\Army\\Officer\\Revolutionary War\nGeorge Washington: Politics and Government\\Statesman\\Colonial statesman\nGeorge Washington: Business and Finance\\Natural resources commerce\\Agriculturist\\Farmer\nGeorge Washington: Military and Intelligence\\Army\\Officer\\General\nGeorge Washington: Politics and Government\\Government official\\President of US\nGeorge Washington: Science and Technology\\Surveyor\nGeorge Washington: Civilian awards\\Congressional Gold Medal\nPortrait""}","[""1800s"", ""1810s""]","[""United States. Army"", ""Washington, George"", ""Wright, Joseph""]","[""Prints""]","[""United States""]","[""Business and Finance"", ""Congressional Gold Medal"", ""Farmers"", ""Government"", ""Natural resources commerce"", ""Dress accessories"", ""Portraits"", ""Civilian awards"", ""Science and Technology"", ""Colonial statesman"", ""Agriculturists"", ""Statesman"", ""Surveyors"", ""Costume"", ""Military and Intelligence"", ""Men"", ""American Revolution (1775-1783)"", ""Public officers"", ""Politics"", ""Presidents"", ""Officer""]",1,"[""https://ids.si.edu/ids/deliveryService?id=NPG-NPG_79_126""]","https://ids.si.edu/ids/iiif/NPG-NPG_79_126/full/250,/0/default.jpg",George Washington,Unidentified Artist,1810,men,
2937,https://collections.si.edu/search/detail/edanmdm:npg_NPG.79.123,NPG,edanmdm:npg_NPG.79.123,George Washington,"{""Credit Line"": ""National Portrait Gallery, Smithsonian Institution""}","{""Date"": ""1778""}","{""Object number"": ""NPG.79.123""}","{""Artist"": ""Unidentified Artist"", ""Sitter"": ""George Washington, 22 Feb 1732 - 14 Dec 1799""}",,"{""Type"": ""Print""}","{""Medium"": ""Relief cut on paper"", ""Dimensions"": ""Image: 17.4 x 15.2 cm (6 7/8 x 6\"")\nSheet: 19.2 x 16.3 cm (7 9/16 x 6 7/16\"")""}",,,"{""Topic"": ""Vehicle\\Ship\nPrinted Material\\Book\nNature & Environment\\Animal\\Horse\nPrint\nCostume\\Jewelry\\Medallion\nEquipment\\Sound Devices\\Horn\nHuman Figures\\Soldier\nReligious\\Angel\nIllustration\nSymbols & Motifs\\Zodiac\nNature & Environment\\Sun\nGeorge Washington: Male\nGeorge Washington: Military and Intelligence\\Army\\Officer\\Revolutionary War\nGeorge Washington: Politics and Government\\Statesman\\Colonial statesman\nGeorge Washington: Business and Finance\\Natural resources commerce\\Agriculturist\\Farmer\nGeorge Washington: Military and Intelligence\\Army\\Officer\\General\nGeorge Washington: Politics and Government\\Government official\\President of US\nGeorge Washington: Science and Technology\\Surveyor\nGeorge Washington: Civilian awards\\Congressional Gold Medal\nPortrait""}","[""1770s""]","[""United States. Army"", ""Washington, George""]","[""Prints""]","[""United States"", ""Sun""]","[""Business and Finance"", ""Horn"", ""Soldiers"", ""Books and reading"", ""Illustration"", ""Natural resources commerce"", ""Jewelry"", ""Vehicles"", ""Printed Material"", ""Symbols & Motifs"", ""Colonial statesman"", ""Human Figures"", ""Statesman"", ""Ships"", ""Military and Intelligence"", ""American Revolution (1775-1783)"", ""Public officers"", ""Angels"", ""Presidents"", ""Nature"", ""Congressional Gold Medal"", ""Zodiac"", ""Farmers"", ""Sound Devices"", ""Government"", ""Religion"", ""Portraits"", ""Ecology"", ""Civilian awards"", ""Science and Technology"", ""Animals"", ""Agriculturists"", ""Surveyors"", ""Costume"", ""Medallion"", ""Men"", ""Horses"", ""Politics"", ""Officer""]",1,"[""https://ids.si.edu/ids/deliveryService?id=NPG-NPG_79_123Washington-000002""]","https://ids.si.edu/ids/iiif/NPG-NPG_79_123Washington-000002/full/250,/0/default.jpg",George Washington,Unidentified Artist,1778,men,
2938,https://collections.si.edu/search/detail/edanmdm:npg_NPG.79.112,NPG,edanmdm:npg_NPG.79.112,The Washington Family,"{""Credit Line"": ""National Portrait Gallery, Smithsonian Institution""}","{""Date"": ""1798""}","{""Object number"": ""NPG.79.112""}","{""Artist"": ""Edward Savage, 26 Nov 1761 - 6 Jul 1817\nDavid Edwin, 1776 - 1841"", ""Copy after"": ""Edward Savage, 26 Nov 1761 - 6 Jul 1817"", ""Sitter"": ""George Washington, 22 Feb 1732 - 14 Dec 1799\nGeorge Washington Parke Custis, 30 Apr 1781 - 10 Oct 1857\nMartha Dandridge Custis Washington, 2 Jun 1731 - 22 May 1802\nEleanor Parke Custis Lewis, 31 Mar 1779 - 15 Jul 1852"", ""Possibly"": ""William (\""Billy\"") Lee, c. 1750 - c. 1828\nChristopher Sheels, 1776 - after 1802""}","{""Exhibition Label"": ""After the presidency, George and Martha Washington returned to Mount Vernon to raise their two grandchildren, George Washington \u201cWash\u201d Parke Custis (far left) and Eleanor \u201cNelly\u201d Custis (center). As an adult, Wash Custis fathered a daughter named Maria with an enslaved house servant, Arianna Carter. In 1825, he freed Maria, providing her with land from his Virginia estate, which was called Arlington. Wash\u2019s other surviving daughter, Mary Anna Randolph Custis, went on to marry Robert E. Lee and occupied the nearby mansion house on the property that is now known as Arlington National Cemetery.\nIn this popular print, the Washingtons gather around a map. An enslaved servant, possibly Christopher Sheels, stands at right, alluding to the complex interracial relationships and dependencies that shaped the Washington family\u2019s life and legacy.\nAl terminar la presidencia, George y Martha Washington regresaron a Mount Vernon para cuidar a sus dos nietos, George Washington \u201cWash\u201d Parke Custis (extrema izq.) y Eleanor \u201cNelly\u201d Custis (centro). De adulto, Wash Custis tuvo una hija llamada Maria con una esclava de la casa, Arianna Carter. En 1825 Wash dio a Maria la libertad y una porci\u00f3n de su propiedad de Virginia, llamada Arlington. Su otra hija sobreviviente, Mary Anna Randolph Custis, se cas\u00f3 con Robert E. Lee y ocup\u00f3 la mansi\u00f3n vecina en la propiedad que hoy se conoce como el Cementerio Nacional de Arlington. Esta estampa popular muestra a los Washington reunidos en torno a un mapa. De pie a la derecha hay un sirviente esclavo, posiblemente Christopher Sheels, se\u00f1al de los complejos v\u00ednculos y relaciones interraciales que moldearon la vida y el legado de la familia Washington.""}","{""Type"": ""Print""}","{""Medium"": ""Stipple engraving on paper"", ""Dimensions"": ""Image: 46.8 x 62.3 cm (18 7/16 x 24 1/2\"")""}",,,"{""Topic"": ""Home Furnishings\\Furniture\\Seating\\Chair\nCostume\\Headgear\\Hat\nInterior\\Interior with Exterior View\nHome Furnishings\\Furniture\\Table\nHome Furnishings\\Drape\nWeapon\\Sword\nArchitecture\\Column\nPrinted Material\\Map\nCostume\\Dress Accessory\\Epaulet\nHome Furnishings\\Globe\nCostume\\Footwear\\Boots\nCostume\\Footwear\\Boots\nEleanor Parke Custis Lewis: Female\nEleanor Parke Custis Lewis: Arts and Culture\\Visual Arts\\Artist\\Silhouettist\nWilliam (\""Billy\"") Lee: Male\nWilliam (\""Billy\"") Lee: Law and Crime\\Enslaved person\nWilliam (\""Billy\"") Lee: Business and Finance\\Service worker\\Domestic worker\\Servant\nGeorge Washington: Male\nGeorge Washington: Military and Intelligence\\Army\\Officer\\Revolutionary War\nGeorge Washington: Politics and Government\\Statesman\\Colonial statesman\nGeorge Washington: Business and Finance\\Natural resources commerce\\Agriculturist\\Farmer\nGeorge Washington: Military and Intelligence\\Army\\Officer\\General\nGeorge Washington: Politics and Government\\Government official\\President of US\nGeorge Washington: Science and Technology\\Surveyor\nGeorge Washington: Civilian awards\\Congressional Gold Medal\nMartha Dandridge Custis Washington: Female\nMartha Dandridge Custis Washington: Politics and Government\\First Lady\\First Lady of US\nGeorge Washington Parke Custis: Male\nGeorge Washington Parke Custis: Arts and Culture\\Literature\\Writer\\Playwright\nChristopher Sheels: Male\nChristopher Sheels: Law and Crime\\Enslaved person\nPortrait""}","[""1790s""]","[""Savage, Edward"", ""United States. Army"", ""Washington, George"", ""Washington, Martha Dandridge Custis"", ""Edwin, David"", ""Sheels, Christopher"", ""Custis, George Washington Parke"", ""Lee, William"", ""Lewis, Eleanor Parke Custis""]","[""Maps"", ""Prints""]","[""United States""]","[""Business and Finance"", ""Writers"", ""Domestic worker"", ""Natural resources commerce"", ""Dress accessories"", ""Home Furnishings"", ""Shoes"", ""First ladies"", ""Servant"", ""Design"", ""Weapons"", ""Seating"", ""Military and Intelligence"", ""American Revolution (1775-1783)"", ""Public officers"", ""First Lady of US"", ""Women"", ""Congressional Gold Medal"", ""Farmers"", ""Literature"", ""Architecture"", ""Interior decoration"", ""Playwright"", ""Civilian awards"", ""Art"", ""Arts and Culture"", ""Printed Material"", ""Colonial statesman"", ""Statesman"", ""Chairs"", ""Swords"", ""Column"", ""Globe"", ""Tables"", ""Drape"", ""Presidents"", ""Enslaved person"", ""Service worker"", ""Silhouettist"", ""Interior with Exterior View"", ""Government"", ""Footwear"", ""Portraits"", ""Presidents' spouses"", ""Furnishings"", ""Headgear"", ""Science and Technology"", ""Agriculturists"", ""Surveyors"", ""Costume"", ""Hats"", ""Law and Crime"", ""Politics"", ""Artists"", ""Officer""]",1,"[""https://ids.si.edu/ids/deliveryService?id=NPG-7900284B_1""]","https://ids.si.edu/ids/iiif/NPG-7900284B_1/full/250,/0/default.jpg",George Washington,Edward Savage,1798,Women,Writers
2943,https://collections.si.edu/search/detail/edanmdm:npg_NPG.78.85,NPG,edanmdm:npg_NPG.78.85,Benjamin West and Family,"{""Credit Line"": ""National Portrait Gallery, Smithsonian Institution""}","{""Date"": ""1779""}","{""Object number"": ""NPG.78.85""}","{""Artist"": ""George & Johan Facius, 1776 - 1802?\nGeorge Sigmund Facius\nJohan Gottlieb Facius, c. 1750 - after 1802"", ""Copy after"": ""Benjamin West, 10 Oct 1738 - 11 Mar 1820"", ""Sitter"": ""Benjamin West, 10 Oct 1738 - 11 Mar 1820""}",,"{""Type"": ""Print""}","{""Medium"": ""Hand-colored mezzotint on paper"", ""Dimensions"": ""Image: 50.3 x 64.2 cm (19 13/16 x 25 1/4\"")\nSheet: 55.5 x 68.4 cm (21 7/8 x 26 15/16\"")""}",,,"{""Topic"": ""Interior\\Domestic\nBenjamin West: Male\nBenjamin West: Arts and Culture\\Visual Arts\\Artist\\Portraitist\nBenjamin West: Arts and Culture\\Visual Arts\\Art instructor\nBenjamin West: Arts and Culture\\Visual Arts\\Artist\\Painter\\History painter\nPortrait""}","[""1770s""]","[""Facius, Johan Gottlieb"", ""West, Benjamin"", ""Facius, George and Johan"", ""Facius, George Sigmund""]","[""Prints""]",,"[""Design"", ""History painter"", ""Art"", ""Arts and Culture"", ""Portraitist"", ""Painters"", ""Interior decoration"", ""Domestic"", ""Men"", ""Portraits"", ""Artists"", ""Art instructor""]",1,"[""https://ids.si.edu/ids/deliveryService?id=NPG-NPG_78_85""]","https://ids.si.edu/ids/iiif/NPG-NPG_78_85/full/250,/0/default.jpg",Benjamin West,George & Johan Facius,1779,Men,Artists
2945,https://collections.si.edu/search/detail/edanmdm:npg_NPG.78.76,NPG,edanmdm:npg_NPG.78.76,Marquis de Lafayette,"{""Credit Line"": ""National Portrait Gallery, Smithsonian Institution""}","{""Date"": ""1790""}","{""Object number"": ""NPG.78.76""}","{""Artist"": ""Charles Francois Gabriel Levachez, 1760 - 1820\nJean Duplessi-Bertaux, active 1747 - 1819"", ""Copy after"": ""Charles Francois Gabriel Levachez, 1760 - 1820"", ""Sitter"": ""Marquis de Lafayette, 6 Sep 1757 - 20 May 1834""}",,"{""Type"": ""Print""}","{""Medium"": ""Aquatint and engraving on paper"", ""Dimensions"": ""Image: 36.4 x 22.4cm (14 5/16 x 8 13/16\"")\nSheet: 44.8 x 27.4cm (17 5/8 x 10 13/16\"")""}",,,"{""Topic"": ""Costume\\Dress Accessory\\Epaulet\nMarquis de Lafayette: Male\nMarquis de Lafayette: Military and Intelligence\\Army\\Officer\nMarquis de Lafayette: Military and Intelligence\\Army\\Officer\\Revolutionary War\nPortrait""}","[""1790s""]","[""United States. Army"", ""Lafayette"", ""Duplessi-Bertaux, Jean"", ""Levachez, Charles Francois Gabriel""]","[""Prints""]",,"[""Costume"", ""Military and Intelligence"", ""Men"", ""Dress accessories"", ""Portraits"", ""American Revolution (1775-1783)"", ""Officer""]",1,"[""https://ids.si.edu/ids/deliveryService?id=NPG-NPG_78_76Lafayette-000002""]","https://ids.si.edu/ids/iiif/NPG-NPG_78_76Lafayette-000002/full/250,/0/default.jpg",Marquis de Lafayette,Charles Francois Gabriel Levachez,1790,Men,
2946,https://collections.si.edu/search/detail/edanmdm:npg_NPG.78.74,NPG,edanmdm:npg_NPG.78.74,Benjamin Franklin,"{""Credit Line"": ""National Portrait Gallery, Smithsonian Institution""}","{""Date"": ""1778""}","{""Object number"": ""NPG.78.74""}","{""Artist"": ""Jean Charles Le Vasseur, 1734 - 1805"", ""Copy after"": ""Antoine Borel, 1840 - 1915"", ""Sitter"": ""Benjamin Franklin, 17 Jan 1706 - 17 Apr 1790""}",,"{""Type"": ""Print""}","{""Medium"": ""Engraving on paper"", ""Dimensions"": ""Image: 43.2 x 35cm (17 x 13 3/4\"")\nSheet: 51 x 38.3cm (20 1/16 x 15 1/16\"")""}",,,"{""Topic"": ""Exterior\nNature & Environment\\Plant\\Tree\nWeapon\\Spear\nSymbols & Motifs\\Symbolic Figure\nSymbols & Motifs\\Symbolic Figure\\Liberty\nBenjamin Franklin: Male\nBenjamin Franklin: Arts and Culture\\Literature\\Writer\nBenjamin Franklin: Politics and Government\\Statesman\\Colonial statesman\nBenjamin Franklin: Politics and Government\\Government official\\Congressman\\Continental congressman\nBenjamin Franklin: Politics and Government\\Statesman\\Colonial statesman\\Signer of Declaration\nBenjamin Franklin: Science and Technology\\Scientist\nBenjamin Franklin: Politics and Government\\Diplomat\nBenjamin Franklin: Social Welfare and Reform\\Philanthropist\nBenjamin Franklin: Science and Technology\\Inventor\nBenjamin Franklin: Business and Finance\\Tradesman\\Printer\nBenjamin Franklin: Politics and Government\\Government official\\Postmaster\nPortrait""}","[""1770s""]","[""Borel, Antoine"", ""Le Vasseur, Jean Charles"", ""Franklin, Benjamin""]","[""Exterior views"", ""Prints""]",,"[""Social Welfare and Reform"", ""Business and Finance"", ""Legislators"", ""Arts and Culture"", ""Writers"", ""Liberty"", ""Printer"", ""Symbols & Motifs"", ""Symbolic Figure"", ""Colonial statesman"", ""Weapons"", ""Statesman"", ""Signer of Declaration"", ""Public officers"", ""Diplomats"", ""Nature"", ""Trees"", ""Literature"", ""Congressmen"", ""Government"", ""Diplomacy"", ""Portraits"", ""Ecology"", ""Plants"", ""Tradesman"", ""Continental congressman"", ""Science and Technology"", ""Inventors"", ""Men"", ""Philanthropists"", ""Politics"", ""Scientists"", ""Spear"", ""Postmasters""]",1,"[""https://ids.si.edu/ids/deliveryService?id=NPG-NPG_78_74Franklin-000005""]","https://ids.si.edu/ids/iiif/NPG-NPG_78_74Franklin-000005/full/250,/0/default.jpg",Benjamin Franklin,Jean Charles Le Vasseur,1778,men,Writers
2947,https://collections.si.edu/search/detail/edanmdm:npg_NPG.78.44,NPG,edanmdm:npg_NPG.78.44,Marquis De Lafayette,"{""Credit Line"": ""National Portrait Gallery, Smithsonian Institution""}","{""Date"": ""1790""}","{""Object number"": ""NPG.78.44""}","{""Artist"": ""Philibert-Louis Debucourt, 1755 - 1832"", ""Sitter"": ""Marquis de Lafayette, 6 Sep 1757 - 20 May 1834""}",,"{""Type"": ""Print""}","{""Medium"": ""Color mezzotint on paper"", ""Dimensions"": ""Image: 42.5 x 35.3 cm (16 3/4 x 13 7/8\"")\nSheet: 50.9 x 40.7 cm (20 1/16 x 16\"")""}",,,"{""Topic"": ""Nature & Environment\\Plant\\Tree\nWeapon\\Sword\nExterior\\Landscape\\Battleground\nNature & Environment\\Animal\\Horse\nCostume\\Dress Accessory\\Epaulet\nMarquis de Lafayette: Male\nMarquis de Lafayette: Military and Intelligence\\Army\\Officer\nMarquis de Lafayette: Military and Intelligence\\Army\\Officer\\Revolutionary War\nPortrait""}","[""1790s""]","[""United States. Army"", ""Lafayette"", ""Debucourt, Philibert-Louis""]","[""Exterior views"", ""Prints""]",,"[""Nature"", ""Trees"", ""Dress accessories"", ""Portraits"", ""Ecology"", ""Plants"", ""Battleground"", ""Landscapes"", ""Animals"", ""Weapons"", ""Swords"", ""Costume"", ""Military and Intelligence"", ""Men"", ""Horses"", ""American Revolution (1775-1783)"", ""Officer""]",1,"[""https://ids.si.edu/ids/deliveryService?id=NPG-NPG_78_44Lafeyette-000001""]","https://ids.si.edu/ids/iiif/NPG-NPG_78_44Lafeyette-000001/full/250,/0/default.jpg",Marquis de Lafayette,Philibert-Louis Debucourt,1790,Men,
2949,https://collections.si.edu/search/detail/edanmdm:npg_NPG.78.41,NPG,edanmdm:npg_NPG.78.41,Benjamin West,"{""Credit Line"": ""National Portrait Gallery, Smithsonian Institution""}","{""Date"": ""1792""}","{""Object number"": ""NPG.78.41""}","{""Artist"": ""Burnet Reading, active 1776 - 1822"", ""Copy after"": ""Pierre \u00c9tienne Falconet, 1741 - 1791"", ""Sitter"": ""Benjamin West, 10 Oct 1738 - 11 Mar 1820""}",,"{""Type"": ""Print""}","{""Medium"": ""Stipple engraving"", ""Dimensions"": ""Image: 13.1 \u00d7 11 cm (5 3/16 \u00d7 4 5/16\"")\nSheet: 28.4 \u00d7 21.3 cm (11 3/16 \u00d7 8 3/8\"")""}",,,"{""Topic"": ""Benjamin West: Male\nBenjamin West: Arts and Culture\\Visual Arts\\Artist\\Portraitist\nBenjamin West: Arts and Culture\\Visual Arts\\Art instructor\nBenjamin West: Arts and Culture\\Visual Arts\\Artist\\Painter\\History painter\nPortrait""}","[""1790s""]","[""Reading, Burnet"", ""Falconet, Pierre Etienne"", ""West, Benjamin""]","[""Prints""]",,"[""History painter"", ""Art"", ""Arts and Culture"", ""Portraitist"", ""Painters"", ""Men"", ""Portraits"", ""Artists"", ""Art instructor""]",1,"[""https://ids.si.edu/ids/deliveryService?id=NPG-NPG_78_41""]","https://ids.si.edu/ids/iiif/NPG-NPG_78_41/full/250,/0/default.jpg",Benjamin West,Burnet Reading,1792,Men,Artists
2951,https://collections.si.edu/search/detail/edanmdm:npg_NPG.78.284,NPG,edanmdm:npg_NPG.78.284,John Quincy Adams,"{""Credit Line"": ""National Portrait Gallery, Smithsonian Institution""}","{""Date"": ""1809""}","{""Object number"": ""NPG.78.284""}","{""Artist"": ""Henry Williams, 1787 - 1830"", ""Sitter"": ""John Quincy Adams, 11 Jul 1767 - 23 Feb 1848""}",,"{""Type"": ""Silhouette""}","{""Medium"": ""White paper"", ""Dimensions"": ""Accurate: 10 x 7.5 cm (3 15/16 x 2 15/16\"")""}",,,"{""Topic"": ""Silhouette\\Hollow-cut\nCostume\\Headgear\\Hat\\Top hat\nJohn Quincy Adams: Male\nJohn Quincy Adams: Politics and Government\\Government official\\US Congressman\\Massachusetts\nJohn Quincy Adams: Politics and Government\\Government official\\President of US\nJohn Quincy Adams: Politics and Government\\Government official\\Cabinet member\\Secretary of State\nJohn Quincy Adams: Politics and Government\\Government official\\US Senator\\Massachusetts\nJohn Quincy Adams: Politics and Government\\Son of US President\nJohn Quincy Adams: Politics and Government\\Diplomat\\Minister\\US Minister\nPortrait""}","[""1800s""]","[""Williams, Henry"", ""Adams, John Quincy""]","[""Silhouettes""]","[""United States"", ""Massachusetts""]","[""Legislators"", ""Cabinet member"", ""Congressmen"", ""Hollow-cut"", ""Government"", ""Son of US President"", ""Diplomacy"", ""Portraits"", ""Silhouette"", ""Secretary of State"", ""Headgear"", ""US Minister"", ""Costume"", ""Men"", ""Senators"", ""Public officers"", ""Hats"", ""Politics"", ""Diplomats"", ""Presidents"", ""Minister"", ""Top hat""]",1,"[""https://ids.si.edu/ids/deliveryService?id=NPG-7800588A_1""]","https://ids.si.edu/ids/iiif/NPG-7800588A_1/full/250,/0/default.jpg",John Quincy Adams,Henry Williams,1809,men,
2952,https://collections.si.edu/search/detail/edanmdm:npg_NPG.78.283,NPG,edanmdm:npg_NPG.78.283,John Adams,"{""Credit Line"": ""National Portrait Gallery, Smithsonian Institution""}","{""Date"": ""1804""}","{""Object number"": ""NPG.78.283""}","{""Attribution"": ""Raphaelle Peale, 17 Feb 1774 - 4 Mar 1825"", ""Sitter"": ""John Adams, 30 Oct 1735 - 4 Jul 1826""}",,"{""Type"": ""Silhouette""}","{""Medium"": ""White paper"", ""Dimensions"": ""Image: 7.2cm x 4.8 cm (2 13/16\"" x 1 7/8\"")\nSheet: 10.7cm x 8.8 cm (4 3/16\"" x 3 7/16\"")""}",,,"{""Topic"": ""Silhouette\\Hollow-cut\nJohn Adams: Male\nJohn Adams: Arts and Culture\\Literature\\Writer\nJohn Adams: Politics and Government\\Government official\\Congressman\\Continental congressman\nJohn Adams: Politics and Government\\Statesman\\Colonial statesman\\Signer of Declaration\nJohn Adams: Politics and Government\\Vice-President of US\nJohn Adams: Politics and Government\\Diplomat\nJohn Adams: Politics and Government\\Government official\\President of US\nJohn Adams: Politics and Government\\Government official\\State Legislator\\Massachusetts\nPortrait""}","[""1800s""]","[""Adams, John"", ""Peale, Raphaelle""]","[""Silhouettes""]","[""United States"", ""Massachusetts""]","[""Legislators"", ""Arts and Culture"", ""Literature"", ""Congressmen"", ""Hollow-cut"", ""Writers"", ""Government"", ""Diplomacy"", ""Portraits"", ""Silhouette"", ""Continental congressman"", ""Colonial statesman"", ""Statesman"", ""Men"", ""Signer of Declaration"", ""Public officers"", ""Politics"", ""Vice-Presidents"", ""Diplomats"", ""Presidents""]",1,"[""https://ids.si.edu/ids/deliveryService?id=NPG-7800586A_1""]","https://ids.si.edu/ids/iiif/NPG-7800586A_1/full/250,/0/default.jpg",John Adams,Raphaelle Peale,1804,men,Writers
2956,https://collections.si.edu/search/detail/edanmdm:npg_NPG.78.24,NPG,edanmdm:npg_NPG.78.24,Thomas Paine,"{""Credit Line"": ""National Portrait Gallery, Smithsonian Institution""}","{""Date"": ""1791""}","{""Object number"": ""NPG.78.24""}","{""Artist"": ""Unidentified Artist"", ""Copy after"": ""Charles Willson Peale, 15 Apr 1741 - 22 Feb 1827"", ""Sitter"": ""Thomas Paine, 29 Jan 1737 - 8 Jun 1809""}",,"{""Type"": ""Print""}","{""Medium"": ""Engraving and etching on paper"", ""Dimensions"": ""Image: 13.4 x 9.9 cm (5 1/4 x 3 7/8\"")\nSheet: 19.4 x 13.5 cm (7 5/8 x 5 5/16\"")""}",,,"{""Topic"": ""Printed Material\\Book\nHome Furnishings\\Furniture\\Table\nEquipment\\Drafting & Writing Implements\\Writing implement\\Pen\\Quill\nThomas Paine: Male\nThomas Paine: Arts and Culture\\Literature\\Writer\nThomas Paine: Politics and Government\\Statesman\nThomas Paine: Arts and Culture\\Journalism and Media\\Magazine editor\nThomas Paine: Science and Technology\\Inventor\nThomas Paine: Social Welfare and Reform\\Reformer\\Humanitarian\nPortrait""}","[""1790s""]","[""Peale, Charles Willson"", ""Paine, Thomas""]","[""Prints""]",,"[""Social Welfare and Reform"", ""Books and reading"", ""Arts and Culture"", ""Literature"", ""Writers"", ""Government"", ""Magazine editor"", ""Quill"", ""Portraits"", ""Home Furnishings"", ""Drafting & Writing Implements"", ""Furnishings"", ""Reformers"", ""Printed Material"", ""Science and Technology"", ""Statesman"", ""Inventors"", ""Humanitarianism"", ""Men"", ""Tables"", ""Politics"", ""Journalism and Media"", ""Pens""]",1,"[""https://ids.si.edu/ids/deliveryService?id=NPG-7800043B_1""]","https://ids.si.edu/ids/iiif/NPG-7800043B_1/full/250,/0/default.jpg",Thomas Paine,Unidentified Artist,1791,men,Writers
2957,https://collections.si.edu/search/detail/edanmdm:npg_NPG.78.238,NPG,edanmdm:npg_NPG.78.238,John Jay,"{""Credit Line"": ""National Portrait Gallery, Smithsonian Institution""}","{""Date"": ""1795""}","{""Object number"": ""NPG.78.238""}","{""Artist"": ""Cornelius Tiebout, 1777 - 1832"", ""Copy after"": ""Gilbert Stuart, 3 Dec 1755 - 9 Jul 1828"", ""Sitter"": ""John Jay, 12 Dec 1745 - 17 May 1829""}",,"{""Type"": ""Print""}","{""Medium"": ""Stipple engraving on paper"", ""Dimensions"": ""Image: 31.3 x 22.2 cm (12 5/16 x 8 3/4\"")""}",,,"{""Topic"": ""John Jay: Male\nJohn Jay: Law and Crime\\Lawyer\nJohn Jay: Arts and Culture\\Literature\\Writer\nJohn Jay: Politics and Government\\Government official\\Congressman\\Continental congressman\nJohn Jay: Politics and Government\\Government official\\Governor\\New York\nJohn Jay: Law and Crime\\Judge\\Justice\\US Supreme Court Justice\\Chief Justice of US\nPortrait""}","[""1790s""]","[""Jay, John"", ""Tiebout, Cornelius"", ""Stuart, Gilbert""]","[""Prints""]","[""New York""]","[""Justice"", ""Legislators"", ""Arts and Culture"", ""Literature"", ""Congressmen"", ""Writers"", ""Government"", ""Chief Justice of US"", ""Portraits"", ""Lawyers"", ""Governors"", ""Continental congressman"", ""Men"", ""Public officers"", ""Law and Crime"", ""Politics"", ""Judges"", ""US Supreme Court Justice""]",1,"[""https://ids.si.edu/ids/deliveryService?id=NPG-NPG_78_238""]","https://ids.si.edu/ids/iiif/NPG-NPG_78_238/full/250,/0/default.jpg",John Jay,Cornelius Tiebout,1795,men,Writers
2959,https://collections.si.edu/search/detail/edanmdm:npg_NPG.78.114,NPG,edanmdm:npg_NPG.78.114,Benjamin Franklin,"{""Credit Line"": ""National Portrait Gallery, Smithsonian Institution""}","{""Date"": ""1778""}","{""Object number"": ""NPG.78.114""}","{""Artist"": ""Johann Elias Haid, 1739 - 1809"", ""Copy after"": ""Benjamin Wilson, 1721 - 1788"", ""Sitter"": ""Benjamin Franklin, 17 Jan 1706 - 17 Apr 1790""}",,"{""Type"": ""Print""}","{""Medium"": ""Mezzotint on paper"", ""Dimensions"": ""Image: 20.4 x 13.1 cm (8 1/16 x 5 3/16\"")\nSheet: 21.4 x 18 cm (8 7/16 x 7 1/16\"")\nMount: 24.7 x 18 cm (9 3/4 x 7 1/16\"")""}",,,"{""Topic"": ""Benjamin Franklin: Male\nBenjamin Franklin: Arts and Culture\\Literature\\Writer\nBenjamin Franklin: Politics and Government\\Statesman\\Colonial statesman\nBenjamin Franklin: Politics and Government\\Government official\\Congressman\\Continental congressman\nBenjamin Franklin: Politics and Government\\Statesman\\Colonial statesman\\Signer of Declaration\nBenjamin Franklin: Science and Technology\\Scientist\nBenjamin Franklin: Politics and Government\\Diplomat\nBenjamin Franklin: Social Welfare and Reform\\Philanthropist\nBenjamin Franklin: Science and Technology\\Inventor\nBenjamin Franklin: Business and Finance\\Tradesman\\Printer\nBenjamin Franklin: Politics and Government\\Government official\\Postmaster\nPortrait""}","[""1770s""]","[""Haid, Johann Elias"", ""Franklin, Benjamin"", ""Wilson, Benjamin""]","[""Prints""]",,"[""Social Welfare and Reform"", ""Business and Finance"", ""Legislators"", ""Arts and Culture"", ""Writers"", ""Printer"", ""Colonial statesman"", ""Statesman"", ""Signer of Declaration"", ""Public officers"", ""Diplomats"", ""Literature"", ""Congressmen"", ""Government"", ""Diplomacy"", ""Portraits"", ""Tradesman"", ""Continental congressman"", ""Science and Technology"", ""Inventors"", ""Men"", ""Philanthropists"", ""Politics"", ""Scientists"", ""Postmasters""]",1,"[""https://ids.si.edu/ids/deliveryService?id=NPG-NPG_78_114""]","https://ids.si.edu/ids/iiif/NPG-NPG_78_114/full/250,/0/default.jpg",Benjamin Franklin,Johann Elias Haid,1778,men,Writers
2960,https://collections.si.edu/search/detail/edanmdm:npg_NPG.78.113,NPG,edanmdm:npg_NPG.78.113,Marquis de Lafayette,"{""Credit Line"": ""National Portrait Gallery, Smithsonian Institution""}","{""Date"": ""c. 1790-1800""}","{""Object number"": ""NPG.78.113""}","{""Artist"": ""Lagardette, active c. 1790 - 1800"", ""Copy after"": ""Edme Quenedey, 1756 - 1830"", ""Sitter"": ""Marquis de Lafayette, 6 Sep 1757 - 20 May 1834""}",,"{""Type"": ""Print""}","{""Medium"": ""Etching on paper"", ""Dimensions"": ""Image: 21.3 x 18.2cm (8 3/8 x 7 3/16\"")\nSheet: 38 x 25cm (14 15/16 x 9 13/16\"")""}",,,"{""Topic"": ""Weapon\\Sword\nCostume\\Dress Accessory\\Epaulet\nHome Furnishings\\Mirror\nEquipment\\Wheel\nEquipment\\Wheel\nSymbols & Motifs\\Star\nCostume\\Headgear\\Headdress\\Crown\nEquipment\\Staff\nNature & Environment\\Animal\\Reptile\\Snake\nNature & Environment\\Plant\\Garland\nSymbols & Motifs\\Symbolic Figure\\Liberty\nNature & Environment\\Sun\nMarquis de Lafayette: Male\nMarquis de Lafayette: Military and Intelligence\\Army\\Officer\nMarquis de Lafayette: Military and Intelligence\\Army\\Officer\\Revolutionary War\nPortrait""}","[""1800s"", ""1780s""]","[""United States. Army"", ""Lafayette"", ""Lagardette"", ""Quenedey, Edme""]","[""Mirrors"", ""Prints""]","[""Sun""]","[""Wheel"", ""Staff"", ""Dress accessories"", ""Headdresses"", ""Home Furnishings"", ""Liberty"", ""Snakes"", ""Symbols & Motifs"", ""Reptile"", ""Symbolic Figure"", ""Weapons"", ""Swords"", ""Star"", ""Military and Intelligence"", ""American Revolution (1775-1783)"", ""Nature"", ""Portraits"", ""Ecology"", ""Plants"", ""Headgear"", ""Crown"", ""Animals"", ""Costume"", ""Men"", ""Garland"", ""Officer""]",1,"[""https://ids.si.edu/ids/deliveryService?id=NPG-NPG_78_113deLafayette-000002""]","https://ids.si.edu/ids/iiif/NPG-NPG_78_113deLafayette-000002/full/250,/0/default.jpg",Marquis de Lafayette,Lagardette,1790,Men,
2961,https://collections.si.edu/search/detail/edanmdm:npg_NPG.78.1,NPG,edanmdm:npg_NPG.78.1,George Washington,"{""Credit Line"": ""National Portrait Gallery, Smithsonian Institution; partial gift of Joe L. & Barbara B. Albritton and Robert H. & Clarice Smith""}","{""Date"": ""c. 1786""}","{""Object number"": ""NPG.78.1""}","{""Artist"": ""Jean-Antoine Houdon, 1741 - 1828"", ""Sitter"": ""George Washington, 22 Feb 1732 - 14 Dec 1799""}","{""Exhibition Label"": ""Born Westmoreland County, Virginia\nIn 1784, the French sculptor Jean-Antoine Houdon agreed to execute a full-length marble statue of George Washington for the Virginia State Capitol in Richmond. The following year, he traveled across the Atlantic and spent two weeks at Mount Vernon. While there, he made a life mask of Washington. That mask became the basis for several plaster and terra-cotta busts, including this one.\nNacido en el condado de Westmoreland, Virginia\nEn 1784, el escultor franc\u00e9s Jean-Antoine Houdon accedi\u00f3 a crear una estatua de George Washington en m\u00e1rmol para el capitolio del estado de Virginia en la ciudad de Richmond. Al a\u00f1o siguiente cruz\u00f3 el Atl\u00e1ntico y pas\u00f3 dos semanas en Mount Vernon. Mientras estuvo all\u00ed tom\u00f3 un molde de la cara de Washington que se convirti\u00f3 la base para varios bustos de yeso y terracota, incluido este."", ""Provenance"": ""J. William Middendorf, II [b. 1924] and Isabelle P. Middendorf; (Stabilimento Falivo), Vaduz, Liechtenstein; purchased NPG 1978""}","{""Type"": ""Sculpture""}","{""Medium"": ""Plaster"", ""Dimensions"": ""With Socle: 55.9 x 33.7 x 24.8cm (22 x 13 1/4 x 9 3/4\"")\nSocle Diameter: 14.6cm (5 3/4\"")""}",,,"{""Topic"": ""George Washington: Male\nGeorge Washington: Military and Intelligence\\Army\\Officer\\Revolutionary War\nGeorge Washington: Politics and Government\\Statesman\\Colonial statesman\nGeorge Washington: Business and Finance\\Natural resources commerce\\Agriculturist\\Farmer\nGeorge Washington: Military and Intelligence\\Army\\Officer\\General\nGeorge Washington: Politics and Government\\Government official\\President of US\nGeorge Washington: Science and Technology\\Surveyor\nGeorge Washington: Civilian awards\\Congressional Gold Medal\nPortrait""}","[""1780s"", ""1790s""]","[""United States. Army"", ""Washington, George"", ""Houdon, Jean-Antoine""]","[""Sculpture""]","[""United States""]","[""Business and Finance"", ""Congressional Gold Medal"", ""Farmers"", ""Government"", ""Natural resources commerce"", ""Portraits"", ""Civilian awards"", ""Science and Technology"", ""Colonial statesman"", ""Agriculturists"", ""Statesman"", ""Surveyors"", ""Military and Intelligence"", ""Men"", ""American Revolution (1775-1783)"", ""Public officers"", ""Politics"", ""Presidents"", ""Officer""]",2,"[""https://ids.si.edu/ids/deliveryService?id=NPG-NPG_78_1GWv3_d1"", ""https://3d-api.si.edu/voyager/3d_package:ff28cb3a-ad00-43b3-a928-fa61ab0a288f""]","https://ids.si.edu/ids/iiif/NPG-NPG_78_1GWv3_d1/full/250,/0/default.jpg",George Washington,Jean-Antoine Houdon,1786,men,
2962,https://collections.si.edu/search/detail/edanmdm:npg_NPG.77.98,NPG,edanmdm:npg_NPG.77.98,Count Rumford,"{""Credit Line"": ""National Portrait Gallery, Smithsonian Institution""}","{""Date"": ""c. 1792""}","{""Object number"": ""NPG.77.98""}","{""Artist"": ""Joseph Peter Paul Rauschmayr, 1758 - 1815"", ""Copy after"": ""Georg Dillis"", ""Sitter"": ""Benjamin Thompson, 26 Mar 1753 - 21 Aug 1814""}",,"{""Type"": ""Print""}","{""Medium"": ""Stipple engraving"", ""Dimensions"": ""Image: 9.6 \u00d7 7.9 cm (3 3/4 \u00d7 3 1/8\"")\nSheet: 17.3 \u00d7 12 cm (6 13/16 \u00d7 4 3/4\"")""}",,,"{""Topic"": ""Benjamin Thompson: Arts and Culture\\Visual Arts\\Artist\nBenjamin Thompson: Male\nBenjamin Thompson: Social Welfare and Reform\\Reformer\\Social reformer\nBenjamin Thompson: Science and Technology\\Scientist\\Physicist\nPortrait""}","[""1780s"", ""1790s""]","[""Dillis, Georg"", ""Thompson, Benjamin"", ""Rauschmayr, Joseph Peter Paul""]","[""Prints""]",,"[""Social Welfare and Reform"", ""Science and Technology"", ""Art"", ""Arts and Culture"", ""Social reformer"", ""Men"", ""Portraits"", ""Scientists"", ""Physicist"", ""Artists"", ""Reformers""]",1,"[""https://ids.si.edu/ids/deliveryService?id=NPG-NPG_77_98""]","https://ids.si.edu/ids/iiif/NPG-NPG_77_98/full/250,/0/default.jpg",Benjamin Thompson,Joseph Peter Paul Rauschmayr,1792,Men,Scientists
2963,https://collections.si.edu/search/detail/edanmdm:npg_NPG.77.97,NPG,edanmdm:npg_NPG.77.97,B. T. Graf v. Rumford,"{""Credit Line"": ""National Portrait Gallery, Smithsonian Institution""}","{""Date"": ""c. 1792""}","{""Object number"": ""NPG.77.97""}","{""Artist"": ""Franz Xavier Muller, 1756 - 1837"", ""Sitter"": ""Benjamin Thompson, 26 Mar 1753 - 21 Aug 1814""}",,"{""Type"": ""Print""}","{""Medium"": ""Engraving on paper"", ""Dimensions"": ""Image: 19 \u00d7 15.4 cm (7 1/2 \u00d7 6 1/16\"")\nSheet: 35 \u00d7 25 cm (13 3/4 \u00d7 9 13/16\"")""}",,,"{""Topic"": ""Symbols & Motifs\\Medal\nBenjamin Thompson: Arts and Culture\\Visual Arts\\Artist\nBenjamin Thompson: Male\nBenjamin Thompson: Social Welfare and Reform\\Reformer\\Social reformer\nBenjamin Thompson: Science and Technology\\Scientist\\Physicist\nPortrait""}","[""1780s"", ""1790s""]","[""Muller, Franz Xavier"", ""Thompson, Benjamin""]","[""Prints""]",,"[""Social Welfare and Reform"", ""Art"", ""Arts and Culture"", ""Portraits"", ""Reformers"", ""Science and Technology"", ""Symbols & Motifs"", ""Social reformer"", ""Men"", ""Medal"", ""Scientists"", ""Physicist"", ""Artists""]",1,"[""https://ids.si.edu/ids/deliveryService?id=NPG-NPG_77_97""]","https://ids.si.edu/ids/iiif/NPG-NPG_77_97/full/250,/0/default.jpg",Benjamin Thompson,Franz Xavier Muller,1792,Men,Scientists
2966,https://collections.si.edu/search/detail/edanmdm:npg_NPG.77.86,NPG,edanmdm:npg_NPG.77.86,John Hancock,"{""Credit Line"": ""National Portrait Gallery, Smithsonian Institution""}","{""Date"": ""1776""}","{""Object number"": ""NPG.77.86""}","{""Artist"": ""Unidentified Artist"", ""Copy after"": ""John Singleton Copley, 3 Jul 1738 - 9 Sep 1815"", ""Sitter"": ""John Hancock, 12 Jan 1737 - 8 Oct 1793""}",,"{""Type"": ""Print""}","{""Medium"": ""Mezzotint on paper"", ""Dimensions"": ""Image: 16.3 x 10.1 cm (6 7/16 x 4\"")\nSheet: 17.9 x 10.5 cm (7 1/16 x 4 1/8\"")""}",,,"{""Topic"": ""John Hancock: Male\nJohn Hancock: Politics and Government\\Statesman\\Colonial statesman\nJohn Hancock: Politics and Government\\Statesman\\Colonial statesman\\Signer of Declaration\nJohn Hancock: Politics and Government\\Government official\\Governor\\Massachusetts\nJohn Hancock: Business and Finance\\Businessperson\\Merchant\nPortrait""}","[""1770s""]","[""Hancock, John"", ""Copley, John Singleton""]","[""Prints""]","[""Massachusetts""]","[""Business and Finance"", ""Colonial statesman"", ""Merchants"", ""Statesman"", ""Government"", ""Businessperson"", ""Men"", ""Signer of Declaration"", ""Portraits"", ""Public officers"", ""Politics"", ""Governors""]",1,"[""https://ids.si.edu/ids/deliveryService?id=NPG-NPG_77_86""]","https://ids.si.edu/ids/iiif/NPG-NPG_77_86/full/250,/0/default.jpg",John Hancock,Unidentified Artist,1776,men,
2967,https://collections.si.edu/search/detail/edanmdm:npg_NPG.77.78,NPG,edanmdm:npg_NPG.77.78,George Washington and Benjamin Franklin,"{""Credit Line"": ""National Portrait Gallery, Smithsonian Institution""}","{""Date"": ""1788""}","{""Object number"": ""NPG.77.78""}","{""Artist"": ""Unidentified Artist"", ""Copy after"": ""Johann Caspar Lavater, 1741 - 1801"", ""Sitter"": ""George Washington, 22 Feb 1732 - 14 Dec 1799\nBenjamin Franklin, 17 Jan 1706 - 17 Apr 1790""}","{""Exhibition Label"": ""This print, depicting George Washington (1732\u20131799) and Benjamin Franklin (1706\u20131790) facing each other in profile, was published in the Columbian Magazine (Philadelphia, March 1788). However, it was copied from an early edition of the Swiss author Johan Caspar Lavater\u2019s Essays on Physiognomy (1775\u201378), which proposed a person\u2019s character was evident in their expressions, facial features, and head shape. The magazine\u2019s author quoted Lavater\u2019s analysis of Washington\u2019s silhouetted profile, noting his good qualities and adding, \u201cthe original must be distinguished by an indefatigable activity\u2014a man who acts with prudence, and always with dignity.\u201d\nEste grabado, en el que se representa a George Washington (1732\u20131799) y Benjamin Franklin (1706\u2013 1790) enfrentados de perfil, se public\u00f3 en la revista Columbian Magazine (Filadelfia, marzo de 1788). Sin embargo, fue copiado de una edici\u00f3n temprana de la obra Ensayos sobre fisionom\u00eda del autor suizo Johan Caspar Lavater (1775\u201378), que propon\u00eda que el temperamento de una persona se hac\u00eda evidente en sus expresiones, rasgos faciales y en la forma de su cabeza. El autor de la revista cit\u00f3 el an\u00e1lisis del perfil de Washington hecho por Lavater, haciendo refe- rencia a sus buenas cualidades, y a\u00f1adi\u00f3: \u201cel original debe distinguirse por una actividad infatigable: un hombre que act\u00faa con prudencia y siempre con dignidad\u201d.""}","{""Type"": ""Print""}","{""Medium"": ""Etching and engraving on paper"", ""Dimensions"": ""Image: 10.1cm x 15.9 cm (4\"" x 6 1/4\"")\nPlate: 11.1cm x 17.7 cm (4 3/8\"" x 6 15/16\"")\nSheet: 12.5cm x 19 cm (4 15/16\"" x 7 1/2\"")""}",,,"{""Topic"": ""Silhouette\nGeorge Washington: Male\nGeorge Washington: Military and Intelligence\\Army\\Officer\\Revolutionary War\nGeorge Washington: Politics and Government\\Statesman\\Colonial statesman\nGeorge Washington: Business and Finance\\Natural resources commerce\\Agriculturist\\Farmer\nGeorge Washington: Military and Intelligence\\Army\\Officer\\General\nGeorge Washington: Politics and Government\\Government official\\President of US\nGeorge Washington: Science and Technology\\Surveyor\nGeorge Washington: Civilian awards\\Congressional Gold Medal\nBenjamin Franklin: Male\nBenjamin Franklin: Arts and Culture\\Literature\\Writer\nBenjamin Franklin: Politics and Government\\Statesman\\Colonial statesman\nBenjamin Franklin: Politics and Government\\Government official\\Congressman\\Continental congressman\nBenjamin Franklin: Politics and Government\\Statesman\\Colonial statesman\\Signer of Declaration\nBenjamin Franklin: Science and Technology\\Scientist\nBenjamin Franklin: Politics and Government\\Diplomat\nBenjamin Franklin: Social Welfare and Reform\\Philanthropist\nBenjamin Franklin: Science and Technology\\Inventor\nBenjamin Franklin: Business and Finance\\Tradesman\\Printer\nBenjamin Franklin: Politics and Government\\Government official\\Postmaster\nPortrait""}","[""1780s""]","[""United States. Army"", ""Lavater, Johann Caspar"", ""Washington, George"", ""Franklin, Benjamin""]","[""Prints""]","[""United States""]","[""Business and Finance"", ""Social Welfare and Reform"", ""Legislators"", ""Arts and Culture"", ""Writers"", ""Natural resources commerce"", ""Silhouette"", ""Printer"", ""Colonial statesman"", ""Statesman"", ""Military and Intelligence"", ""Signer of Declaration"", ""American Revolution (1775-1783)"", ""Public officers"", ""Diplomats"", ""Presidents"", ""Congressional Gold Medal"", ""Farmers"", ""Literature"", ""Congressmen"", ""Government"", ""Diplomacy"", ""Portraits"", ""Civilian awards"", ""Tradesman"", ""Continental congressman"", ""Science and Technology"", ""Agriculturists"", ""Inventors"", ""Surveyors"", ""Men"", ""Philanthropists"", ""Politics"", ""Scientists"", ""Officer"", ""Postmasters""]",0,,,George Washington,Unidentified Artist,1788,men,Writers
2968,https://collections.si.edu/search/detail/edanmdm:npg_NPG.77.65,NPG,edanmdm:npg_NPG.77.65,John Adams,"{""Credit Line"": ""National Portrait Gallery, Smithsonian Institution""}","{""Date"": ""c. 1797""}","{""Object number"": ""NPG.77.65""}","{""Artist"": ""Henry H. Houston, active 1796 - c.1798"", ""Copy after"": ""William Joseph Williams, 1759 - 1823"", ""Sitter"": ""John Adams, 30 Oct 1735 - 4 Jul 1826""}",,"{""Type"": ""Print""}","{""Medium"": ""Stipple engraving on paper"", ""Dimensions"": ""Image: 28.4 x 22cm (11 3/16 x 8 11/16\"")\nSheet: 46.8 x 28.8cm (18 7/16 x 11 5/16\"")""}",,,"{""Topic"": ""Interior\nPrinted Material\\Book\nHome Furnishings\\Furniture\\Seating\\Chair\\Armchair\nHome Furnishings\\Drape\nArchitecture\\Column\nJohn Adams: Male\nJohn Adams: Arts and Culture\\Literature\\Writer\nJohn Adams: Politics and Government\\Government official\\Congressman\\Continental congressman\nJohn Adams: Politics and Government\\Statesman\\Colonial statesman\\Signer of Declaration\nJohn Adams: Politics and Government\\Vice-President of US\nJohn Adams: Politics and Government\\Diplomat\nJohn Adams: Politics and Government\\Government official\\President of US\nJohn Adams: Politics and Government\\Government official\\State Legislator\\Massachusetts\nPortrait""}","[""1800s"", ""1790s""]","[""Houston, Henry H."", ""Adams, John"", ""Williams, William Joseph""]","[""Prints""]","[""United States"", ""Massachusetts""]","[""Legislators"", ""Books and reading"", ""Arts and Culture"", ""Writers"", ""Home Furnishings"", ""Armchairs"", ""Printed Material"", ""Design"", ""Colonial statesman"", ""Statesman"", ""Chairs"", ""Column"", ""Seating"", ""Signer of Declaration"", ""Public officers"", ""Drape"", ""Vice-Presidents"", ""Diplomats"", ""Presidents"", ""Literature"", ""Congressmen"", ""Architecture"", ""Government"", ""Diplomacy"", ""Interior decoration"", ""Portraits"", ""Furnishings"", ""Continental congressman"", ""Men"", ""Politics""]",1,"[""https://ids.si.edu/ids/deliveryService?id=NPG-NPG_77_65Adams-000001""]","https://ids.si.edu/ids/iiif/NPG-NPG_77_65Adams-000001/full/250,/0/default.jpg",John Adams,Henry H. Houston,1797,men,Writers
2971,https://collections.si.edu/search/detail/edanmdm:npg_NPG.77.349,NPG,edanmdm:npg_NPG.77.349,Mirabeau Arrive Aux Champs Élisées,"{""Credit Line"": ""National Portrait Gallery, Smithsonian Institution""}","{""Date"": ""1792""}","{""Object number"": ""NPG.77.349""}","{""Artist"": ""Louis Joseph Masquelier, 1741 - 1811"", ""Copy after"": ""Jean Michel Moreau, Le Jeune, 1741 - 1814"", ""Sitter"": ""Benjamin Franklin, 17 Jan 1706 - 17 Apr 1790""}",,"{""Type"": ""Print""}","{""Medium"": ""Engraving on paper"", ""Dimensions"": ""Image: 23.3 \u00d7 33 cm (9 3/16 \u00d7 13\"")\nSheet: 42.8 \u00d7 51.5 cm (16 7/8 \u00d7 20 1/4\"")""}",,,"{""Topic"": ""Exterior\nNature & Environment\\Water\nPrinted Material\nNature & Environment\\Plant\\Tree\nPrinted Material\\Document\nVehicle\\Boat\nNature & Environment\\Plant\\Tree\\Palm\nNature & Environment\\Plant\\Wreath\\Laurel wreath\nSymbols & Motifs\\Banner\nBenjamin Franklin: Male\nBenjamin Franklin: Arts and Culture\\Literature\\Writer\nBenjamin Franklin: Politics and Government\\Statesman\\Colonial statesman\nBenjamin Franklin: Politics and Government\\Government official\\Congressman\\Continental congressman\nBenjamin Franklin: Politics and Government\\Statesman\\Colonial statesman\\Signer of Declaration\nBenjamin Franklin: Science and Technology\\Scientist\nBenjamin Franklin: Politics and Government\\Diplomat\nBenjamin Franklin: Social Welfare and Reform\\Philanthropist\nBenjamin Franklin: Science and Technology\\Inventor\nBenjamin Franklin: Business and Finance\\Tradesman\\Printer\nBenjamin Franklin: Politics and Government\\Government official\\Postmaster\nPortrait""}","[""1790s""]","[""Moreau, Jean Michel"", ""Masquelier, Louis Joseph"", ""Franklin, Benjamin""]","[""Exterior views"", ""Prints""]",,"[""Water"", ""Social Welfare and Reform"", ""Business and Finance"", ""Legislators"", ""Arts and Culture"", ""Writers"", ""Printer"", ""Printed Material"", ""Vehicles"", ""Symbols & Motifs"", ""Colonial statesman"", ""Statesman"", ""Signer of Declaration"", ""Public officers"", ""Diplomats"", ""Nature"", ""Trees"", ""Wreath"", ""Boats and boating"", ""Literature"", ""Congressmen"", ""Government"", ""Diplomacy"", ""Banner"", ""Portraits"", ""Ecology"", ""Plants"", ""Tradesman"", ""Laurel wreath"", ""Continental congressman"", ""Science and Technology"", ""Inventors"", ""Palm"", ""Men"", ""Philanthropists"", ""Politics"", ""Scientists"", ""Postmasters""]",1,"[""https://ids.si.edu/ids/deliveryService?id=NPG-NPG_77_349Franklin-000001""]","https://ids.si.edu/ids/iiif/NPG-NPG_77_349Franklin-000001/full/250,/0/default.jpg",Benjamin Franklin,Louis Joseph Masquelier,1792,men,Writers
2972,https://collections.si.edu/search/detail/edanmdm:npg_NPG.77.34,NPG,edanmdm:npg_NPG.77.34,West Family in the Studio Garden,"{""Credit Line"": ""National Portrait Gallery, Smithsonian Institution""}","{""Date"": ""1808-09""}","{""Object number"": ""NPG.77.34""}","{""Artist"": ""Benjamin West, 10 Oct 1738 - 11 Mar 1820"", ""Sitter"": ""Benjamin West, 10 Oct 1738 - 11 Mar 1820""}","{""Provenance"": ""(Sabin Galleries, Ltd., London); purchased 1977 NPG""}","{""Type"": ""Painting""}","{""Medium"": ""Oil on canvas"", ""Dimensions"": ""Stretcher: 34.3 \u00d7 41.3 \u00d7 1.6 cm (13 1/2 \u00d7 16 1/4 \u00d7 5/8\"")\nFrame: 45.1 x 51.8 x 4.8 cm (17 3/4 x 20 3/8 x 1 7/8\"")""}",,,"{""Topic"": ""Nature & Environment\\Clouds\nNature & Environment\\Plant\\Flower\\Flowers\nNature & Environment\\Animal\\Cat\nArchitecture\nNature & Environment\\Plant\\Tree\nArchitecture\\Arch\nArtwork\\Sculpture\nNature & Environment\\Animal\\Dog\nExterior\\Garden\nSelf-portrait\nBenjamin West: Male\nBenjamin West: Arts and Culture\\Visual Arts\\Artist\\Portraitist\nBenjamin West: Arts and Culture\\Visual Arts\\Art instructor\nBenjamin West: Arts and Culture\\Visual Arts\\Artist\\Painter\\History painter\nPortrait""}","[""1800s""]","[""West, Benjamin""]","[""Paintings"", ""Exterior views""]",,"[""Nature"", ""Trees"", ""History painter"", ""Cats"", ""Art"", ""Artwork"", ""Arts and Culture"", ""Painters"", ""Clouds"", ""Architecture"", ""Self-portraits"", ""Portraits"", ""Ecology"", ""Plants"", ""Flowers"", ""Gardens"", ""Animals"", ""Portraitist"", ""Sculpture"", ""Dogs"", ""Men"", ""Artists"", ""Art instructor""]",1,"[""https://ids.si.edu/ids/deliveryService?id=NPG-NPG_77_34Westfamily-000004""]","https://ids.si.edu/ids/iiif/NPG-NPG_77_34Westfamily-000004/full/250,/0/default.jpg",Benjamin West,Benjamin West,1808,Men,Artists
2973,https://collections.si.edu/search/detail/edanmdm:npg_NPG.77.328,NPG,edanmdm:npg_NPG.77.328,Alexander Hamilton,"{""Credit Line"": ""National Portrait Gallery, Smithsonian Institution""}","{""Date"": ""1806""}","{""Object number"": ""NPG.77.328""}","{""Artist"": ""Robert Field, 1769? - 1819"", ""Copy after"": ""John Trumbull, 6 Jun 1756 - 10 Nov 1843"", ""Sitter"": ""Alexander Hamilton, 11 Jan 1757 - 11 Jul 1804""}",,"{""Type"": ""Print""}","{""Medium"": ""Stipple and line engraving on paper"", ""Dimensions"": ""Image: 27.1 x 22.1 cm (10 11/16 x 8 11/16\"")\nPlate: 36.4 x 26.6 cm (14 5/16 x 10 1/2\"")""}",,,"{""Topic"": ""Interior\nCostume\\Dress Accessory\\Bow\nAlexander Hamilton: Male\nAlexander Hamilton: Law and Crime\\Lawyer\nAlexander Hamilton: Arts and Culture\\Literature\\Writer\nAlexander Hamilton: Military and Intelligence\\Army\\Officer\\Revolutionary War\nAlexander Hamilton: Politics and Government\\Government official\\Cabinet member\\Secretary of Treasury\nAlexander Hamilton: Politics and Government\\Government official\\Congressman\\Continental congressman\nPortrait""}","[""1800s""]","[""United States. Army"", ""Field, Robert"", ""Hamilton, Alexander"", ""Trumbull, John""]","[""Prints""]",,"[""Legislators"", ""Cabinet member"", ""Arts and Culture"", ""Literature"", ""Congressmen"", ""Writers"", ""Government"", ""Interior decoration"", ""Dress accessories"", ""Portraits"", ""Lawyers"", ""Bow"", ""Continental congressman"", ""Design"", ""Costume"", ""Military and Intelligence"", ""Men"", ""Secretary of Treasury"", ""American Revolution (1775-1783)"", ""Public officers"", ""Law and Crime"", ""Politics"", ""Officer""]",1,"[""https://ids.si.edu/ids/deliveryService?id=NPG-NPG_77_328Hamilton-000002""]","https://ids.si.edu/ids/iiif/NPG-NPG_77_328Hamilton-000002/full/250,/0/default.jpg",Alexander Hamilton,Robert Field,1806,men,Writers
2977,https://collections.si.edu/search/detail/edanmdm:npg_NPG.77.254,NPG,edanmdm:npg_NPG.77.254,George Washington,"{""Credit Line"": ""National Portrait Gallery, Smithsonian Institution""}","{""Date"": ""1798""}","{""Object number"": ""NPG.77.254""}","{""Artist"": ""Charles Balthazar Julien F\u00e9vret de Saint-M\u00e9min, 12 Mar 1770 - 23 Jun 1852"", ""Sitter"": ""George Washington, 22 Feb 1732 - 14 Dec 1799""}",,"{""Type"": ""Art Implement""}","{""Medium"": ""Copper plate"", ""Dimensions"": ""Image: 1.7 \u00d7 0.8 cm (11/16 \u00d7 5/16\"")\nPlate: 7 \u00d7 6.8 cm (2 3/4 \u00d7 2 11/16\"")""}",,,"{""Topic"": ""Costume\\Dress Accessory\\Epaulet\nPrinting surface\\Printing plate\nGeorge Washington: Male\nGeorge Washington: Military and Intelligence\\Army\\Officer\\Revolutionary War\nGeorge Washington: Politics and Government\\Statesman\\Colonial statesman\nGeorge Washington: Business and Finance\\Natural resources commerce\\Agriculturist\\Farmer\nGeorge Washington: Military and Intelligence\\Army\\Officer\\General\nGeorge Washington: Politics and Government\\Government official\\President of US\nGeorge Washington: Science and Technology\\Surveyor\nGeorge Washington: Civilian awards\\Congressional Gold Medal\nPortrait""}","[""1790s""]","[""United States. Army"", ""Washington, George"", ""Saint-Memin, Charles Balthazar Julien Fevret de""]","[""Artists' materials""]","[""United States""]","[""Printing surface"", ""Business and Finance"", ""Congressional Gold Medal"", ""Farmers"", ""Government"", ""Natural resources commerce"", ""Dress accessories"", ""Portraits"", ""Civilian awards"", ""Science and Technology"", ""Colonial statesman"", ""Agriculturists"", ""Statesman"", ""Surveyors"", ""Costume"", ""Printing plate"", ""Military and Intelligence"", ""Men"", ""American Revolution (1775-1783)"", ""Public officers"", ""Politics"", ""Presidents"", ""Officer""]",1,"[""https://ids.si.edu/ids/deliveryService?id=NPG-NPG_77_254""]","https://ids.si.edu/ids/iiif/NPG-NPG_77_254/full/250,/0/default.jpg",George Washington,Charles Balthazar Julien F\u00e9vret de Saint-M\u00e9min,1798,men,
2979,https://collections.si.edu/search/detail/edanmdm:npg_NPG.77.252,NPG,edanmdm:npg_NPG.77.252,James Madison,"{""Credit Line"": ""National Portrait Gallery, Smithsonian Institution; gift of Katie Louchheim""}","{""Date"": ""1810""}","{""Object number"": ""NPG.77.252""}","{""Artist"": ""David Edwin, 1776 - 1841"", ""Copy after"": ""Thomas Sully, 19 Jun 1783 - 5 Nov 1872\nGilbert Stuart, 3 Dec 1755 - 9 Jul 1828"", ""Publisher"": ""W. H. Morgan & Company"", ""Sitter"": ""James Madison, 16 Mar 1751 - 28 Jun 1836""}",,"{""Type"": ""Print""}","{""Medium"": ""Stipple engraving on paper"", ""Dimensions"": ""Image: 50.3 x 33.3 cm (19 13/16 x 13 1/8\"")\nSheet: 61.2 x 39.1 cm (24 1/8 x 15 3/8\"")""}",,,"{""Topic"": ""Home Furnishings\\Furniture\\Seating\\Chair\nPrinted Material\\Book\nPrinted Material\\Document\nHome Furnishings\\Furniture\\Table\nHome Furnishings\\Drape\nArchitecture\\Column\nEquipment\\Drafting & Writing Implements\\Writing implement\\Pen\\Quill\nEquipment\\Drafting & Writing Implements\\Inkstand\nJames Madison: Male\nJames Madison: Law and Crime\\Lawyer\nJames Madison: Politics and Government\\Government official\\State Legislator\\Virginia\nJames Madison: Politics and Government\\Government official\\Congressman\\Continental congressman\nJames Madison: Politics and Government\\Government official\\President of US\nJames Madison: Politics and Government\\Government official\\Cabinet member\\Secretary of State\nJames Madison: Arts and Culture\\Literature\\Writer\\Essayist\nJames Madison: Politics and Government\\Government official\\US Congressman\\Virginia\nJames Madison: Politics and Government\\Statesman\\Signer of Constitution\nPortrait""}","[""1810s""]","[""Madison, James"", ""Edwin, David"", ""Sully, Thomas"", ""W. H. Morgan & Company"", ""Stuart, Gilbert""]","[""Prints""]","[""United States"", ""Virginia""]","[""Legislators"", ""Books and reading"", ""Arts and Culture"", ""Writers"", ""Quill"", ""Home Furnishings"", ""Secretary of State"", ""Printed Material"", ""Inkstand"", ""Statesman"", ""Chairs"", ""Column"", ""Seating"", ""Tables"", ""Public officers"", ""Drape"", ""Presidents"", ""Cabinet member"", ""Congressmen"", ""Literature"", ""Architecture"", ""Government"", ""Essayist"", ""Portraits"", ""Lawyers"", ""Drafting & Writing Implements"", ""Furnishings"", ""Signer of Constitution"", ""Continental congressman"", ""Men"", ""Law and Crime"", ""Politics"", ""Pens""]",1,"[""https://ids.si.edu/ids/deliveryService?id=NPG-NPG_77_252Madison-000001""]","https://ids.si.edu/ids/iiif/NPG-NPG_77_252Madison-000001/full/250,/0/default.jpg",James Madison,David Edwin,1810,men,Writers
2980,https://collections.si.edu/search/detail/edanmdm:npg_NPG.77.227,NPG,edanmdm:npg_NPG.77.227,George Washington,"{""Credit Line"": ""National Portrait Gallery, Smithsonian Institution; gift of Marvin Sadik""}","{""Date"": ""1800""}","{""Object number"": ""NPG.77.227""}","{""Artist"": ""David Edwin, 1776 - 1841"", ""Copy after"": ""Rembrandt Peale, 22 Feb 1778 - 3 Oct 1860"", ""Sitter"": ""George Washington, 22 Feb 1732 - 14 Dec 1799""}",,"{""Type"": ""Print""}","{""Medium"": ""Stipple engraving on paper"", ""Dimensions"": ""Image: 28.7 x 23 cm (11 5/16 x 9 1/16\"")\nSheet: 38.3 x 27.3 cm (15 1/16 x 10 3/4\"")""}",,,"{""Topic"": ""Interior\nGeorge Washington: Male\nGeorge Washington: Military and Intelligence\\Army\\Officer\\Revolutionary War\nGeorge Washington: Politics and Government\\Statesman\\Colonial statesman\nGeorge Washington: Business and Finance\\Natural resources commerce\\Agriculturist\\Farmer\nGeorge Washington: Military and Intelligence\\Army\\Officer\\General\nGeorge Washington: Politics and Government\\Government official\\President of US\nGeorge Washington: Science and Technology\\Surveyor\nGeorge Washington: Civilian awards\\Congressional Gold Medal\nPortrait""}","[""1800s""]","[""United States. Army"", ""Washington, George"", ""Edwin, David"", ""Peale, Rembrandt""]","[""Prints""]","[""United States""]","[""Business and Finance"", ""Congressional Gold Medal"", ""Farmers"", ""Government"", ""Interior decoration"", ""Natural resources commerce"", ""Portraits"", ""Civilian awards"", ""Design"", ""Science and Technology"", ""Colonial statesman"", ""Agriculturists"", ""Statesman"", ""Surveyors"", ""Military and Intelligence"", ""Men"", ""American Revolution (1775-1783)"", ""Public officers"", ""Politics"", ""Presidents"", ""Officer""]",1,"[""https://ids.si.edu/ids/deliveryService?id=NPG-NPG_77_227""]","https://ids.si.edu/ids/iiif/NPG-NPG_77_227/full/250,/0/default.jpg",George Washington,David Edwin,1800,men,
2982,https://collections.si.edu/search/detail/edanmdm:npg_NPG.77.225,NPG,edanmdm:npg_NPG.77.225,George Washington,"{""Credit Line"": ""National Portrait Gallery, Smithsonian Institution""}","{""Date"": ""1780""}","{""Object number"": ""NPG.77.225""}","{""Artist"": ""No\u00ebl Le Mire, 1724 - 1801"", ""Copy after"": ""Jean Baptiste Le Paon, 1738 - 1785"", ""Sitter"": ""George Washington, 22 Feb 1732 - 14 Dec 1799""}",,"{""Type"": ""Print""}","{""Medium"": ""Engraving on paper"", ""Dimensions"": ""Image: 42.1 \u00d7 32.1 cm (16 9/16 \u00d7 12 5/8\"")\nSheet: 50.7 \u00d7 36.5 cm (19 15/16 \u00d7 14 3/8\"")""}",,,"{""Topic"": ""Nature & Environment\\Clouds\nNature & Environment\\Plant\\Tree\nPrinted Material\\Papers\nNature & Environment\\Animal\\Horse\nCostume\\Headgear\\Hat\\Tricorne\nArchitecture\\Building\\Tent\nCostume\\Dress Accessory\\Epaulet\nCostume\\Headgear\\Turban\nExterior\\Military Camp\nGeorge Washington: Male\nGeorge Washington: Military and Intelligence\\Army\\Officer\\Revolutionary War\nGeorge Washington: Politics and Government\\Statesman\\Colonial statesman\nGeorge Washington: Business and Finance\\Natural resources commerce\\Agriculturist\\Farmer\nGeorge Washington: Military and Intelligence\\Army\\Officer\\General\nGeorge Washington: Politics and Government\\Government official\\President of US\nGeorge Washington: Science and Technology\\Surveyor\nGeorge Washington: Civilian awards\\Congressional Gold Medal\nPortrait""}","[""1780s""]","[""United States. Army"", ""Le Mire, Noel"", ""Washington, George"", ""Le Paon, Jean Baptiste""]","[""Exterior views"", ""Prints""]","[""United States""]","[""Business and Finance"", ""Turban"", ""Clouds"", ""Papers"", ""Natural resources commerce"", ""Dress accessories"", ""Printed Material"", ""Colonial statesman"", ""Statesman"", ""Military and Intelligence"", ""American Revolution (1775-1783)"", ""Public officers"", ""Presidents"", ""Nature"", ""Trees"", ""Congressional Gold Medal"", ""Farmers"", ""Architecture"", ""Government"", ""Portraits"", ""Ecology"", ""Plants"", ""Civilian awards"", ""Military Camp"", ""Headgear"", ""Tricorne"", ""Science and Technology"", ""Animals"", ""Tents"", ""Agriculturists"", ""Surveyors"", ""Costume"", ""Men"", ""Horses"", ""Hats"", ""Politics"", ""Officer""]",1,"[""https://ids.si.edu/ids/deliveryService?id=NPG-NPG_77_225""]","https://ids.si.edu/ids/iiif/NPG-NPG_77_225/full/250,/0/default.jpg",George Washington,No\u00ebl Le Mire,1780,men,
2983,https://collections.si.edu/search/detail/edanmdm:npg_NPG.77.223,NPG,edanmdm:npg_NPG.77.223,Benjamin West,"{""Credit Line"": ""National Portrait Gallery, Smithsonian Institution""}","{""Date"": ""1786""}","{""Object number"": ""NPG.77.223""}","{""Artist"": ""Caroline Watson, 1760 - 1814"", ""Copy after"": ""Gilbert Stuart, 3 Dec 1755 - 9 Jul 1828"", ""Publisher"": ""John & Josiah Boydell"", ""Sitter"": ""Benjamin West, 10 Oct 1738 - 11 Mar 1820""}",,"{""Type"": ""Print""}","{""Medium"": ""Stipple engraving on paper"", ""Dimensions"": ""Image: 16.3 x 12.9 cm (6 7/16 x 5 1/16\"")""}",,,"{""Topic"": ""Home Furnishings\\Furniture\\Seating\\Chair\nPrinted Material\\Book\nPrinted Material\\Document\nBenjamin West: Male\nBenjamin West: Arts and Culture\\Visual Arts\\Artist\\Portraitist\nBenjamin West: Arts and Culture\\Visual Arts\\Art instructor\nBenjamin West: Arts and Culture\\Visual Arts\\Artist\\Painter\\History painter\nPortrait""}","[""1780s""]","[""Boydell, John and Josiah"", ""Watson, Caroline"", ""West, Benjamin"", ""Stuart, Gilbert""]","[""Prints""]",,"[""History painter"", ""Art"", ""Books and reading"", ""Arts and Culture"", ""Painters"", ""Portraits"", ""Home Furnishings"", ""Furnishings"", ""Printed Material"", ""Portraitist"", ""Chairs"", ""Seating"", ""Men"", ""Artists"", ""Art instructor""]",2,"[""https://ids.si.edu/ids/deliveryService?id=NPG-NPG_77_223"", ""https://ids.si.edu/ids/deliveryService?id=NPG-NPG_77_223_1""]","https://ids.si.edu/ids/iiif/NPG-NPG_77_223/full/250,/0/default.jpg",Benjamin West,Caroline Watson,1786,Men,Artists
2984,https://collections.si.edu/search/detail/edanmdm:npg_NPG.77.222,NPG,edanmdm:npg_NPG.77.222,George Washington,"{""Credit Line"": ""National Portrait Gallery, Smithsonian Institution""}","{""Date"": ""c. 1775-90""}","{""Object number"": ""NPG.77.222""}","{""Artist"": ""Justus Chevillet, 1729 - 1802"", ""Copy after"": ""Michel Honor\u00e9 Bounieu, 1740 - 1814\nCharles Willson Peale, 15 Apr 1741 - 22 Feb 1827"", ""Sitter"": ""George Washington, 22 Feb 1732 - 14 Dec 1799""}",,"{""Type"": ""Print""}","{""Medium"": ""Engraving on paper"", ""Dimensions"": ""Image: 34.2 x 25.5 cm (13 7/16 x 10 1/16\"")\nSheet: 48 x 34 cm (18 7/8 x 13 3/8\"")""}",,,"{""Topic"": ""Exterior\\Landscape\nNature & Environment\\Plant\\Tree\nCostume\\Dress Accessory\\Epaulet\nGeorge Washington: Male\nGeorge Washington: Military and Intelligence\\Army\\Officer\\Revolutionary War\nGeorge Washington: Politics and Government\\Statesman\\Colonial statesman\nGeorge Washington: Business and Finance\\Natural resources commerce\\Agriculturist\\Farmer\nGeorge Washington: Military and Intelligence\\Army\\Officer\\General\nGeorge Washington: Politics and Government\\Government official\\President of US\nGeorge Washington: Science and Technology\\Surveyor\nGeorge Washington: Civilian awards\\Congressional Gold Medal\nPortrait""}","[""1770s"", ""1790s""]","[""United States. Army"", ""Bounieu, Michel Honore"", ""Chevillet, Justus"", ""Washington, George"", ""Peale, Charles Willson""]","[""Exterior views"", ""Prints""]","[""United States""]","[""Business and Finance"", ""Natural resources commerce"", ""Dress accessories"", ""Colonial statesman"", ""Statesman"", ""Military and Intelligence"", ""American Revolution (1775-1783)"", ""Public officers"", ""Presidents"", ""Nature"", ""Trees"", ""Congressional Gold Medal"", ""Farmers"", ""Government"", ""Portraits"", ""Ecology"", ""Plants"", ""Civilian awards"", ""Science and Technology"", ""Landscapes"", ""Agriculturists"", ""Surveyors"", ""Costume"", ""Men"", ""Politics"", ""Officer""]",1,"[""https://ids.si.edu/ids/deliveryService?id=NPG-NPG_77_222-000002""]","https://ids.si.edu/ids/iiif/NPG-NPG_77_222-000002/full/250,/0/default.jpg",George Washington,Justus Chevillet,1775,men,
2986,https://collections.si.edu/search/detail/edanmdm:npg_NPG.77.219,NPG,edanmdm:npg_NPG.77.219,Benjamin Franklin,"{""Credit Line"": ""National Portrait Gallery, Smithsonian Institution""}","{""Date"": ""c. 1778-84""}","{""Object number"": ""NPG.77.219""}","{""Artist"": ""Justus Chevillet, 1729 - 1802"", ""Copy after"": ""Joseph Siffred Duplessis, 22 Sep 1725 - 1 Apr 1802"", ""Sitter"": ""Benjamin Franklin, 17 Jan 1706 - 17 Apr 1790""}",,"{""Type"": ""Print""}","{""Medium"": ""Engraving on paper"", ""Dimensions"": ""Image: 26.6 x 17.9 cm (10 1/2 x 7 1/16\"")\nSheet: 43 x 29.3 cm (16 15/16 x 11 9/16\"")""}",,,"{""Topic"": ""Benjamin Franklin: Male\nBenjamin Franklin: Arts and Culture\\Literature\\Writer\nBenjamin Franklin: Politics and Government\\Statesman\\Colonial statesman\nBenjamin Franklin: Politics and Government\\Government official\\Congressman\\Continental congressman\nBenjamin Franklin: Politics and Government\\Statesman\\Colonial statesman\\Signer of Declaration\nBenjamin Franklin: Science and Technology\\Scientist\nBenjamin Franklin: Politics and Government\\Diplomat\nBenjamin Franklin: Social Welfare and Reform\\Philanthropist\nBenjamin Franklin: Science and Technology\\Inventor\nBenjamin Franklin: Business and Finance\\Tradesman\\Printer\nBenjamin Franklin: Politics and Government\\Government official\\Postmaster\nPortrait""}","[""1770s"", ""1780s""]","[""Chevillet, Justus"", ""Duplessis, Joseph Siffred"", ""Franklin, Benjamin""]","[""Prints""]",,"[""Social Welfare and Reform"", ""Business and Finance"", ""Legislators"", ""Arts and Culture"", ""Writers"", ""Printer"", ""Colonial statesman"", ""Statesman"", ""Signer of Declaration"", ""Public officers"", ""Diplomats"", ""Literature"", ""Congressmen"", ""Government"", ""Diplomacy"", ""Portraits"", ""Tradesman"", ""Continental congressman"", ""Science and Technology"", ""Inventors"", ""Men"", ""Philanthropists"", ""Politics"", ""Scientists"", ""Postmasters""]",1,"[""https://ids.si.edu/ids/deliveryService?id=NPG-NPG_77_219Franklin-000002""]","https://ids.si.edu/ids/iiif/NPG-NPG_77_219Franklin-000002/full/250,/0/default.jpg",Benjamin Franklin,Justus Chevillet,1778,men,Writers
2987,https://collections.si.edu/search/detail/edanmdm:npg_NPG.77.218,NPG,edanmdm:npg_NPG.77.218,Benjamin Franklin,"{""Credit Line"": ""National Portrait Gallery, Smithsonian Institution""}","{""Date"": ""1781""}","{""Object number"": ""NPG.77.218""}","{""Artist"": ""Francois Denis Nee, 1732 - 1817"", ""Copy after"": ""Louis Carrogis De Carmontelle, 1717 - 1806"", ""Sitter"": ""Benjamin Franklin, 17 Jan 1706 - 17 Apr 1790""}",,"{""Type"": ""Print""}","{""Medium"": ""Engraving on paper"", ""Dimensions"": ""Image: 31 \u00d7 19.2 cm (12 3/16 \u00d7 7 9/16\"")\nSheet: 35.8 \u00d7 22 cm (14 1/8 \u00d7 8 11/16\"")""}",,,"{""Topic"": ""Home Furnishings\\Furniture\\Seating\\Chair\nCostume\\Headgear\\Hat\nNature & Environment\\Clouds\nPrinted Material\\Book\nInterior\\Interior with Exterior View\nHome Furnishings\\Furniture\\Table\nVehicle\\Ship\\Sailing ship\nBenjamin Franklin: Male\nBenjamin Franklin: Arts and Culture\\Literature\\Writer\nBenjamin Franklin: Politics and Government\\Statesman\\Colonial statesman\nBenjamin Franklin: Politics and Government\\Government official\\Congressman\\Continental congressman\nBenjamin Franklin: Politics and Government\\Statesman\\Colonial statesman\\Signer of Declaration\nBenjamin Franklin: Science and Technology\\Scientist\nBenjamin Franklin: Politics and Government\\Diplomat\nBenjamin Franklin: Social Welfare and Reform\\Philanthropist\nBenjamin Franklin: Science and Technology\\Inventor\nBenjamin Franklin: Business and Finance\\Tradesman\\Printer\nBenjamin Franklin: Politics and Government\\Government official\\Postmaster\nPortrait""}","[""1780s""]","[""Nee, Francois Denis"", ""Franklin, Benjamin"", ""Carmontelle, Louis Carrogis De""]","[""Prints""]",,"[""Social Welfare and Reform"", ""Business and Finance"", ""Legislators"", ""Books and reading"", ""Arts and Culture"", ""Clouds"", ""Writers"", ""Home Furnishings"", ""Printer"", ""Printed Material"", ""Vehicles"", ""Design"", ""Colonial statesman"", ""Statesman"", ""Chairs"", ""Ships"", ""Seating"", ""Signer of Declaration"", ""Tables"", ""Public officers"", ""Diplomats"", ""Nature"", ""Sailing ships"", ""Interior with Exterior View"", ""Literature"", ""Congressmen"", ""Government"", ""Diplomacy"", ""Interior decoration"", ""Portraits"", ""Ecology"", ""Tradesman"", ""Furnishings"", ""Headgear"", ""Continental congressman"", ""Science and Technology"", ""Inventors"", ""Costume"", ""Men"", ""Philanthropists"", ""Hats"", ""Politics"", ""Scientists"", ""Postmasters""]",1,"[""https://ids.si.edu/ids/deliveryService?id=NPG-NPG_77_218Franklin-000002""]","https://ids.si.edu/ids/iiif/NPG-NPG_77_218Franklin-000002/full/250,/0/default.jpg",Benjamin Franklin,Francois Denis Nee,1781,men,Writers
2988,https://collections.si.edu/search/detail/edanmdm:npg_NPG.77.215,NPG,edanmdm:npg_NPG.77.215,Benjamin West,"{""Credit Line"": ""National Portrait Gallery, Smithsonian Institution""}","{""Date"": ""1795""}","{""Object number"": ""NPG.77.215""}","{""Artist"": ""Unidentified Artist"", ""Sitter"": ""Benjamin West, 10 Oct 1738 - 11 Mar 1820""}",,"{""Type"": ""Print""}","{""Medium"": ""Etching and line engraving on paper"", ""Dimensions"": ""Image: 10.1 x 8.4 cm (4 x 3 5/16\"")\nSheet: 18.5 x 13 cm (7 5/16 x 5 1/8\"")""}",,,"{""Topic"": ""Benjamin West: Male\nBenjamin West: Arts and Culture\\Visual Arts\\Artist\\Portraitist\nBenjamin West: Arts and Culture\\Visual Arts\\Art instructor\nBenjamin West: Arts and Culture\\Visual Arts\\Artist\\Painter\\History painter\nPortrait""}","[""1790s""]","[""West, Benjamin""]","[""Prints""]",,"[""History painter"", ""Art"", ""Arts and Culture"", ""Portraitist"", ""Painters"", ""Men"", ""Portraits"", ""Artists"", ""Art instructor""]",1,"[""https://ids.si.edu/ids/deliveryService?id=NPG-NPG_77_215""]","https://ids.si.edu/ids/iiif/NPG-NPG_77_215/full/250,/0/default.jpg",Benjamin West,Unidentified Artist,1795,Men,Artists
2989,https://collections.si.edu/search/detail/edanmdm:npg_NPG.77.214,NPG,edanmdm:npg_NPG.77.214,Anthony Wayne,"{""Credit Line"": ""National Portrait Gallery, Smithsonian Institution""}","{""Date"": ""1797""}","{""Object number"": ""NPG.77.214""}","{""Artist"": ""Benjamin Tanner, 1775 - 1848"", ""Sitter"": ""Anthony Wayne, 1 Jan 1745 - 15 Dec 1796""}",,"{""Type"": ""Print""}","{""Medium"": ""Stipple engraving on paper"", ""Dimensions"": ""Image: 9.2 x 7.1 cm (3 5/8 x 2 13/16\"")""}",,,"{""Topic"": ""Costume\\Headgear\\Hat\\Tricorne\nCostume\\Dress Accessory\\Epaulet\nAnthony Wayne: Male\nAnthony Wayne: Military and Intelligence\\Army\\Officer\\Revolutionary War\nAnthony Wayne: Military and Intelligence\\Navy\\Officer\nAnthony Wayne: Military and Intelligence\\Army\\Officer\\Brigadier General\nAnthony Wayne: Politics and Government\\Government official\\US Congressman\\Georgia\nAnthony Wayne: Science and Technology\\Surveyor\nAnthony Wayne: Politics and Government\\Government official\\State Legislator\\Pennsylvania\nAnthony Wayne: Civilian awards\\Congressional Gold Medal\nPortrait""}","[""1790s""]","[""United States. Army"", ""United States. Navy"", ""Tanner, Benjamin Tucker"", ""Wayne, Anthony""]","[""Prints""]","[""United States"", ""Georgia"", ""Pennsylvania""]","[""Legislators"", ""Congressional Gold Medal"", ""Congressmen"", ""Government"", ""Dress accessories"", ""Portraits"", ""Civilian awards"", ""Headgear"", ""Tricorne"", ""Brigadier General"", ""Science and Technology"", ""Surveyors"", ""Costume"", ""Military and Intelligence"", ""Men"", ""American Revolution (1775-1783)"", ""Public officers"", ""Hats"", ""Politics"", ""Officer""]",1,"[""https://ids.si.edu/ids/deliveryService?id=NPG-NPG_77_214""]","https://ids.si.edu/ids/iiif/NPG-NPG_77_214/full/250,/0/default.jpg",Anthony Wayne,Benjamin Tanner,1797,men,
2990,https://collections.si.edu/search/detail/edanmdm:npg_NPG.77.213,NPG,edanmdm:npg_NPG.77.213,George Washington,"{""Credit Line"": ""National Portrait Gallery, Smithsonian Institution""}","{""Date"": ""1787""}","{""Object number"": ""NPG.77.213""}","{""Artist"": ""James Trenchard, 1747 - 1847?"", ""Sitter"": ""George Washington, 22 Feb 1732 - 14 Dec 1799""}",,"{""Type"": ""Print""}","{""Medium"": ""Line engraving"", ""Dimensions"": ""Image: 15 \u00d7 9.3 cm (5 7/8 \u00d7 3 11/16\"")\nSheet: 20.7 \u00d7 11.6 cm (8 1/8 \u00d7 4 9/16\"")""}",,,"{""Topic"": ""Costume\\Dress Accessory\\Epaulet\nSymbols & Motifs\\Heraldic motif\\Coat of arms\nCostume\\Headgear\\Headdress\\Crown\nCostume\\Dress Accessory\\Sash\nGeorge Washington: Male\nGeorge Washington: Military and Intelligence\\Army\\Officer\\Revolutionary War\nGeorge Washington: Politics and Government\\Statesman\\Colonial statesman\nGeorge Washington: Business and Finance\\Natural resources commerce\\Agriculturist\\Farmer\nGeorge Washington: Military and Intelligence\\Army\\Officer\\General\nGeorge Washington: Politics and Government\\Government official\\President of US\nGeorge Washington: Science and Technology\\Surveyor\nGeorge Washington: Civilian awards\\Congressional Gold Medal\nPortrait""}","[""1780s""]","[""United States. Army"", ""Trenchard, James"", ""Washington, George""]","[""Prints""]","[""United States""]","[""Business and Finance"", ""Natural resources commerce"", ""Dress accessories"", ""Headdresses"", ""Symbols & Motifs"", ""Colonial statesman"", ""Statesman"", ""Military and Intelligence"", ""American Revolution (1775-1783)"", ""Public officers"", ""Presidents"", ""Congressional Gold Medal"", ""Farmers"", ""Sash"", ""Government"", ""Coat of arms"", ""Portraits"", ""Civilian awards"", ""Heraldic motif"", ""Headgear"", ""Science and Technology"", ""Crown"", ""Agriculturists"", ""Surveyors"", ""Costume"", ""Men"", ""Politics"", ""Officer""]",1,"[""https://ids.si.edu/ids/deliveryService?id=NPG-NPG_77_213""]","https://ids.si.edu/ids/iiif/NPG-NPG_77_213/full/250,/0/default.jpg",George Washington,James Trenchard,1787,men,
2991,https://collections.si.edu/search/detail/edanmdm:npg_NPG.77.212,NPG,edanmdm:npg_NPG.77.212,Benjamin Thompson,"{""Credit Line"": ""National Portrait Gallery, Smithsonian Institution""}","{""Date"": ""1798""}","{""Object number"": ""NPG.77.212""}","{""Artist"": ""Edward C. Trenchard, 1777 - 1824?"", ""Copy after"": ""James Tassie, 1735 - 1799"", ""Sitter"": ""Benjamin Thompson, 26 Mar 1753 - 21 Aug 1814""}",,"{""Type"": ""Print""}","{""Medium"": ""Stipple engraving on paper"", ""Dimensions"": ""Image: 8.6 x 6.7 cm (3 3/8 x 2 5/8\"")""}",,,"{""Topic"": ""Costume\\Dress Accessory\\Epaulet\nCostume\\Dress Accessory\\Sash\nBenjamin Thompson: Arts and Culture\\Visual Arts\\Artist\nBenjamin Thompson: Male\nBenjamin Thompson: Social Welfare and Reform\\Reformer\\Social reformer\nBenjamin Thompson: Science and Technology\\Scientist\\Physicist\nPortrait""}","[""1790s""]","[""Trenchard, Edward C."", ""Tassie, James"", ""Thompson, Benjamin""]","[""Prints""]",,"[""Social Welfare and Reform"", ""Art"", ""Arts and Culture"", ""Sash"", ""Dress accessories"", ""Portraits"", ""Reformers"", ""Science and Technology"", ""Social reformer"", ""Costume"", ""Men"", ""Scientists"", ""Physicist"", ""Artists""]",1,"[""https://ids.si.edu/ids/deliveryService?id=NPG-NPG_77_212""]","https://ids.si.edu/ids/iiif/NPG-NPG_77_212/full/250,/0/default.jpg",Benjamin Thompson,Edward C. Trenchard,1798,Men,Scientists
2992,https://collections.si.edu/search/detail/edanmdm:npg_NPG.77.211,NPG,edanmdm:npg_NPG.77.211,James Madison,"{""Credit Line"": ""National Portrait Gallery, Smithsonian Institution""}","{""Date"": ""1796""}","{""Object number"": ""NPG.77.211""}","{""Artist"": ""Unidentified Artist"", ""Sitter"": ""James Madison, 16 Mar 1751 - 28 Jun 1836""}",,"{""Type"": ""Print""}","{""Medium"": ""Stipple and line engraving on paper"", ""Dimensions"": ""Image: 8.6 x 7 cm (3 3/8 x 2 3/4\"")\nSheet: 20 x 14.2 cm (7 7/8 x 5 9/16\"")""}",,,"{""Topic"": ""James Madison: Male\nJames Madison: Law and Crime\\Lawyer\nJames Madison: Politics and Government\\Government official\\State Legislator\\Virginia\nJames Madison: Politics and Government\\Government official\\Congressman\\Continental congressman\nJames Madison: Politics and Government\\Government official\\President of US\nJames Madison: Politics and Government\\Government official\\Cabinet member\\Secretary of State\nJames Madison: Arts and Culture\\Literature\\Writer\\Essayist\nJames Madison: Politics and Government\\Government official\\US Congressman\\Virginia\nJames Madison: Politics and Government\\Statesman\\Signer of Constitution\nPortrait""}","[""1790s""]","[""Madison, James""]","[""Prints""]","[""United States"", ""Virginia""]","[""Legislators"", ""Cabinet member"", ""Congressmen"", ""Arts and Culture"", ""Literature"", ""Writers"", ""Government"", ""Essayist"", ""Portraits"", ""Lawyers"", ""Secretary of State"", ""Signer of Constitution"", ""Continental congressman"", ""Statesman"", ""Men"", ""Public officers"", ""Law and Crime"", ""Politics"", ""Presidents""]",1,"[""https://ids.si.edu/ids/deliveryService?id=NPG-NPG_77_211""]","https://ids.si.edu/ids/iiif/NPG-NPG_77_211/full/250,/0/default.jpg",James Madison,Unidentified Artist,1796,men,Writers
2993,https://collections.si.edu/search/detail/edanmdm:npg_NPG.77.210,NPG,edanmdm:npg_NPG.77.210,Thomas Jefferson,"{""Credit Line"": ""National Portrait Gallery, Smithsonian Institution""}","{""Date"": ""1796""}","{""Object number"": ""NPG.77.210""}","{""Artist"": ""Unidentified Artist"", ""Sitter"": ""Thomas Jefferson, 13 Apr 1743 - 4 Jul 1826""}",,"{""Type"": ""Print""}","{""Medium"": ""Stipple and line engraving on paper"", ""Dimensions"": ""Image: 8.6 x 7 cm (3 3/8 x 2 3/4\"")\nSheet: 12 x 7.8 cm (4 3/4 x 3 1/16\"")""}",,,"{""Topic"": ""Illustration\nThomas Jefferson: Male\nThomas Jefferson: Law and Crime\\Lawyer\nThomas Jefferson: Politics and Government\\Government official\\Congressman\\Continental congressman\nThomas Jefferson: Politics and Government\\Statesman\\Colonial statesman\\Signer of Declaration\nThomas Jefferson: Politics and Government\\Vice-President of US\nThomas Jefferson: Business and Finance\\Natural resources commerce\\Agriculturist\\Farmer\nThomas Jefferson: Arts and Culture\\Visual Arts\\Architect\nThomas Jefferson: Politics and Government\\Government official\\President of US\nThomas Jefferson: Politics and Government\\Government official\\Cabinet member\\Secretary of State\nThomas Jefferson: Politics and Government\\Diplomat\\Minister\nThomas Jefferson: Science and Technology\\Inventor\nThomas Jefferson: Politics and Government\\Government official\\US Congressman\\Virginia\nThomas Jefferson: Politics and Government\\Government official\\Governor\\Virginia\nThomas Jefferson: Arts and Culture\\Education and Scholarship\\Founder\\University\nPortrait""}","[""1790s""]","[""Jefferson, Thomas""]","[""Prints""]","[""United States"", ""Virginia""]","[""Business and Finance"", ""Legislators"", ""Art"", ""Arts and Culture"", ""Architects"", ""Illustration"", ""Natural resources commerce"", ""Secretary of State"", ""Governors"", ""Founder"", ""Universities"", ""Colonial statesman"", ""Statesman"", ""Signer of Declaration"", ""Public officers"", ""Vice-Presidents"", ""Diplomats"", ""Presidents"", ""Minister"", ""Cabinet member"", ""Congressmen"", ""Farmers"", ""Government"", ""Diplomacy"", ""Portraits"", ""Lawyers"", ""Continental congressman"", ""Science and Technology"", ""Agriculturists"", ""Inventors"", ""Men"", ""Law and Crime"", ""Politics"", ""Education and Scholarship""]",1,"[""https://ids.si.edu/ids/deliveryService?id=NPG-7700406B_1""]","https://ids.si.edu/ids/iiif/NPG-7700406B_1/full/250,/0/default.jpg",Thomas Jefferson,Unidentified Artist,1796,men,
2994,https://collections.si.edu/search/detail/edanmdm:npg_NPG.77.209,NPG,edanmdm:npg_NPG.77.209,John Hancock,"{""Credit Line"": ""National Portrait Gallery, Smithsonian Institution""}","{""Date"": ""1776""}","{""Object number"": ""NPG.77.209""}","{""Artist"": ""Unidentified Artist"", ""Sitter"": ""John Hancock, 12 Jan 1737 - 8 Oct 1793""}",,"{""Type"": ""Print""}","{""Medium"": ""Relief woodcut on paper"", ""Dimensions"": ""Image: 6.7 x 5.4 cm (2 5/8 x 2 1/8\"")\nSheet: 22.5 x 17 cm (8 7/8 x 6 11/16\"")""}",,,"{""Topic"": ""John Hancock: Male\nJohn Hancock: Politics and Government\\Statesman\\Colonial statesman\nJohn Hancock: Politics and Government\\Statesman\\Colonial statesman\\Signer of Declaration\nJohn Hancock: Politics and Government\\Government official\\Governor\\Massachusetts\nJohn Hancock: Business and Finance\\Businessperson\\Merchant\nPortrait""}","[""1770s""]","[""Hancock, John""]","[""Prints""]","[""Massachusetts""]","[""Business and Finance"", ""Colonial statesman"", ""Merchants"", ""Statesman"", ""Government"", ""Businessperson"", ""Men"", ""Signer of Declaration"", ""Portraits"", ""Public officers"", ""Politics"", ""Governors""]",1,"[""https://ids.si.edu/ids/deliveryService?id=NPG-NPG_77_209""]","https://ids.si.edu/ids/iiif/NPG-NPG_77_209/full/250,/0/default.jpg",John Hancock,Unidentified Artist,1776,men,
2995,https://collections.si.edu/search/detail/edanmdm:npg_NPG.77.208,NPG,edanmdm:npg_NPG.77.208,Nathanael Greene,"{""Credit Line"": ""National Portrait Gallery, Smithsonian Institution""}","{""Date"": ""1794""}","{""Object number"": ""NPG.77.208""}","{""Artist"": ""Elkanah Tisdale, 1768 - after 1834"", ""Copy after"": ""John Trumbull, 6 Jun 1756 - 10 Nov 1843"", ""Sitter"": ""Nathanael Greene, 7 Aug 1742 - 19 Jun 1786""}",,"{""Type"": ""Print""}","{""Medium"": ""Etching and line engraving on paper"", ""Dimensions"": ""Image: 14.9 x 9 cm (5 7/8 x 3 9/16\"")""}",,,"{""Topic"": ""Costume\\Dress Accessory\\Epaulet\nSymbols & Motifs\\Flag\nNathanael Greene: Male\nNathanael Greene: Military and Intelligence\\Army\\Officer\\Revolutionary War\nNathanael Greene: Military and Intelligence\\Army\\Officer\\General\nNathanael Greene: Business and Finance\\Businessperson\\Industrialist\\Manufacturer\\Iron\nNathanael Greene: Civilian awards\\Congressional Gold Medal\nPortrait""}","[""1790s""]","[""United States. Army"", ""Tisdale, Elkanah"", ""Trumbull, John"", ""Greene, Nathanael""]","[""Prints""]",,"[""Business and Finance"", ""Congressional Gold Medal"", ""Businessperson"", ""Dress accessories"", ""Portraits"", ""Industrialist"", ""Iron"", ""Flags"", ""Civilian awards"", ""Symbols & Motifs"", ""Costume"", ""Military and Intelligence"", ""Men"", ""Manufacturer"", ""American Revolution (1775-1783)"", ""Officer""]",1,"[""https://ids.si.edu/ids/deliveryService?id=NPG-NPG_77_208-000002""]","https://ids.si.edu/ids/iiif/NPG-NPG_77_208-000002/full/250,/0/default.jpg",Nathanael Greene,Elkanah Tisdale,1794,Men,
2998,https://collections.si.edu/search/detail/edanmdm:npg_NPG.77.198,NPG,edanmdm:npg_NPG.77.198,George Washington,"{""Credit Line"": ""National Portrait Gallery, Smithsonian Institution""}","{""Date"": ""1795""}","{""Object number"": ""NPG.77.198""}","{""Artist"": ""Robert Field, 1769? - 1819"", ""Copy after"": ""Walter Robertson, c. 1750 - 1802\nJohn James Barralet, 1747 - 1815"", ""Sitter"": ""George Washington, 22 Feb 1732 - 14 Dec 1799""}",,"{""Type"": ""Print""}","{""Medium"": ""Stipple engraving on paper"", ""Dimensions"": ""Image: 27.9 x 22.9 cm (11 x 9\"")\nPlate: 32.2 x 23.2 cm (12 11/16 x 9 1/8\"")""}",,,"{""Topic"": ""Nature & Environment\\Clouds\nCostume\\Dress Accessory\\Epaulet\nSymbols & Motifs\\Flag\nNature & Environment\\Animal\\Bird\\Eagle\nSymbols & Motifs\\Banner\nGeorge Washington: Male\nGeorge Washington: Military and Intelligence\\Army\\Officer\\Revolutionary War\nGeorge Washington: Politics and Government\\Statesman\\Colonial statesman\nGeorge Washington: Business and Finance\\Natural resources commerce\\Agriculturist\\Farmer\nGeorge Washington: Military and Intelligence\\Army\\Officer\\General\nGeorge Washington: Politics and Government\\Government official\\President of US\nGeorge Washington: Science and Technology\\Surveyor\nGeorge Washington: Civilian awards\\Congressional Gold Medal\nPortrait""}","[""1790s""]","[""United States. Army"", ""Washington, George"", ""Field, Robert"", ""Robertson, Walter"", ""Barralet, John James""]","[""Prints""]","[""United States""]","[""Business and Finance"", ""Clouds"", ""Natural resources commerce"", ""Dress accessories"", ""Eagles"", ""Symbols & Motifs"", ""Colonial statesman"", ""Statesman"", ""Military and Intelligence"", ""American Revolution (1775-1783)"", ""Public officers"", ""Presidents"", ""Nature"", ""Congressional Gold Medal"", ""Farmers"", ""Government"", ""Banner"", ""Birds"", ""Portraits"", ""Ecology"", ""Flags"", ""Civilian awards"", ""Science and Technology"", ""Animals"", ""Agriculturists"", ""Surveyors"", ""Costume"", ""Men"", ""Politics"", ""Officer""]",1,"[""https://ids.si.edu/ids/deliveryService?id=NPG-NPG_77_198""]","https://ids.si.edu/ids/iiif/NPG-NPG_77_198/full/250,/0/default.jpg",George Washington,Robert Field,1795,men,
2999,https://collections.si.edu/search/detail/edanmdm:npg_NPG.77.197,NPG,edanmdm:npg_NPG.77.197,George Washington,"{""Credit Line"": ""National Portrait Gallery, Smithsonian Institution; gift of Katie Louchheim""}","{""Date"": ""1783""}","{""Object number"": ""NPG.77.197""}","{""Artist"": ""Valentine Green, 1739 - 1813"", ""Copy after"": ""John Trumbull, 6 Jun 1756 - 10 Nov 1843"", ""Sitter"": ""George Washington, 22 Feb 1732 - 14 Dec 1799""}",,"{""Type"": ""Print""}","{""Medium"": ""Mezzotint on paper"", ""Dimensions"": ""Image: 32.2 x 25.3 cm (12 11/16 x 9 15/16\"")\nSheet: 38.7 x 28.5 cm (15 1/4 x 11 1/4\"")""}",,,"{""Topic"": ""Interior\nCostume\\Dress Accessory\\Epaulet\nGeorge Washington: Male\nGeorge Washington: Military and Intelligence\\Army\\Officer\\Revolutionary War\nGeorge Washington: Politics and Government\\Statesman\\Colonial statesman\nGeorge Washington: Business and Finance\\Natural resources commerce\\Agriculturist\\Farmer\nGeorge Washington: Military and Intelligence\\Army\\Officer\\General\nGeorge Washington: Politics and Government\\Government official\\President of US\nGeorge Washington: Science and Technology\\Surveyor\nGeorge Washington: Civilian awards\\Congressional Gold Medal\nPortrait""}","[""1780s""]","[""United States. Army"", ""Green, Valentine"", ""Washington, George"", ""Trumbull, John""]","[""Prints""]","[""United States""]","[""Business and Finance"", ""Congressional Gold Medal"", ""Farmers"", ""Government"", ""Interior decoration"", ""Natural resources commerce"", ""Dress accessories"", ""Portraits"", ""Civilian awards"", ""Design"", ""Science and Technology"", ""Colonial statesman"", ""Agriculturists"", ""Statesman"", ""Surveyors"", ""Costume"", ""Military and Intelligence"", ""Men"", ""American Revolution (1775-1783)"", ""Public officers"", ""Politics"", ""Presidents"", ""Officer""]",1,"[""https://ids.si.edu/ids/deliveryService?id=NPG-NPG_77_197""]","https://ids.si.edu/ids/iiif/NPG-NPG_77_197/full/250,/0/default.jpg",George Washington,Valentine Green,1783,men,
3000,https://collections.si.edu/search/detail/edanmdm:npg_NPG.77.162,NPG,edanmdm:npg_NPG.77.162,Thomas Jefferson,"{""Credit Line"": ""National Portrait Gallery, Smithsonian Institution""}","{""Date"": ""1800""}","{""Object number"": ""NPG.77.162""}","{""Artist"": ""Akin & Harrison\nJames Akin, c. 1773 - 1846\nWilliam Harrison, Jr., active 1797 - c. 1819"", ""Copy after"": ""Charles Willson Peale, 15 Apr 1741 - 22 Feb 1827"", ""Sitter"": ""Thomas Jefferson, 13 Apr 1743 - 4 Jul 1826""}",,"{""Type"": ""Print""}","{""Medium"": ""Stipple and line engraving on paper"", ""Dimensions"": ""Image: 13.7 x 10.8 cm (5 3/8 x 4 1/4\"")\nPlate: 17.4 x 14.3 cm (6 7/8 x 5 5/8\"")\nSheet: 19.8 x 15 cm (7 13/16 x 5 7/8\"")""}",,,"{""Topic"": ""Thomas Jefferson: Male\nThomas Jefferson: Law and Crime\\Lawyer\nThomas Jefferson: Politics and Government\\Government official\\Congressman\\Continental congressman\nThomas Jefferson: Politics and Government\\Statesman\\Colonial statesman\\Signer of Declaration\nThomas Jefferson: Politics and Government\\Vice-President of US\nThomas Jefferson: Business and Finance\\Natural resources commerce\\Agriculturist\\Farmer\nThomas Jefferson: Arts and Culture\\Visual Arts\\Architect\nThomas Jefferson: Politics and Government\\Government official\\President of US\nThomas Jefferson: Politics and Government\\Government official\\Cabinet member\\Secretary of State\nThomas Jefferson: Politics and Government\\Diplomat\\Minister\nThomas Jefferson: Science and Technology\\Inventor\nThomas Jefferson: Politics and Government\\Government official\\US Congressman\\Virginia\nThomas Jefferson: Politics and Government\\Government official\\Governor\\Virginia\nThomas Jefferson: Arts and Culture\\Education and Scholarship\\Founder\\University\nPortrait""}","[""1800s""]","[""Harrison, William"", ""Akin & Harrison"", ""Akin, James"", ""Jefferson, Thomas"", ""Peale, Charles Willson""]","[""Prints""]","[""United States"", ""Virginia""]","[""Business and Finance"", ""Legislators"", ""Art"", ""Arts and Culture"", ""Architects"", ""Natural resources commerce"", ""Secretary of State"", ""Governors"", ""Founder"", ""Universities"", ""Colonial statesman"", ""Statesman"", ""Signer of Declaration"", ""Public officers"", ""Vice-Presidents"", ""Diplomats"", ""Presidents"", ""Minister"", ""Cabinet member"", ""Congressmen"", ""Farmers"", ""Government"", ""Diplomacy"", ""Portraits"", ""Lawyers"", ""Continental congressman"", ""Science and Technology"", ""Agriculturists"", ""Inventors"", ""Men"", ""Law and Crime"", ""Politics"", ""Education and Scholarship""]",1,"[""https://ids.si.edu/ids/deliveryService?id=NPG-NPG_77_162_int""]","https://ids.si.edu/ids/iiif/NPG-NPG_77_162_int/full/250,/0/default.jpg",Thomas Jefferson,Akin & Harrison\nJames Akin,1800,men,
3004,https://collections.si.edu/search/detail/edanmdm:npg_NPG.77.108,NPG,edanmdm:npg_NPG.77.108,Apotheosis of Washington,"{""Credit Line"": ""National Portrait Gallery, Smithsonian Institution""}","{""Date"": ""c. 1800""}","{""Object number"": ""NPG.77.108""}","{""Artist"": ""David Edwin, 1776 - 1841"", ""Copy after"": ""Rembrandt Peale, 22 Feb 1778 - 3 Oct 1860"", ""Sitter"": ""George Washington, 22 Feb 1732 - 14 Dec 1799\nRichard Montgomery, 2 Dec 1738 - 31 Dec 1775\nJoseph Warren, 11 Jun 1741 - 17 Jun 1775""}",,"{""Type"": ""Print""}","{""Medium"": ""Stipple engraving on paper"", ""Dimensions"": ""Sheet: 60.7 x 46.3 cm (23 7/8 x 18 1/4\"")""}",,,"{""Topic"": ""Nature & Environment\\Clouds\nImaginary\nArchitecture\\Building\\House\nNature & Environment\\Plant\\Wreath\\Laurel wreath\nAllegorical\nSymbols & Motifs\\Putti\nGeorge Washington: Male\nGeorge Washington: Military and Intelligence\\Army\\Officer\\Revolutionary War\nGeorge Washington: Politics and Government\\Statesman\\Colonial statesman\nGeorge Washington: Business and Finance\\Natural resources commerce\\Agriculturist\\Farmer\nGeorge Washington: Military and Intelligence\\Army\\Officer\\General\nGeorge Washington: Politics and Government\\Government official\\President of US\nGeorge Washington: Science and Technology\\Surveyor\nGeorge Washington: Civilian awards\\Congressional Gold Medal\nRichard Montgomery: Male\nRichard Montgomery: Military and Intelligence\\Army\\Officer\\Revolutionary War\nJoseph Warren: Male\nJoseph Warren: Politics and Government\\Government official\\Public official\nJoseph Warren: Military and Intelligence\\Soldier\\Revolutionary War\nJoseph Warren: Medicine and Health\\Physician\nJoseph Warren: Arts and Culture\\Education and Scholarship\\Educator\\Teacher\nJoseph Warren: Arts and Culture\\Literature\\Writer\\Magazine article writer\nJoseph Warren: Politics and Government\\Patriot\nPortrait""}","[""1800s"", ""1790s""]","[""United States. Army"", ""Washington, George"", ""Edwin, David"", ""Montgomery, Richard"", ""Warren, Joseph"", ""Peale, Rembrandt""]","[""Prints""]","[""United States""]","[""Business and Finance"", ""Soldiers"", ""Arts and Culture"", ""Clouds"", ""Writers"", ""Physicians"", ""Magazine article writer"", ""Natural resources commerce"", ""Allegorical"", ""Public official"", ""Symbols & Motifs"", ""Colonial statesman"", ""Statesman"", ""Military and Intelligence"", ""American Revolution (1775-1783)"", ""Public officers"", ""Presidents"", ""Nature"", ""Wreath"", ""Congressional Gold Medal"", ""Farmers"", ""Literature"", ""Architecture"", ""Government"", ""Imaginary"", ""Portraits"", ""Ecology"", ""Plants"", ""Civilian awards"", ""Patriotism"", ""Educators"", ""Laurel wreath"", ""Science and Technology"", ""Medicine and Health"", ""Agriculturists"", ""Surveyors"", ""Men"", ""Putti"", ""Politics"", ""Education and Scholarship"", ""Dwellings"", ""Officer""]",1,"[""https://ids.si.edu/ids/deliveryService?id=NPG-NPG_77_108_inex""]","https://ids.si.edu/ids/iiif/NPG-NPG_77_108_inex/full/250,/0/default.jpg",George Washington,David Edwin,1800,men,Writers
3005,https://collections.si.edu/search/detail/edanmdm:npg_NPG.76.9,NPG,edanmdm:npg_NPG.76.9,Samuel Adams,"{""Credit Line"": ""National Portrait Gallery, Smithsonian Institution""}","{""Date"": ""1775""}","{""Object number"": ""NPG.76.9""}","{""Artist"": ""Samuel Okey, active 1765 - 1780"", ""Copy after"": ""John Singleton Copley, 3 Jul 1738 - 9 Sep 1815"", ""Sitter"": ""Samuel Adams, 27 Sep 1722 - 2 Oct 1803""}",,"{""Type"": ""Print""}","{""Medium"": ""Mezzotint"", ""Dimensions"": ""Image: 31.6 \u00d7 25 cm (12 7/16 \u00d7 9 13/16\"")\nSheet: 40.6 \u00d7 29 cm (16 \u00d7 11 7/16\"")""}",,,"{""Topic"": ""Interior\nPrinted Material\\Document\nArchitecture\\Column\nSamuel Adams: Male\nSamuel Adams: Politics and Government\\Government official\\Congressman\\Continental congressman\nSamuel Adams: Politics and Government\\Statesman\\Colonial statesman\\Signer of Declaration\nSamuel Adams: Politics and Government\\Government official\\Governor\\Massachusetts\nSamuel Adams: Politics and Government\\Government official\\Lieutenant Governor\\Massachusetts\nPortrait""}","[""1770s""]","[""Okey, Samuel"", ""Copley, John Singleton"", ""Adams, Samuel""]","[""Prints""]","[""Massachusetts""]","[""Legislators"", ""Congressmen"", ""Architecture"", ""Government"", ""Interior decoration"", ""Portraits"", ""Governors"", ""Printed Material"", ""Continental congressman"", ""Design"", ""Colonial statesman"", ""Statesman"", ""Column"", ""Men"", ""Signer of Declaration"", ""Public officers"", ""Politics"", ""Lieutenant Governor""]",1,"[""https://ids.si.edu/ids/deliveryService?id=NPG-NPG_76_9_inex""]","https://ids.si.edu/ids/iiif/NPG-NPG_76_9_inex/full/250,/0/default.jpg",Samuel Adams,Samuel Okey,1775,men,
3006,https://collections.si.edu/search/detail/edanmdm:npg_NPG.76.58,NPG,edanmdm:npg_NPG.76.58,Benjamin Franklin,"{""Credit Line"": ""National Portrait Gallery, Smithsonian Institution; gift of Joseph Hennage""}","{""Date"": ""after 1778""}","{""Object number"": ""NPG.76.58""}","{""Cast after"": ""Jean-Antoine Houdon, 1741 - 1828"", ""Sitter"": ""Benjamin Franklin, 17 Jan 1706 - 17 Apr 1790""}","{""Provenance"": ""Joseph Hennage; gift to NPG 1976""}","{""Type"": ""Sculpture""}","{""Medium"": ""Plaster"", ""Dimensions"": ""28.5cm (11 1/4\""), Accurate""}",,,"{""Topic"": ""Benjamin Franklin: Male\nBenjamin Franklin: Arts and Culture\\Literature\\Writer\nBenjamin Franklin: Politics and Government\\Statesman\\Colonial statesman\nBenjamin Franklin: Politics and Government\\Government official\\Congressman\\Continental congressman\nBenjamin Franklin: Politics and Government\\Statesman\\Colonial statesman\\Signer of Declaration\nBenjamin Franklin: Science and Technology\\Scientist\nBenjamin Franklin: Politics and Government\\Diplomat\nBenjamin Franklin: Social Welfare and Reform\\Philanthropist\nBenjamin Franklin: Science and Technology\\Inventor\nBenjamin Franklin: Business and Finance\\Tradesman\\Printer\nBenjamin Franklin: Politics and Government\\Government official\\Postmaster\nPortrait""}","[""1770s""]","[""Franklin, Benjamin"", ""Houdon, Jean-Antoine""]","[""Sculpture""]",,"[""Social Welfare and Reform"", ""Business and Finance"", ""Legislators"", ""Arts and Culture"", ""Writers"", ""Printer"", ""Colonial statesman"", ""Statesman"", ""Signer of Declaration"", ""Public officers"", ""Diplomats"", ""Literature"", ""Congressmen"", ""Government"", ""Diplomacy"", ""Portraits"", ""Tradesman"", ""Continental congressman"", ""Science and Technology"", ""Inventors"", ""Men"", ""Philanthropists"", ""Politics"", ""Scientists"", ""Postmasters""]",0,,,Benjamin Franklin,,1778,men,Writers
3008,https://collections.si.edu/search/detail/edanmdm:npg_NPG.76.54,NPG,edanmdm:npg_NPG.76.54,George Washington,"{""Credit Line"": ""National Portrait Gallery, Smithsonian Institution""}","{""Date"": ""1781""}","{""Object number"": ""NPG.76.54""}","{""Artist"": ""Valentine Green, 1739 - 1813"", ""Copy after"": ""John Trumbull, 6 Jun 1756 - 10 Nov 1843"", ""Sitter"": ""George Washington, 22 Feb 1732 - 14 Dec 1799""}",,"{""Type"": ""Print""}","{""Medium"": ""Mezzotint on paper"", ""Dimensions"": ""Image: 58.1 x 40.5 cm (22 7/8 x 15 15/16\"")\nSheet: 66.4 x 44.8 cm (26 1/8 x 17 5/8\"")\nFrame: 83.2 x 62.9 x 3.5 cm (32 3/4 x 24 3/4 x 1 3/8\"")""}",,,"{""Topic"": ""Costume\\Headgear\\Military\nExterior\\Landscape\nWeapon\\Sword\nNature & Environment\\Animal\\Horse\nGeorge Washington: Male\nGeorge Washington: Military and Intelligence\\Army\\Officer\\Revolutionary War\nGeorge Washington: Politics and Government\\Statesman\\Colonial statesman\nGeorge Washington: Business and Finance\\Natural resources commerce\\Agriculturist\\Farmer\nGeorge Washington: Military and Intelligence\\Army\\Officer\\General\nGeorge Washington: Politics and Government\\Government official\\President of US\nGeorge Washington: Science and Technology\\Surveyor\nGeorge Washington: Civilian awards\\Congressional Gold Medal\nPortrait""}","[""1780s""]","[""United States. Army"", ""Green, Valentine"", ""Washington, George"", ""Trumbull, John""]","[""Exterior views"", ""Prints""]","[""United States""]","[""Business and Finance"", ""Natural resources commerce"", ""Colonial statesman"", ""Weapons"", ""Statesman"", ""Swords"", ""Military and Intelligence"", ""American Revolution (1775-1783)"", ""Public officers"", ""Presidents"", ""Military"", ""Nature"", ""Congressional Gold Medal"", ""Farmers"", ""Government"", ""Portraits"", ""Ecology"", ""Civilian awards"", ""Headgear"", ""Science and Technology"", ""Landscapes"", ""Animals"", ""Agriculturists"", ""Surveyors"", ""Costume"", ""Men"", ""Horses"", ""Politics"", ""Officer""]",1,"[""https://ids.si.edu/ids/deliveryService?id=NPG-NPG_76_54_inex""]","https://ids.si.edu/ids/iiif/NPG-NPG_76_54_inex/full/250,/0/default.jpg",George Washington,Valentine Green,1781,men,
3010,https://collections.si.edu/search/detail/edanmdm:npg_NPG.76.43,NPG,edanmdm:npg_NPG.76.43,John Dickinson,"{""Credit Line"": ""National Portrait Gallery, Smithsonian Institution""}","{""Date"": ""1793""}","{""Object number"": ""NPG.76.43""}","{""Artist"": ""Burnet Reading, active 1776 - 1822"", ""Copy after"": ""Pierre Eug\u00e8ne Du Simiti\u00e8re, c. 1736 - 1784"", ""Publisher"": ""William Richardson"", ""Sitter"": ""John Dickinson, 8 Nov 1732 - 14 Feb 1808""}",,"{""Type"": ""Print""}","{""Medium"": ""Stipple engraving on paper"", ""Dimensions"": ""Image: 7.4 x 6 cm (2 15/16 x 2 3/8\"")\nSheet: 16.5 x 14.3 cm (6 1/2 x 5 5/8\"")""}",,,"{""Topic"": ""John Dickinson: Male\nJohn Dickinson: Law and Crime\\Lawyer\nJohn Dickinson: Arts and Culture\\Literature\\Writer\nJohn Dickinson: Politics and Government\\Government official\\Congressman\\Continental congressman\nJohn Dickinson: Politics and Government\\Government official\\State Legislator\\Pennsylvania\nJohn Dickinson: Politics and Government\\Statesman\\Signer of Constitution\nJohn Dickinson: Politics and Government\\Government official\\State Legislator\\Delaware\nJohn Dickinson: Politics and Government\\Government official\\US Congressman\\Delaware\nPortrait""}","[""1790s""]","[""Du Simitiere, Pierre Eugene"", ""Reading, Burnet"", ""Richardson, William"", ""Dickinson, John""]","[""Prints""]","[""United States"", ""Delaware"", ""Pennsylvania""]","[""Legislators"", ""Arts and Culture"", ""Literature"", ""Congressmen"", ""Writers"", ""Government"", ""Portraits"", ""Lawyers"", ""Signer of Constitution"", ""Continental congressman"", ""Statesman"", ""Men"", ""Public officers"", ""Law and Crime"", ""Politics""]",1,"[""https://ids.si.edu/ids/deliveryService?id=NPG-NPG_76_43""]","https://ids.si.edu/ids/iiif/NPG-NPG_76_43/full/250,/0/default.jpg",John Dickinson,Burnet Reading,1793,men,Writers
3011,https://collections.si.edu/search/detail/edanmdm:npg_NPG.76.42,NPG,edanmdm:npg_NPG.76.42,Joel Barlow,"{""Credit Line"": ""National Portrait Gallery, Smithsonian Institution; gift of Mr. and Mrs. Joel Barlow""}","{""Date"": ""1793""}","{""Object number"": ""NPG.76.42""}","{""Artist"": ""Louis Charles Ruotte, 1754 - 1806"", ""Copy after"": ""Jean Jacques Francois Lebarbier, 1738 - 1826"", ""Sitter"": ""Joel Barlow, 24 Mar 1754 - 26 Dec 1812""}",,"{""Type"": ""Print""}","{""Medium"": ""Stipple engraving"", ""Dimensions"": ""Image: 14.7 \u00d7 9.5 cm (5 13/16 \u00d7 3 3/4\"")\nSheet: 23 \u00d7 15 cm (9 1/16 \u00d7 5 7/8\"")""}",,,"{""Topic"": ""Costume\\Dress Accessory\\Neckwear\\Tie\\Bowtie\nNature & Environment\\Olive branch\nJoel Barlow: Male\nJoel Barlow: Law and Crime\\Lawyer\nJoel Barlow: Arts and Culture\\Literature\\Writer\nJoel Barlow: Arts and Culture\\Literature\\Writer\\Poet\nJoel Barlow: Arts and Culture\\Journalism and Media\\Journalist\nJoel Barlow: Politics and Government\\Diplomat\\Minister\nPortrait""}","[""1790s""]","[""Ruotte, Louis Charles"", ""Barlow, Joel"", ""Lebarbier, Jean Jacques Francois""]","[""Prints""]",,"[""Nature"", ""Neckwear"", ""Olive branch"", ""Arts and Culture"", ""Literature"", ""Writers"", ""Government"", ""Diplomacy"", ""Dress accessories"", ""Portraits"", ""Ecology"", ""Lawyers"", ""Bowtie"", ""Costume"", ""Men"", ""Neckties"", ""Journalism"", ""Law and Crime"", ""Politics"", ""Diplomats"", ""Journalism and Media"", ""Poets"", ""Minister""]",1,"[""https://ids.si.edu/ids/deliveryService?id=NPG-NPG_76_42""]","https://ids.si.edu/ids/iiif/NPG-NPG_76_42/full/250,/0/default.jpg",Joel Barlow,Louis Charles Ruotte,1793,men,Writers
3012,https://collections.si.edu/search/detail/edanmdm:npg_NPG.76.31,NPG,edanmdm:npg_NPG.76.31,Joel Barlow,"{""Credit Line"": ""National Portrait Gallery, Smithsonian Institution; gift of Mr. and Mrs. Joel Barlow""}","{""Date"": ""1798""}","{""Object number"": ""NPG.76.31""}","{""Artist"": ""John Vanderlyn, 15 Oct 1775 - 23 Sep 1852"", ""Sitter"": ""Joel Barlow, 24 Mar 1754 - 26 Dec 1812""}",,"{""Type"": ""Drawing""}","{""Medium"": ""Charcoal, pencil and china white on paper"", ""Dimensions"": ""Sheet: 20 \u00d7 15.2 cm (7 7/8 \u00d7 6\"")""}",,,"{""Topic"": ""Printed Material\\Book\nHome Furnishings\\Drape\nArchitecture\\Column\nJoel Barlow: Male\nJoel Barlow: Law and Crime\\Lawyer\nJoel Barlow: Arts and Culture\\Literature\\Writer\nJoel Barlow: Arts and Culture\\Literature\\Writer\\Poet\nJoel Barlow: Arts and Culture\\Journalism and Media\\Journalist\nJoel Barlow: Politics and Government\\Diplomat\\Minister\nPortrait""}","[""1790s""]","[""Vanderlyn, John"", ""Barlow, Joel""]","[""Drawings""]",,"[""Books and reading"", ""Arts and Culture"", ""Literature"", ""Architecture"", ""Writers"", ""Government"", ""Diplomacy"", ""Portraits"", ""Home Furnishings"", ""Lawyers"", ""Printed Material"", ""Column"", ""Men"", ""Journalism"", ""Law and Crime"", ""Politics"", ""Drape"", ""Diplomats"", ""Journalism and Media"", ""Poets"", ""Minister""]",1,"[""https://ids.si.edu/ids/deliveryService?id=NPG-NPG_76_31Barlow-000001""]","https://ids.si.edu/ids/iiif/NPG-NPG_76_31Barlow-000001/full/250,/0/default.jpg",Joel Barlow,John Vanderlyn,1798,men,Writers
3013,https://collections.si.edu/search/detail/edanmdm:npg_NPG.76.30,NPG,edanmdm:npg_NPG.76.30,Joel Barlow,"{""Credit Line"": ""National Portrait Gallery, Smithsonian Institution; gift of Mr. and Mrs. Joel Barlow Conserved with funds from the Smithsonian Women's Committee""}","{""Date"": ""1806""}","{""Object number"": ""NPG.76.30""}","{""Artist"": ""William Dunlap, 18 Feb 1766 - 28 Sep 1839"", ""Sitter"": ""Joel Barlow, 24 Mar 1754 - 26 Dec 1812""}","{""Provenance"": ""Joel Barlow, Washington, D.C., descendant of sitter; gift 1976 to NPG""}","{""Type"": ""Painting""}","{""Medium"": ""Watercolor on ivory"", ""Dimensions"": ""7.7cm x 6.4cm (3 1/16\"" x 2 1/2\""), Accurate""}",,,"{""Topic"": ""Miniature\nJoel Barlow: Male\nJoel Barlow: Law and Crime\\Lawyer\nJoel Barlow: Arts and Culture\\Literature\\Writer\nJoel Barlow: Arts and Culture\\Literature\\Writer\\Poet\nJoel Barlow: Arts and Culture\\Journalism and Media\\Journalist\nJoel Barlow: Politics and Government\\Diplomat\\Minister\nPortrait""}","[""1800s""]","[""Dunlap, William"", ""Barlow, Joel""]","[""Miniatures"", ""Paintings""]",,"[""Arts and Culture"", ""Literature"", ""Writers"", ""Government"", ""Diplomacy"", ""Portraits"", ""Lawyers"", ""Men"", ""Journalism"", ""Law and Crime"", ""Politics"", ""Diplomats"", ""Journalism and Media"", ""Poets"", ""Minister""]",1,"[""https://ids.si.edu/ids/deliveryService?id=NPG-NPG_76_30""]","https://ids.si.edu/ids/iiif/NPG-NPG_76_30/full/250,/0/default.jpg",Joel Barlow,William Dunlap,1806,men,Writers
3015,https://collections.si.edu/search/detail/edanmdm:npg_NPG.76.17,NPG,edanmdm:npg_NPG.76.17,George Washington,"{""Credit Line"": ""National Portrait Gallery, Smithsonian Institution""}","{""Date"": ""c. 1796""}","{""Object number"": ""NPG.76.17""}","{""Artist"": ""James Sharples, c. 1751 - 1811"", ""Sitter"": ""George Washington, 22 Feb 1732 - 14 Dec 1799""}",,"{""Type"": ""Drawing""}","{""Medium"": ""Pastel on paper"", ""Dimensions"": ""Image/Sight: 22.5 \u00d7 17.8 cm (8 7/8 \u00d7 7\"")\nFrame: 30.5 \u00d7 25.5 \u00d7 4 cm (12 \u00d7 10 1/16 \u00d7 1 9/16\"")""}",,,"{""Topic"": ""George Washington: Male\nGeorge Washington: Military and Intelligence\\Army\\Officer\\Revolutionary War\nGeorge Washington: Politics and Government\\Statesman\\Colonial statesman\nGeorge Washington: Business and Finance\\Natural resources commerce\\Agriculturist\\Farmer\nGeorge Washington: Military and Intelligence\\Army\\Officer\\General\nGeorge Washington: Politics and Government\\Government official\\President of US\nGeorge Washington: Science and Technology\\Surveyor\nGeorge Washington: Civilian awards\\Congressional Gold Medal\nPortrait""}","[""1800s"", ""1790s""]","[""United States. Army"", ""Washington, George"", ""Sharples, James""]","[""Drawings""]","[""United States""]","[""Business and Finance"", ""Congressional Gold Medal"", ""Farmers"", ""Government"", ""Natural resources commerce"", ""Portraits"", ""Civilian awards"", ""Science and Technology"", ""Colonial statesman"", ""Agriculturists"", ""Statesman"", ""Surveyors"", ""Military and Intelligence"", ""Men"", ""American Revolution (1775-1783)"", ""Public officers"", ""Politics"", ""Presidents"", ""Officer""]",1,"[""https://ids.si.edu/ids/deliveryService?id=NPG-NPG_76_17""]","https://ids.si.edu/ids/iiif/NPG-NPG_76_17/full/250,/0/default.jpg",George Washington,James Sharples,1796,men,
3016,https://collections.si.edu/search/detail/edanmdm:npg_NPG.76.16,NPG,edanmdm:npg_NPG.76.16,George Washington,"{""Credit Line"": ""National Portrait Gallery, Smithsonian Institution; gift of the Barra Foundation""}","{""Date"": ""1780""}","{""Object number"": ""NPG.76.16""}","{""Artist"": ""Charles Willson Peale, 15 Apr 1741 - 22 Feb 1827"", ""Sitter"": ""George Washington, 22 Feb 1732 - 14 Dec 1799""}",,"{""Type"": ""Print""}","{""Medium"": ""Mezzotint"", ""Dimensions"": ""Image: 30 \u00d7 24.7 cm (11 13/16 \u00d7 9 3/4\"")\nSheet: 35.2 \u00d7 25.7 cm (13 7/8 \u00d7 10 1/8\"")""}",,,"{""Topic"": ""Exterior\nWeapon\\Sword\nNature & Environment\\Animal\\Horse\nWeapon\\Cannon\nSymbols & Motifs\\Flag\\Colonial\nGeorge Washington: Male\nGeorge Washington: Military and Intelligence\\Army\\Officer\\Revolutionary War\nGeorge Washington: Politics and Government\\Statesman\\Colonial statesman\nGeorge Washington: Business and Finance\\Natural resources commerce\\Agriculturist\\Farmer\nGeorge Washington: Military and Intelligence\\Army\\Officer\\General\nGeorge Washington: Politics and Government\\Government official\\President of US\nGeorge Washington: Science and Technology\\Surveyor\nGeorge Washington: Civilian awards\\Congressional Gold Medal\nPortrait""}","[""1780s""]","[""United States. Army"", ""Washington, George"", ""Peale, Charles Willson""]","[""Exterior views"", ""Prints""]","[""United States""]","[""Business and Finance"", ""Cannon"", ""Natural resources commerce"", ""Symbols & Motifs"", ""Colonial statesman"", ""Weapons"", ""Statesman"", ""Swords"", ""Military and Intelligence"", ""American Revolution (1775-1783)"", ""Public officers"", ""Presidents"", ""Nature"", ""Congressional Gold Medal"", ""Farmers"", ""Government"", ""Colonial America"", ""Portraits"", ""Ecology"", ""Flags"", ""Civilian awards"", ""Science and Technology"", ""Animals"", ""Agriculturists"", ""Surveyors"", ""Men"", ""Horses"", ""Politics"", ""Officer""]",1,"[""https://ids.si.edu/ids/deliveryService?id=NPG-NPG_76_16_inex""]","https://ids.si.edu/ids/iiif/NPG-NPG_76_16_inex/full/250,/0/default.jpg",George Washington,Charles Willson Peale,1780,men,
3017,https://collections.si.edu/search/detail/edanmdm:npg_NPG.76.10,NPG,edanmdm:npg_NPG.76.10,Samuel Adams,"{""Credit Line"": ""National Portrait Gallery, Smithsonian Institution""}","{""Date"": ""c. 1795""}","{""Object number"": ""NPG.76.10""}","{""Attribution"": ""George Graham, active 1786 - 1813"", ""Copy after"": ""John Johnston, 1753 - 1818"", ""Sitter"": ""Samuel Adams, 27 Sep 1722 - 2 Oct 1803""}",,"{""Type"": ""Print""}","{""Medium"": ""Mezzotint on paper"", ""Dimensions"": ""Image: 10 x 8 cm (3 15/16 x 3 1/8\"")\nSheet: 19.1 x 12.7 cm (7 1/2 x 5\"")""}",,,"{""Topic"": ""Samuel Adams: Male\nSamuel Adams: Politics and Government\\Government official\\Congressman\\Continental congressman\nSamuel Adams: Politics and Government\\Statesman\\Colonial statesman\\Signer of Declaration\nSamuel Adams: Politics and Government\\Government official\\Governor\\Massachusetts\nSamuel Adams: Politics and Government\\Government official\\Lieutenant Governor\\Massachusetts\nPortrait""}","[""1800s"", ""1790s""]","[""Graham, George"", ""Johnston, John"", ""Adams, Samuel""]","[""Prints""]","[""Massachusetts""]","[""Legislators"", ""Congressmen"", ""Government"", ""Portraits"", ""Governors"", ""Continental congressman"", ""Colonial statesman"", ""Statesman"", ""Men"", ""Signer of Declaration"", ""Public officers"", ""Politics"", ""Lieutenant Governor""]",1,"[""https://ids.si.edu/ids/deliveryService?id=NPG-NPG_76_10_inex""]","https://ids.si.edu/ids/iiif/NPG-NPG_76_10_inex/full/250,/0/default.jpg",Samuel Adams,George Graham,1795,men,
3021,https://collections.si.edu/search/detail/edanmdm:npg_NPG.75.73,NPG,edanmdm:npg_NPG.75.73,Henry Laurens,"{""Credit Line"": ""National Portrait Gallery, Smithsonian Institution""}","{""Date"": ""1783""}","{""Object number"": ""NPG.75.73""}","{""Artist"": ""B. B. Ellis"", ""Copy after"": ""Pierre Eug\u00e8ne Du Simiti\u00e8re, c. 1736 - 1784"", ""Publisher"": ""R. Wilkinson, 1850 - 1950?"", ""Sitter"": ""Henry Laurens, 6 Mar 1724 - 8 Dec 1792""}",,"{""Type"": ""Print""}","{""Medium"": ""Stipple engraving on paper"", ""Dimensions"": ""Image: 11.1 x 9.2 cm (4 3/8 x 3 5/8\"")\nSheet: 26.7 x 20.3 cm (10 1/2 x 8\"")""}",,,"{""Topic"": ""Illustration\nHenry Laurens: Male\nHenry Laurens: Politics and Government\\Government official\\Congressman\\Continental congressman\nHenry Laurens: Politics and Government\\Government official\nHenry Laurens: Business and Finance\\Businessperson\\Merchant\nHenry Laurens: Military and Intelligence\\Militia\\Officer\nHenry Laurens: Business and Finance\\Natural resources commerce\\Agriculturist\\Planter\nPortrait""}","[""1780s""]","[""Du Simitiere, Pierre Eugene"", ""Wilkinson, R."", ""Ellis, B. B."", ""Laurens, Henry""]","[""Prints""]",,"[""Business and Finance"", ""Legislators"", ""Merchants"", ""Congressmen"", ""Illustration"", ""Government"", ""Businessperson"", ""Natural resources commerce"", ""Portraits"", ""Continental congressman"", ""Planter"", ""Agriculturists"", ""Military and Intelligence"", ""Men"", ""Public officers"", ""Politics"", ""Military"", ""Officer""]",1,"[""https://ids.si.edu/ids/deliveryService?id=NPG-NPG_75_73""]","https://ids.si.edu/ids/iiif/NPG-NPG_75_73/full/250,/0/default.jpg",Henry Laurens,B. B. Ellis,1783,men,
3022,https://collections.si.edu/search/detail/edanmdm:npg_NPG.75.72,NPG,edanmdm:npg_NPG.75.72,George Washington,"{""Credit Line"": ""National Portrait Gallery, Smithsonian Institution""}","{""Date"": ""1783""}","{""Object number"": ""NPG.75.72""}","{""Artist"": ""B. B. Ellis"", ""Copy after"": ""Pierre Eug\u00e8ne Du Simiti\u00e8re, c. 1736 - 1784"", ""Publisher"": ""R. Wilkinson, 1850 - 1950?"", ""Sitter"": ""George Washington, 22 Feb 1732 - 14 Dec 1799""}",,"{""Type"": ""Print""}","{""Medium"": ""Stipple engraving on paper"", ""Dimensions"": ""Image: 11.1 x 9.2 cm (4 3/8 x 3 5/8\"")\nSheet: 26.7 x 20.3 cm (10 1/2 x 8\"")""}",,,"{""Topic"": ""Costume\\Dress Accessory\\Epaulet\nGeorge Washington: Male\nGeorge Washington: Military and Intelligence\\Army\\Officer\\Revolutionary War\nGeorge Washington: Politics and Government\\Statesman\\Colonial statesman\nGeorge Washington: Business and Finance\\Natural resources commerce\\Agriculturist\\Farmer\nGeorge Washington: Military and Intelligence\\Army\\Officer\\General\nGeorge Washington: Politics and Government\\Government official\\President of US\nGeorge Washington: Science and Technology\\Surveyor\nGeorge Washington: Civilian awards\\Congressional Gold Medal\nPortrait""}","[""1780s""]","[""Du Simitiere, Pierre Eugene"", ""United States. Army"", ""Wilkinson, R."", ""Washington, George"", ""Ellis, B. B.""]","[""Prints""]","[""United States""]","[""Business and Finance"", ""Congressional Gold Medal"", ""Farmers"", ""Government"", ""Natural resources commerce"", ""Dress accessories"", ""Portraits"", ""Civilian awards"", ""Science and Technology"", ""Colonial statesman"", ""Agriculturists"", ""Statesman"", ""Surveyors"", ""Costume"", ""Military and Intelligence"", ""Men"", ""American Revolution (1775-1783)"", ""Public officers"", ""Politics"", ""Presidents"", ""Officer""]",1,"[""https://ids.si.edu/ids/deliveryService?id=NPG-NPG_75_72""]","https://ids.si.edu/ids/iiif/NPG-NPG_75_72/full/250,/0/default.jpg",George Washington,B. B. Ellis,1783,men,
3024,https://collections.si.edu/search/detail/edanmdm:npg_NPG.75.70,NPG,edanmdm:npg_NPG.75.70,John Dickinson,"{""Credit Line"": ""National Portrait Gallery, Smithsonian Institution""}","{""Date"": ""1783""}","{""Object number"": ""NPG.75.70""}","{""Artist"": ""B. B. Ellis"", ""Copy after"": ""Pierre Eug\u00e8ne Du Simiti\u00e8re, c. 1736 - 1784"", ""Publisher"": ""R. Wilkinson, 1850 - 1950?"", ""Sitter"": ""John Dickinson, 8 Nov 1732 - 14 Feb 1808""}",,"{""Type"": ""Print""}","{""Medium"": ""Stipple engraving on paper"", ""Dimensions"": ""Image: 10.8 x 9.2 cm (4 1/4 x 3 5/8\"")\nSheet: 26.4 x 20.3 cm (10 3/8 x 8\"")""}",,,"{""Topic"": ""John Dickinson: Male\nJohn Dickinson: Law and Crime\\Lawyer\nJohn Dickinson: Arts and Culture\\Literature\\Writer\nJohn Dickinson: Politics and Government\\Government official\\Congressman\\Continental congressman\nJohn Dickinson: Politics and Government\\Government official\\State Legislator\\Pennsylvania\nJohn Dickinson: Politics and Government\\Statesman\\Signer of Constitution\nJohn Dickinson: Politics and Government\\Government official\\State Legislator\\Delaware\nJohn Dickinson: Politics and Government\\Government official\\US Congressman\\Delaware\nPortrait""}","[""1780s""]","[""Du Simitiere, Pierre Eugene"", ""Wilkinson, R."", ""Ellis, B. B."", ""Dickinson, John""]","[""Prints""]","[""United States"", ""Delaware"", ""Pennsylvania""]","[""Legislators"", ""Arts and Culture"", ""Literature"", ""Congressmen"", ""Writers"", ""Government"", ""Portraits"", ""Lawyers"", ""Signer of Constitution"", ""Continental congressman"", ""Statesman"", ""Men"", ""Public officers"", ""Law and Crime"", ""Politics""]",1,"[""https://ids.si.edu/ids/deliveryService?id=NPG-NPG_75_70""]","https://ids.si.edu/ids/iiif/NPG-NPG_75_70/full/250,/0/default.jpg",John Dickinson,B. B. Ellis,1783,men,Writers
3025,https://collections.si.edu/search/detail/edanmdm:npg_NPG.75.69,NPG,edanmdm:npg_NPG.75.69,John Jay,"{""Credit Line"": ""National Portrait Gallery, Smithsonian Institution""}","{""Date"": ""1783""}","{""Object number"": ""NPG.75.69""}","{""Artist"": ""B. B. Ellis"", ""Copy after"": ""Pierre Eug\u00e8ne Du Simiti\u00e8re, c. 1736 - 1784"", ""Publisher"": ""R. Wilkinson, 1850 - 1950?"", ""Sitter"": ""John Jay, 12 Dec 1745 - 17 May 1829""}",,"{""Type"": ""Print""}","{""Medium"": ""Stipple engraving on paper"", ""Dimensions"": ""Image: 11.1 x 9.5 cm (4 3/8 x 3 3/4\"")\nSheet: 26.7 x 20.3 cm (10 1/2 x 8\"")""}",,,"{""Topic"": ""John Jay: Male\nJohn Jay: Law and Crime\\Lawyer\nJohn Jay: Arts and Culture\\Literature\\Writer\nJohn Jay: Politics and Government\\Government official\\Congressman\\Continental congressman\nJohn Jay: Politics and Government\\Government official\\Governor\\New York\nJohn Jay: Law and Crime\\Judge\\Justice\\US Supreme Court Justice\\Chief Justice of US\nPortrait""}","[""1780s""]","[""Du Simitiere, Pierre Eugene"", ""Wilkinson, R."", ""Jay, John"", ""Ellis, B. B.""]","[""Prints""]","[""New York""]","[""Justice"", ""Legislators"", ""Arts and Culture"", ""Literature"", ""Congressmen"", ""Writers"", ""Government"", ""Chief Justice of US"", ""Portraits"", ""Lawyers"", ""Governors"", ""Continental congressman"", ""Men"", ""Public officers"", ""Law and Crime"", ""Politics"", ""Judges"", ""US Supreme Court Justice""]",1,"[""https://ids.si.edu/ids/deliveryService?id=NPG-NPG_75_69""]","https://ids.si.edu/ids/iiif/NPG-NPG_75_69/full/250,/0/default.jpg",John Jay,B. B. Ellis,1783,men,Writers
3026,https://collections.si.edu/search/detail/edanmdm:npg_NPG.75.68,NPG,edanmdm:npg_NPG.75.68,Horatio Gates,"{""Credit Line"": ""National Portrait Gallery, Smithsonian Institution""}","{""Date"": ""1783""}","{""Object number"": ""NPG.75.68""}","{""Artist"": ""B. B. Ellis"", ""Copy after"": ""Pierre Eug\u00e8ne Du Simiti\u00e8re, c. 1736 - 1784"", ""Publisher"": ""R. Wilkinson, 1850 - 1950?"", ""Sitter"": ""Horatio Gates, 1727 - 1806""}",,"{""Type"": ""Print""}","{""Medium"": ""Stipple engraving on paper"", ""Dimensions"": ""Image: 11.1 x 9.2 cm (4 3/8 x 3 5/8\"")\nSheet: 26.7 x 20.3 cm (10 1/2 x 8\"")""}",,,"{""Topic"": ""Horatio Gates: Male\nHoratio Gates: Politics and Government\\Government official\\State Legislator\\New York\nHoratio Gates: Military and Intelligence\\Army\\Officer\\Revolutionary War\nHoratio Gates: Civilian awards\\Congressional Gold Medal\nPortrait""}","[""1780s""]","[""Du Simitiere, Pierre Eugene"", ""United States. Army"", ""Wilkinson, R."", ""Ellis, B. B."", ""Gates, Horatio""]","[""Prints""]","[""New York"", ""United States""]","[""Legislators"", ""Congressional Gold Medal"", ""Government"", ""Military and Intelligence"", ""Men"", ""Portraits"", ""Public officers"", ""American Revolution (1775-1783)"", ""Politics"", ""Civilian awards"", ""Officer""]",1,"[""https://ids.si.edu/ids/deliveryService?id=NPG-NPG_75_68""]","https://ids.si.edu/ids/iiif/NPG-NPG_75_68/full/250,/0/default.jpg",Horatio Gates,B. B. Ellis,1783,men,
3035,https://collections.si.edu/search/detail/edanmdm:npg_NPG.75.59,NPG,edanmdm:npg_NPG.75.59,Henry Laurens,"{""Credit Line"": ""National Portrait Gallery, Smithsonian Institution""}","{""Date"": ""1780""}","{""Object number"": ""NPG.75.59""}","{""Artist"": ""Beno\u00eet-Louis Pr\u00e9vost, 1735? - 1804"", ""Copy after"": ""Pierre Eug\u00e8ne Du Simiti\u00e8re, c. 1736 - 1784"", ""Sitter"": ""Henry Laurens, 6 Mar 1724 - 8 Dec 1792""}",,"{""Type"": ""Print""}","{""Medium"": ""Engraving on paper"", ""Dimensions"": ""Image: 16.2 x 11.7 cm (6 3/8 x 4 5/8\"")\nSheet: 24.8 x 19.1 cm (9 3/4 x 7 1/2\"")""}",,,"{""Topic"": ""Henry Laurens: Male\nHenry Laurens: Politics and Government\\Government official\\Congressman\\Continental congressman\nHenry Laurens: Politics and Government\\Government official\nHenry Laurens: Business and Finance\\Businessperson\\Merchant\nHenry Laurens: Military and Intelligence\\Militia\\Officer\nHenry Laurens: Business and Finance\\Natural resources commerce\\Agriculturist\\Planter\nPortrait""}","[""1780s""]","[""Prevost, Benoit Louis"", ""Du Simitiere, Pierre Eugene"", ""Laurens, Henry""]","[""Prints""]",,"[""Business and Finance"", ""Legislators"", ""Merchants"", ""Congressmen"", ""Government"", ""Businessperson"", ""Natural resources commerce"", ""Portraits"", ""Continental congressman"", ""Planter"", ""Agriculturists"", ""Military and Intelligence"", ""Men"", ""Public officers"", ""Politics"", ""Military"", ""Officer""]",1,"[""https://ids.si.edu/ids/deliveryService?id=NPG-NPG_75_59-000002""]","https://ids.si.edu/ids/iiif/NPG-NPG_75_59-000002/full/250,/0/default.jpg",Henry Laurens,Beno\u00eet-Louis Pr\u00e9vost,1780,men,
3036,https://collections.si.edu/search/detail/edanmdm:npg_NPG.75.58,NPG,edanmdm:npg_NPG.75.58,John Jay,"{""Credit Line"": ""National Portrait Gallery, Smithsonian Institution""}","{""Date"": ""1780""}","{""Object number"": ""NPG.75.58""}","{""Artist"": ""Beno\u00eet-Louis Pr\u00e9vost, 1735? - 1804"", ""Copy after"": ""Pierre Eug\u00e8ne Du Simiti\u00e8re, c. 1736 - 1784"", ""Sitter"": ""John Jay, 12 Dec 1745 - 17 May 1829""}",,"{""Type"": ""Print""}","{""Medium"": ""Engraving on paper"", ""Dimensions"": ""Image: 16.2 x 11.4 cm (6 3/8 x 4 1/2\"")\nSheet: 24.8 x 19.7 cm (9 3/4 x 7 3/4\"")""}",,,"{""Topic"": ""John Jay: Male\nJohn Jay: Law and Crime\\Lawyer\nJohn Jay: Arts and Culture\\Literature\\Writer\nJohn Jay: Politics and Government\\Government official\\Congressman\\Continental congressman\nJohn Jay: Politics and Government\\Government official\\Governor\\New York\nJohn Jay: Law and Crime\\Judge\\Justice\\US Supreme Court Justice\\Chief Justice of US\nPortrait""}","[""1780s""]","[""Prevost, Benoit Louis"", ""Du Simitiere, Pierre Eugene"", ""Jay, John""]","[""Prints""]","[""New York""]","[""Justice"", ""Legislators"", ""Arts and Culture"", ""Literature"", ""Congressmen"", ""Writers"", ""Government"", ""Chief Justice of US"", ""Portraits"", ""Lawyers"", ""Governors"", ""Continental congressman"", ""Men"", ""Public officers"", ""Law and Crime"", ""Politics"", ""Judges"", ""US Supreme Court Justice""]",1,"[""https://ids.si.edu/ids/deliveryService?id=NPG-NPG_75_58-000002""]","https://ids.si.edu/ids/iiif/NPG-NPG_75_58-000002/full/250,/0/default.jpg",John Jay,Beno\u00eet-Louis Pr\u00e9vost,1780,men,Writers
3038,https://collections.si.edu/search/detail/edanmdm:npg_NPG.75.56,NPG,edanmdm:npg_NPG.75.56,John Dickinson,"{""Credit Line"": ""National Portrait Gallery, Smithsonian Institution""}","{""Date"": ""1780""}","{""Object number"": ""NPG.75.56""}","{""Artist"": ""Beno\u00eet-Louis Pr\u00e9vost, 1735? - 1804"", ""Copy after"": ""Pierre Eug\u00e8ne Du Simiti\u00e8re, c. 1736 - 1784"", ""Sitter"": ""John Dickinson, 8 Nov 1732 - 14 Feb 1808""}",,"{""Type"": ""Print""}","{""Medium"": ""Engraving on paper"", ""Dimensions"": ""Image: 16.2 x 11.7 cm (6 3/8 x 4 5/8\"")\nSheet: 25.4 x 19.1 cm (10 x 7 1/2\"")""}",,,"{""Topic"": ""John Dickinson: Male\nJohn Dickinson: Law and Crime\\Lawyer\nJohn Dickinson: Arts and Culture\\Literature\\Writer\nJohn Dickinson: Politics and Government\\Government official\\Congressman\\Continental congressman\nJohn Dickinson: Politics and Government\\Government official\\State Legislator\\Pennsylvania\nJohn Dickinson: Politics and Government\\Statesman\\Signer of Constitution\nJohn Dickinson: Politics and Government\\Government official\\State Legislator\\Delaware\nJohn Dickinson: Politics and Government\\Government official\\US Congressman\\Delaware\nPortrait""}","[""1780s""]","[""Prevost, Benoit Louis"", ""Du Simitiere, Pierre Eugene"", ""Dickinson, John""]","[""Prints""]","[""United States"", ""Delaware"", ""Pennsylvania""]","[""Legislators"", ""Arts and Culture"", ""Literature"", ""Congressmen"", ""Writers"", ""Government"", ""Portraits"", ""Lawyers"", ""Signer of Constitution"", ""Continental congressman"", ""Statesman"", ""Men"", ""Public officers"", ""Law and Crime"", ""Politics""]",1,"[""https://ids.si.edu/ids/deliveryService?id=NPG-NPG_75_56-000002""]","https://ids.si.edu/ids/iiif/NPG-NPG_75_56-000002/full/250,/0/default.jpg",John Dickinson,Beno\u00eet-Louis Pr\u00e9vost,1780,men,Writers
3039,https://collections.si.edu/search/detail/edanmdm:npg_NPG.75.55,NPG,edanmdm:npg_NPG.75.55,George Washington,"{""Credit Line"": ""National Portrait Gallery, Smithsonian Institution""}","{""Date"": ""1780""}","{""Object number"": ""NPG.75.55""}","{""Artist"": ""Beno\u00eet-Louis Pr\u00e9vost, 1735? - 1804"", ""Copy after"": ""Pierre Eug\u00e8ne Du Simiti\u00e8re, c. 1736 - 1784"", ""Sitter"": ""George Washington, 22 Feb 1732 - 14 Dec 1799""}",,"{""Type"": ""Print""}","{""Medium"": ""Engraving on paper"", ""Dimensions"": ""Image: 16.2 x 11.7 cm (6 3/8 x 4 5/8\"")\nSheet: 28.6 x 20.3 cm (11 1/4 x 8\"")""}",,,"{""Topic"": ""Costume\\Dress Accessory\\Epaulet\nGeorge Washington: Male\nGeorge Washington: Military and Intelligence\\Army\\Officer\\Revolutionary War\nGeorge Washington: Politics and Government\\Statesman\\Colonial statesman\nGeorge Washington: Business and Finance\\Natural resources commerce\\Agriculturist\\Farmer\nGeorge Washington: Military and Intelligence\\Army\\Officer\\General\nGeorge Washington: Politics and Government\\Government official\\President of US\nGeorge Washington: Science and Technology\\Surveyor\nGeorge Washington: Civilian awards\\Congressional Gold Medal\nPortrait""}","[""1780s""]","[""Prevost, Benoit Louis"", ""Du Simitiere, Pierre Eugene"", ""United States. Army"", ""Washington, George""]","[""Prints""]","[""United States""]","[""Business and Finance"", ""Congressional Gold Medal"", ""Farmers"", ""Government"", ""Natural resources commerce"", ""Dress accessories"", ""Portraits"", ""Civilian awards"", ""Science and Technology"", ""Colonial statesman"", ""Agriculturists"", ""Statesman"", ""Surveyors"", ""Costume"", ""Military and Intelligence"", ""Men"", ""American Revolution (1775-1783)"", ""Public officers"", ""Politics"", ""Presidents"", ""Officer""]",1,"[""https://ids.si.edu/ids/deliveryService?id=NPG-NPG_75_55-000002""]","https://ids.si.edu/ids/iiif/NPG-NPG_75_55-000002/full/250,/0/default.jpg",George Washington,Beno\u00eet-Louis Pr\u00e9vost,1780,men,
3042,https://collections.si.edu/search/detail/edanmdm:npg_NPG.75.52,NPG,edanmdm:npg_NPG.75.52,John Adams,"{""Credit Line"": ""National Portrait Gallery, Smithsonian Institution""}","{""Date"": ""1793""}","{""Object number"": ""NPG.75.52""}","{""Artist"": ""John Trumbull, 6 Jun 1756 - 10 Nov 1843"", ""Former attribution"": ""Gilbert Stuart, 3 Dec 1755 - 9 Jul 1828"", ""Sitter"": ""John Adams, 30 Oct 1735 - 4 Jul 1826""}","{""Exhibition Label"": ""Of all the Founding Fathers, John Adams was perhaps the most intellectual and accomplished. He helped craft the argument supporting the independence of the Continental Congress and later served on the diplomatic mission that ended the Revolutionary War. As vice president under George Washington, Adams complained that his role was \u201cthe most insignificant office that ever the invention of man contrived.\u201d Nevertheless, he used the position as his ticket to the presidency and was elected in 1796 after a bitter campaign against Thomas Jefferson.\nDuring Adams\u2019s single term as president, political posturing and bickering inhibited him at home, and France\u2019s interference with American commerce created a challenge for him abroad. Adams managed to keep the nation at peace, but he left the White House largely discredited on all sides.\nWhen Adams was vice president, he had portraits done by the artist John Trumbull, who based this painting on one of those original portraits. Trumbull incorporated the likeness into his depiction of the signing of the Declaration of Independence that is on display in the U.S. Capitol Rotunda.\nDe todos los padres fundadores de Estados Unidos, John Adams fue quiz\u00e1s el m\u00e1s culto e intelectual. Ayud\u00f3 a formular los argumentos en pro de la independencia del Congreso Continental y form\u00f3 parte de la misi\u00f3n diplom\u00e1tica que puso fin a la Guerra de Independencia. Como vicepresidente bajo George Washington, Adams se quej\u00f3 de que el suyo era \u201cel cargo m\u00e1s insignificante jam\u00e1s concebido por el hombre\u201d. No obstante, utiliz\u00f3 el puesto como v\u00eda hacia la presidencia, resultando electo en 1796 luego de una campa\u00f1a encarnizada contra Thomas Jefferson.\nDurante el \u00fanico t\u00e9rmino presidencial de Adams, las pol\u00e9micas y posturas partidistas restringieron su labor en el \u00e1mbito nacional, y la interferencia de Francia en el comercio estadounidense le cre\u00f3 dificultades en el extranjero. Adams logr\u00f3 evitar conflictos b\u00e9licos, pero al fin de su mandato estaba en gran medida desacreditado.\nCuando fue vicepresidente, Adams encarg\u00f3 retratos al artista John Trumbull, quien bas\u00f3 esta pintura en una de aquellas obras originales. Trumbull incorpor\u00f3 esta imagen en su pintura de la firma de la Declaraci\u00f3n de Independencia expuesta en la rotunda del capitolio de EE.UU.""}","{""Type"": ""Painting""}","{""Medium"": ""Oil on canvas"", ""Dimensions"": ""Stretcher: 65.1 \u00d7 54.9 \u00d7 2.5cm (25 5/8 \u00d7 21 5/8 \u00d7 1\"")\nFrame: 78.7 x 69.2 x 6cm (31 x 27 1/4 x 2 3/8\"")""}","{""Place"": ""United States\\Pennsylvania\\Philadelphia\\Philadelphia""}",,"{""Topic"": ""John Adams: Male\nJohn Adams: Arts and Culture\\Literature\\Writer\nJohn Adams: Politics and Government\\Government official\\Congressman\\Continental congressman\nJohn Adams: Politics and Government\\Statesman\\Colonial statesman\\Signer of Declaration\nJohn Adams: Politics and Government\\Vice-President of US\nJohn Adams: Politics and Government\\Diplomat\nJohn Adams: Politics and Government\\Government official\\President of US\nJohn Adams: Politics and Government\\Government official\\State Legislator\\Massachusetts\nPortrait""}","[""1790s""]","[""Adams, John"", ""Trumbull, John"", ""Stuart, Gilbert""]","[""Paintings""]","[""United States"", ""Massachusetts"", ""North America"", ""Philadelphia"", ""Pennsylvania""]","[""Legislators"", ""Arts and Culture"", ""Literature"", ""Congressmen"", ""Writers"", ""Government"", ""Diplomacy"", ""Portraits"", ""Continental congressman"", ""Colonial statesman"", ""Statesman"", ""Men"", ""Signer of Declaration"", ""Public officers"", ""Politics"", ""Vice-Presidents"", ""Diplomats"", ""Presidents""]",1,"[""https://ids.si.edu/ids/deliveryService?id=NPG-NPG_75_52""]","https://ids.si.edu/ids/iiif/NPG-NPG_75_52/full/250,/0/default.jpg",John Adams,John Trumbull,1793,men,Writers
3044,https://collections.si.edu/search/detail/edanmdm:npg_NPG.75.47,NPG,edanmdm:npg_NPG.75.47,John Hancock,"{""Credit Line"": ""National Portrait Gallery, Smithsonian Institution""}","{""Date"": ""c. 1795""}","{""Object number"": ""NPG.75.47""}","{""Attribution"": ""John Coles, Sr., 1748 - 1809?"", ""Copy after"": ""John Singleton Copley, 3 Jul 1738 - 9 Sep 1815"", ""Sitter"": ""John Hancock, 12 Jan 1737 - 8 Oct 1793""}",,"{""Type"": ""Print""}","{""Medium"": ""Hand-colored etching on paper"", ""Dimensions"": ""Image: 27 x 22.5 cm (10 5/8 x 8 7/8\"")\nSheet: 31.8 x 22.9 cm (12 1/2 x 9\"")""}",,,"{""Topic"": ""Costume\\Hair Accessory\\Wig\nTassel\nJohn Hancock: Male\nJohn Hancock: Politics and Government\\Statesman\\Colonial statesman\nJohn Hancock: Politics and Government\\Statesman\\Colonial statesman\\Signer of Declaration\nJohn Hancock: Politics and Government\\Government official\\Governor\\Massachusetts\nJohn Hancock: Business and Finance\\Businessperson\\Merchant\nPortrait""}","[""1790s""]","[""Hancock, John"", ""Copley, John Singleton"", ""Coles, John""]","[""Prints""]","[""Massachusetts""]","[""Business and Finance"", ""Merchants"", ""Government"", ""Businessperson"", ""Portraits"", ""Governors"", ""Colonial statesman"", ""Wig"", ""Statesman"", ""Costume"", ""Tassel"", ""Men"", ""Signer of Declaration"", ""Public officers"", ""Politics"", ""Hair Accessory""]",1,"[""https://ids.si.edu/ids/deliveryService?id=NPG-NPG_75_47_inex""]","https://ids.si.edu/ids/iiif/NPG-NPG_75_47_inex/full/250,/0/default.jpg",John Hancock,John Coles,1795,men,
3046,https://collections.si.edu/search/detail/edanmdm:npg_NPG.75.20,NPG,edanmdm:npg_NPG.75.20,George Washington,"{""Credit Line"": ""National Portrait Gallery, Smithsonian Institution""}","{""Date"": ""c. 1800-1810""}","{""Object number"": ""NPG.75.20""}","{""Artist"": ""Unidentified Artist"", ""Sitter"": ""George Washington, 22 Feb 1732 - 14 Dec 1799""}","{""Provenance"": ""(Weschler\u2019s Auctioneers & Appraisers, LLC), Washington, DC; purchased NPG 1975""}","{""Type"": ""Sculpture""}","{""Medium"": ""Marble"", ""Dimensions"": ""58cm (22 13/16\""), Accurate""}",,,"{""Topic"": ""George Washington: Male\nGeorge Washington: Military and Intelligence\\Army\\Officer\\Revolutionary War\nGeorge Washington: Politics and Government\\Statesman\\Colonial statesman\nGeorge Washington: Business and Finance\\Natural resources commerce\\Agriculturist\\Farmer\nGeorge Washington: Military and Intelligence\\Army\\Officer\\General\nGeorge Washington: Politics and Government\\Government official\\President of US\nGeorge Washington: Science and Technology\\Surveyor\nGeorge Washington: Civilian awards\\Congressional Gold Medal\nPortrait""}","[""1810s"", ""1790s""]","[""United States. Army"", ""Washington, George""]","[""Sculpture""]","[""United States""]","[""Business and Finance"", ""Congressional Gold Medal"", ""Farmers"", ""Government"", ""Natural resources commerce"", ""Portraits"", ""Civilian awards"", ""Science and Technology"", ""Colonial statesman"", ""Agriculturists"", ""Statesman"", ""Surveyors"", ""Military and Intelligence"", ""Men"", ""American Revolution (1775-1783)"", ""Public officers"", ""Politics"", ""Presidents"", ""Officer""]",0,,,George Washington,Unidentified Artist,1800,men,
3048,https://collections.si.edu/search/detail/edanmdm:npg_NPG.74.59,NPG,edanmdm:npg_NPG.74.59,Congress Voting Independence,"{""Credit Line"": ""National Portrait Gallery, Smithsonian Institution""}","{""Date"": ""c. 1803 (1906 restrike)""}","{""Object number"": ""NPG.74.59""}","{""Artist"": ""Edward Savage, 26 Nov 1761 - 6 Jul 1817"", ""Sitter"": ""John Adams, 30 Oct 1735 - 4 Jul 1826\nRoger Sherman, c. 19 Apr 1721 - 23 Jul 1793\nThomas Jefferson, 13 Apr 1743 - 4 Jul 1826\nJohn Hancock, 12 Jan 1737 - 8 Oct 1793\nEdward Rutledge, 23 Nov 1749 - 23 Jan 1800\nBenjamin Franklin, 17 Jan 1706 - 17 Apr 1790\nCharles Carroll, 1737 - 1832\nRichard Henry Lee, 20 Jan 1732 - 19 Jun 1794\nSamuel Adams, 27 Sep 1722 - 2 Oct 1803""}",,"{""Type"": ""Print""}","{""Medium"": ""Stipple and line engraving on paper"", ""Dimensions"": ""Image: 47.9 x 65.5 cm (18 7/8 x 25 13/16\"")\nSight: 49.2 x 67 cm (19 3/8 x 26 3/8\"")""}",,,"{""Topic"": ""Interior\nPrinted Material\\Document\nEquipment\\Walking stick\\Cane\nInterior\\Legislative chamber\nEdward Rutledge: Male\nEdward Rutledge: Law and Crime\\Lawyer\nEdward Rutledge: Politics and Government\\Government official\\Congressman\\Continental congressman\nEdward Rutledge: Politics and Government\\Statesman\\Colonial statesman\\Signer of Declaration\nEdward Rutledge: Politics and Government\\Government official\\State Legislator\\South Carolina\nEdward Rutledge: Business and Finance\\Natural resources commerce\\Agriculturist\\Planter\nEdward Rutledge: Politics and Government\\Government official\\Governor\\South Carolina\nCharles Carroll: Male\nCharles Carroll: Politics and Government\\Government official\\Congressman\\Continental congressman\nCharles Carroll: Politics and Government\\Statesman\\Colonial statesman\\Signer of Declaration\nCharles Carroll: Business and Finance\\Businessperson\\Business executive\\Railroad executive\nCharles Carroll: Business and Finance\\Natural resources commerce\\Agriculturist\\Planter\nCharles Carroll: Politics and Government\\Government official\\State Senator\\Maryland\nCharles Carroll: Politics and Government\\Government official\\US Senator\\Maryland\nJohn Adams: Male\nJohn Adams: Arts and Culture\\Literature\\Writer\nJohn Adams: Politics and Government\\Government official\\Congressman\\Continental congressman\nJohn Adams: Politics and Government\\Statesman\\Colonial statesman\\Signer of Declaration\nJohn Adams: Politics and Government\\Vice-President of US\nJohn Adams: Politics and Government\\Diplomat\nJohn Adams: Politics and Government\\Government official\\President of US\nJohn Adams: Politics and Government\\Government official\\State Legislator\\Massachusetts\nBenjamin Franklin: Male\nBenjamin Franklin: Arts and Culture\\Literature\\Writer\nBenjamin Franklin: Politics and Government\\Statesman\\Colonial statesman\nBenjamin Franklin: Politics and Government\\Government official\\Congressman\\Continental congressman\nBenjamin Franklin: Politics and Government\\Statesman\\Colonial statesman\\Signer of Declaration\nBenjamin Franklin: Science and Technology\\Scientist\nBenjamin Franklin: Politics and Government\\Diplomat\nBenjamin Franklin: Social Welfare and Reform\\Philanthropist\nBenjamin Franklin: Science and Technology\\Inventor\nBenjamin Franklin: Business and Finance\\Tradesman\\Printer\nBenjamin Franklin: Politics and Government\\Government official\\Postmaster\nJohn Hancock: Male\nJohn Hancock: Politics and Government\\Statesman\\Colonial statesman\nJohn Hancock: Politics and Government\\Statesman\\Colonial statesman\\Signer of Declaration\nJohn Hancock: Politics and Government\\Government official\\Governor\\Massachusetts\nJohn Hancock: Business and Finance\\Businessperson\\Merchant\nRichard Henry Lee: Male\nRichard Henry Lee: Politics and Government\\Government official\\State Legislator\\Virginia\nRichard Henry Lee: Politics and Government\\Government official\\Congressman\\Continental congressman\nRichard Henry Lee: Politics and Government\\Statesman\\Colonial statesman\\Signer of Declaration\nRichard Henry Lee: Business and Finance\\Natural resources commerce\\Agriculturist\\Planter\nRichard Henry Lee: Politics and Government\\Government official\\US Senator\\Virginia\nRoger Sherman: Male\nRoger Sherman: Law and Crime\\Lawyer\nRoger Sherman: Politics and Government\\Government official\\Congressman\\Continental congressman\nRoger Sherman: Politics and Government\\Statesman\\Colonial statesman\\Signer of Declaration\nRoger Sherman: Business and Finance\\Businessperson\\Merchant\nRoger Sherman: Law and Crime\\Justice of the Peace\nRoger Sherman: Politics and Government\\Statesman\\Signer of Constitution\nRoger Sherman: Social Welfare and Reform\\Reformer\\Revolutionary\nRoger Sherman: Business and Finance\\Tradesman\\Cobbler\nRoger Sherman: Politics and Government\\Government official\\Public official\\Mayor\\New Haven, CT\nSamuel Adams: Male\nSamuel Adams: Politics and Government\\Government official\\Congressman\\Continental congressman\nSamuel Adams: Politics and Government\\Statesman\\Colonial statesman\\Signer of Declaration\nSamuel Adams: Politics and Government\\Government official\\Governor\\Massachusetts\nSamuel Adams: Politics and Government\\Government official\\Lieutenant Governor\\Massachusetts\nThomas Jefferson: Male\nThomas Jefferson: Law and Crime\\Lawyer\nThomas Jefferson: Politics and Government\\Government official\\Congressman\\Continental congressman\nThomas Jefferson: Politics and Government\\Statesman\\Colonial statesman\\Signer of Declaration\nThomas Jefferson: Politics and Government\\Vice-President of US\nThomas Jefferson: Business and Finance\\Natural resources commerce\\Agriculturist\\Farmer\nThomas Jefferson: Arts and Culture\\Visual Arts\\Architect\nThomas Jefferson: Politics and Government\\Government official\\President of US\nThomas Jefferson: Politics and Government\\Government official\\Cabinet member\\Secretary of State\nThomas Jefferson: Politics and Government\\Diplomat\\Minister\nThomas Jefferson: Science and Technology\\Inventor\nThomas Jefferson: Politics and Government\\Government official\\US Congressman\\Virginia\nThomas Jefferson: Politics and Government\\Government official\\Governor\\Virginia\nThomas Jefferson: Arts and Culture\\Education and Scholarship\\Founder\\University\nPortrait""}","[""1800s"", ""1790s""]","[""Savage, Edward"", ""Sherman, Roger"", ""Hancock, John"", ""Adams, John"", ""Rutledge, Edward"", ""Carroll, Charles"", ""Jefferson, Thomas"", ""Franklin, Benjamin"", ""Adams, Samuel"", ""Lee, Richard Henry""]","[""Prints""]","[""United States"", ""Massachusetts"", ""Maryland"", ""Virginia"", ""South Carolina""]","[""Business and Finance"", ""Social Welfare and Reform"", ""Legislators"", ""Legislative chamber"", ""Writers"", ""Businessperson"", ""New Haven, CT"", ""Natural resources commerce"", ""Secretary of State"", ""Printer"", ""Founder"", ""Reformers"", ""Public official"", ""Design"", ""Staffs (Sticks, canes, etc.)"", ""Walking stick"", ""Signer of Declaration"", ""Public officers"", ""Vice-Presidents"", ""Diplomats"", ""Minister"", ""Cabinet member"", ""Congressmen"", ""Literature"", ""Farmers"", ""Interior decoration"", ""Tradesman"", ""Signer of Constitution"", ""Inventors"", ""Men"", ""Revolutionary"", ""Senators"", ""Philanthropists"", ""Education and Scholarship"", ""Scientists"", ""Postmasters"", ""Merchants"", ""Art"", ""Arts and Culture"", ""Architects"", ""Railroad executive"", ""Governors"", ""Printed Material"", ""Universities"", ""Colonial statesman"", ""Statesman"", ""Justice of the Peace"", ""Business executive"", ""Presidents"", ""Government"", ""Diplomacy"", ""Portraits"", ""Lawyers"", ""Continental congressman"", ""Planter"", ""Science and Technology"", ""Agriculturists"", ""Cobbler"", ""Law and Crime"", ""Politics"", ""Lieutenant Governor"", ""Mayors""]",1,"[""https://ids.si.edu/ids/deliveryService?id=NPG-7400114B_1""]","https://ids.si.edu/ids/iiif/NPG-7400114B_1/full/250,/0/default.jpg",John Adams,Edward Savage,1803,men,Writers
3067,https://collections.si.edu/search/detail/edanmdm:npg_NPG.74.39.4.20,NPG,edanmdm:npg_NPG.74.39.4.20,Charles Willson Peale,"{""Credit Line"": ""National Portrait Gallery, Smithsonian Institution; gift of Mr. and Mrs. Paul Mellon""}","{""Date"": ""1807""}","{""Object number"": ""NPG.74.39.4.20""}","{""Artist"": ""Charles Balthazar Julien F\u00e9vret de Saint-M\u00e9min, 12 Mar 1770 - 23 Jun 1852"", ""Sitter"": ""Charles Willson Peale, 15 Apr 1741 - 22 Feb 1827""}",,"{""Type"": ""Print""}","{""Medium"": ""Engraving on paper"", ""Dimensions"": ""Image: 5.6 x 5.6 cm (2 3/16 x 2 3/16\"")\nSheet: 55 x 40 cm (21 5/8 x 15 3/4\"")""}",,,"{""Topic"": ""Charles Willson Peale: Male\nCharles Willson Peale: Arts and Culture\\Literature\\Writer\nCharles Willson Peale: Arts and Culture\\Visual Arts\\Artist\\Painter\nCharles Willson Peale: Arts and Culture\\Visual Arts\\Artist\\Portraitist\nCharles Willson Peale: Arts and Culture\\Visual Arts\\Founder\\Art museum founder\nCharles Willson Peale: Military and Intelligence\\Militia\\Officer\nCharles Willson Peale: Science and Technology\\Scientist\\Naturalist\nCharles Willson Peale: Politics and Government\\Government official\\State Legislator\\Pennsylvania\nPortrait""}","[""1800s""]","[""Peale, Charles Willson"", ""Saint-Memin, Charles Balthazar Julien Fevret de""]","[""Prints""]","[""United States"", ""Pennsylvania""]","[""Legislators"", ""Art"", ""Arts and Culture"", ""Literature"", ""Painters"", ""Writers"", ""Government"", ""Portraits"", ""Founder"", ""Art museum founder"", ""Naturalists"", ""Science and Technology"", ""Portraitist"", ""Military and Intelligence"", ""Men"", ""Public officers"", ""Politics"", ""Scientists"", ""Artists"", ""Military"", ""Officer""]",1,"[""https://ids.si.edu/ids/deliveryService?id=NPG-NPG_74_39_4_20Peale-000001""]","https://ids.si.edu/ids/iiif/NPG-NPG_74_39_4_20Peale-000001/full/250,/0/default.jpg",Charles Willson Peale,Charles Balthazar Julien F\u00e9vret de Saint-M\u00e9min,1807,men,Writers
3098,https://collections.si.edu/search/detail/edanmdm:npg_NPG.74.39.10.16,NPG,edanmdm:npg_NPG.74.39.10.16,Thomas Jefferson,"{""Credit Line"": ""National Portrait Gallery, Smithsonian Institution; gift of Mr. and Mrs. Paul Mellon""}","{""Date"": ""1805""}","{""Object number"": ""NPG.74.39.10.16""}","{""Artist"": ""Charles Balthazar Julien F\u00e9vret de Saint-M\u00e9min, 12 Mar 1770 - 23 Jun 1852"", ""Sitter"": ""Thomas Jefferson, 13 Apr 1743 - 4 Jul 1826""}",,"{""Type"": ""Print""}","{""Medium"": ""Engraving on paper"", ""Dimensions"": ""Image: 5.6 x 5.6cm (2 3/16 x 2 3/16\"")\nSheet: 55 x 40cm (21 5/8 x 15 3/4\"")""}",,,"{""Topic"": ""Thomas Jefferson: Male\nThomas Jefferson: Law and Crime\\Lawyer\nThomas Jefferson: Politics and Government\\Government official\\Congressman\\Continental congressman\nThomas Jefferson: Politics and Government\\Statesman\\Colonial statesman\\Signer of Declaration\nThomas Jefferson: Politics and Government\\Vice-President of US\nThomas Jefferson: Business and Finance\\Natural resources commerce\\Agriculturist\\Farmer\nThomas Jefferson: Arts and Culture\\Visual Arts\\Architect\nThomas Jefferson: Politics and Government\\Government official\\President of US\nThomas Jefferson: Politics and Government\\Government official\\Cabinet member\\Secretary of State\nThomas Jefferson: Politics and Government\\Diplomat\\Minister\nThomas Jefferson: Science and Technology\\Inventor\nThomas Jefferson: Politics and Government\\Government official\\US Congressman\\Virginia\nThomas Jefferson: Politics and Government\\Government official\\Governor\\Virginia\nThomas Jefferson: Arts and Culture\\Education and Scholarship\\Founder\\University\nPortrait""}","[""1800s""]","[""Jefferson, Thomas"", ""Saint-Memin, Charles Balthazar Julien Fevret de""]","[""Prints""]","[""United States"", ""Virginia""]","[""Business and Finance"", ""Legislators"", ""Art"", ""Arts and Culture"", ""Architects"", ""Natural resources commerce"", ""Secretary of State"", ""Governors"", ""Founder"", ""Universities"", ""Colonial statesman"", ""Statesman"", ""Signer of Declaration"", ""Public officers"", ""Vice-Presidents"", ""Diplomats"", ""Presidents"", ""Minister"", ""Cabinet member"", ""Congressmen"", ""Farmers"", ""Government"", ""Diplomacy"", ""Portraits"", ""Lawyers"", ""Continental congressman"", ""Science and Technology"", ""Agriculturists"", ""Inventors"", ""Men"", ""Law and Crime"", ""Politics"", ""Education and Scholarship""]",1,"[""https://ids.si.edu/ids/deliveryService?id=NPG-NPG_74_39_10_16Jefferson-000001""]","https://ids.si.edu/ids/iiif/NPG-NPG_74_39_10_16Jefferson-000001/full/250,/0/default.jpg",Thomas Jefferson,Charles Balthazar Julien F\u00e9vret de Saint-M\u00e9min,1805,men,
3103,https://collections.si.edu/search/detail/edanmdm:npg_NPG.74.39.1.14,NPG,edanmdm:npg_NPG.74.39.1.14,George Washington,"{""Credit Line"": ""National Portrait Gallery, Smithsonian Institution; gift of Mr. and Mrs. Paul Mellon""}","{""Date"": ""1800""}","{""Object number"": ""NPG.74.39.1.14""}","{""Artist"": ""Charles Balthazar Julien F\u00e9vret de Saint-M\u00e9min, 12 Mar 1770 - 23 Jun 1852"", ""Sitter"": ""George Washington, 22 Feb 1732 - 14 Dec 1799""}",,"{""Type"": ""Print""}","{""Medium"": ""Engraving on paper"", ""Dimensions"": ""Image: 1.6 x 1.3 cm (5/8 x 1/2\"")\nSheet: 54.7 x 39.9 cm (21 9/16 x 15 11/16\"")""}",,,"{""Topic"": ""Costume\\Dress Accessory\\Epaulet\nGeorge Washington: Male\nGeorge Washington: Military and Intelligence\\Army\\Officer\\Revolutionary War\nGeorge Washington: Politics and Government\\Statesman\\Colonial statesman\nGeorge Washington: Business and Finance\\Natural resources commerce\\Agriculturist\\Farmer\nGeorge Washington: Military and Intelligence\\Army\\Officer\\General\nGeorge Washington: Politics and Government\\Government official\\President of US\nGeorge Washington: Science and Technology\\Surveyor\nGeorge Washington: Civilian awards\\Congressional Gold Medal\nPortrait""}","[""1800s""]","[""United States. Army"", ""Washington, George"", ""Saint-Memin, Charles Balthazar Julien Fevret de""]","[""Prints""]","[""United States""]","[""Business and Finance"", ""Congressional Gold Medal"", ""Farmers"", ""Government"", ""Natural resources commerce"", ""Dress accessories"", ""Portraits"", ""Civilian awards"", ""Science and Technology"", ""Colonial statesman"", ""Agriculturists"", ""Statesman"", ""Surveyors"", ""Costume"", ""Military and Intelligence"", ""Men"", ""American Revolution (1775-1783)"", ""Public officers"", ""Politics"", ""Presidents"", ""Officer""]",1,"[""https://ids.si.edu/ids/deliveryService?id=NPG-NPG_74_39_1_14Washington-000001""]","https://ids.si.edu/ids/iiif/NPG-NPG_74_39_1_14Washington-000001/full/250,/0/default.jpg",George Washington,Charles Balthazar Julien F\u00e9vret de Saint-M\u00e9min,1800,men,
3104,https://collections.si.edu/search/detail/edanmdm:npg_NPG.74.39.1.13,NPG,edanmdm:npg_NPG.74.39.1.13,George Washington,"{""Credit Line"": ""National Portrait Gallery, Smithsonian Institution; gift of Mr. and Mrs. Paul Mellon""}","{""Date"": ""1800""}","{""Object number"": ""NPG.74.39.1.13""}","{""Artist"": ""Charles Balthazar Julien F\u00e9vret de Saint-M\u00e9min, 12 Mar 1770 - 23 Jun 1852"", ""Sitter"": ""George Washington, 22 Feb 1732 - 14 Dec 1799""}",,"{""Type"": ""Print""}","{""Medium"": ""Engraving on paper"", ""Dimensions"": ""Image: 1.6 x 1.2 cm (5/8 x 1/2\"")\nSheet: 54.7 x 39.9 cm (21 9/16 x 15 11/16\"")""}",,,"{""Topic"": ""George Washington: Male\nGeorge Washington: Military and Intelligence\\Army\\Officer\\Revolutionary War\nGeorge Washington: Politics and Government\\Statesman\\Colonial statesman\nGeorge Washington: Business and Finance\\Natural resources commerce\\Agriculturist\\Farmer\nGeorge Washington: Military and Intelligence\\Army\\Officer\\General\nGeorge Washington: Politics and Government\\Government official\\President of US\nGeorge Washington: Science and Technology\\Surveyor\nGeorge Washington: Civilian awards\\Congressional Gold Medal\nPortrait""}","[""1800s""]","[""United States. Army"", ""Washington, George"", ""Saint-Memin, Charles Balthazar Julien Fevret de""]","[""Prints""]","[""United States""]","[""Business and Finance"", ""Congressional Gold Medal"", ""Farmers"", ""Government"", ""Natural resources commerce"", ""Portraits"", ""Civilian awards"", ""Science and Technology"", ""Colonial statesman"", ""Agriculturists"", ""Statesman"", ""Surveyors"", ""Military and Intelligence"", ""Men"", ""American Revolution (1775-1783)"", ""Public officers"", ""Politics"", ""Presidents"", ""Officer""]",1,"[""https://ids.si.edu/ids/deliveryService?id=NPG-NPG_74_39_1_13Washington-000001""]","https://ids.si.edu/ids/iiif/NPG-NPG_74_39_1_13Washington-000001/full/250,/0/default.jpg",George Washington,Charles Balthazar Julien F\u00e9vret de Saint-M\u00e9min,1800,men,
3105,https://collections.si.edu/search/detail/edanmdm:npg_NPG.74.39.1.10,NPG,edanmdm:npg_NPG.74.39.1.10,Thomas Jefferson,"{""Credit Line"": ""National Portrait Gallery, Smithsonian Institution; gift of Mr. and Mrs. Paul Mellon""}","{""Date"": ""1804""}","{""Object number"": ""NPG.74.39.1.10""}","{""Artist"": ""Charles Balthazar Julien F\u00e9vret de Saint-M\u00e9min, 12 Mar 1770 - 23 Jun 1852"", ""Sitter"": ""Thomas Jefferson, 13 Apr 1743 - 4 Jul 1826""}",,"{""Type"": ""Print""}","{""Medium"": ""Engraving on paper"", ""Dimensions"": ""Image: 7.3 x 5.9 cm (2 7/8 x 2 5/16\"")\nSheet: 54.2 x 39.9 cm (21 5/16 x 15 11/16\"")""}",,,"{""Topic"": ""Thomas Jefferson: Male\nThomas Jefferson: Law and Crime\\Lawyer\nThomas Jefferson: Politics and Government\\Government official\\Congressman\\Continental congressman\nThomas Jefferson: Politics and Government\\Statesman\\Colonial statesman\\Signer of Declaration\nThomas Jefferson: Politics and Government\\Vice-President of US\nThomas Jefferson: Business and Finance\\Natural resources commerce\\Agriculturist\\Farmer\nThomas Jefferson: Arts and Culture\\Visual Arts\\Architect\nThomas Jefferson: Politics and Government\\Government official\\President of US\nThomas Jefferson: Politics and Government\\Government official\\Cabinet member\\Secretary of State\nThomas Jefferson: Politics and Government\\Diplomat\\Minister\nThomas Jefferson: Science and Technology\\Inventor\nThomas Jefferson: Politics and Government\\Government official\\US Congressman\\Virginia\nThomas Jefferson: Politics and Government\\Government official\\Governor\\Virginia\nThomas Jefferson: Arts and Culture\\Education and Scholarship\\Founder\\University\nPortrait""}","[""1800s""]","[""Jefferson, Thomas"", ""Saint-Memin, Charles Balthazar Julien Fevret de""]","[""Prints""]","[""United States"", ""Virginia""]","[""Business and Finance"", ""Legislators"", ""Art"", ""Arts and Culture"", ""Architects"", ""Natural resources commerce"", ""Secretary of State"", ""Governors"", ""Founder"", ""Universities"", ""Colonial statesman"", ""Statesman"", ""Signer of Declaration"", ""Public officers"", ""Vice-Presidents"", ""Diplomats"", ""Presidents"", ""Minister"", ""Cabinet member"", ""Congressmen"", ""Farmers"", ""Government"", ""Diplomacy"", ""Portraits"", ""Lawyers"", ""Continental congressman"", ""Science and Technology"", ""Agriculturists"", ""Inventors"", ""Men"", ""Law and Crime"", ""Politics"", ""Education and Scholarship""]",1,"[""https://ids.si.edu/ids/deliveryService?id=NPG-NPG_74_39_1_10Jefferson-000001""]","https://ids.si.edu/ids/iiif/NPG-NPG_74_39_1_10Jefferson-000001/full/250,/0/default.jpg",Thomas Jefferson,Charles Balthazar Julien F\u00e9vret de Saint-M\u00e9min,1804,men,
3111,https://collections.si.edu/search/detail/edanmdm:npg_NPG.73.17,NPG,edanmdm:npg_NPG.73.17,Joel Barlow,"{""Credit Line"": ""National Portrait Gallery, Smithsonian Institution; transfer from the Smithsonian American Art Museum""}","{""Date"": ""1803""}","{""Object number"": ""NPG.73.17""}","{""Artist"": ""Jean-Antoine Houdon, 1741 - 1828"", ""Sitter"": ""Joel Barlow, 24 Mar 1754 - 26 Dec 1812""}","{""Provenance"": ""National Collection of Fine Arts (now Smithsonian American Art Museum) 1858; transferred to NPG 1973""}","{""Type"": ""Sculpture""}","{""Medium"": ""Plaster"", ""Dimensions"": ""71.1cm x 45.1cm x 30.5cm (28\"" x 17 3/4\"" x 12\""), Accurate""}",,,"{""Topic"": ""Joel Barlow: Male\nJoel Barlow: Law and Crime\\Lawyer\nJoel Barlow: Arts and Culture\\Literature\\Writer\nJoel Barlow: Arts and Culture\\Literature\\Writer\\Poet\nJoel Barlow: Arts and Culture\\Journalism and Media\\Journalist\nJoel Barlow: Politics and Government\\Diplomat\\Minister\nPortrait""}","[""1800s""]","[""Barlow, Joel"", ""Houdon, Jean-Antoine""]","[""Sculpture""]",,"[""Arts and Culture"", ""Literature"", ""Writers"", ""Government"", ""Diplomacy"", ""Portraits"", ""Lawyers"", ""Men"", ""Journalism"", ""Law and Crime"", ""Politics"", ""Diplomats"", ""Journalism and Media"", ""Poets"", ""Minister""]",0,,,Joel Barlow,Jean-Antoine Houdon,1803,men,Writers
3113,https://collections.si.edu/search/detail/edanmdm:npg_NPG.73.10,NPG,edanmdm:npg_NPG.73.10,John Paul Jones,"{""Credit Line"": ""National Portrait Gallery, Smithsonian Institution Conserved with funds from the Smithsonian Women's Committee""}","{""Date"": ""1780""}","{""Object number"": ""NPG.73.10""}","{""Artist"": ""Unidentified Artist"", ""Former attribution"": ""Charlotte-Marguerite de Bourbon, Comtesse de Lowendahl, 1754 - 1839"", ""Sitter"": ""John Paul Jones, 6 Jul 1747 - 18 Jul 1792""}","{""Provenance"": ""(John F. Fleming, New York); purchased 1973 NPG""}","{""Type"": ""Painting""}","{""Medium"": ""Watercolor on ivory"", ""Dimensions"": ""Sight: 7.3 x 5.4cm (2 7/8 x 2 1/8\"")\nFrame: 7.3 x 5.1 x 0.3cm (2 7/8 x 2 x 1/8\"")""}",,,"{""Topic"": ""Costume\\Hair Accessory\\Wig\nCostume\\Dress Accessory\\Epaulet\nMiniature\nJohn Paul Jones: Male\nJohn Paul Jones: Politics and Government\\Government official\nJohn Paul Jones: Military and Intelligence\\Navy\\Officer\nJohn Paul Jones: Civilian awards\\Congressional Gold Medal\nPortrait""}","[""1780s""]","[""United States. Navy"", ""Comtesse de Lowendahl, Charlotte-Marguerite de Bourbon"", ""Jones, John Paul""]","[""Miniatures"", ""Paintings""]",,"[""Congressional Gold Medal"", ""Government"", ""Dress accessories"", ""Portraits"", ""Civilian awards"", ""Wig"", ""Costume"", ""Military and Intelligence"", ""Men"", ""Public officers"", ""Politics"", ""Hair Accessory"", ""Officer""]",1,"[""https://ids.si.edu/ids/deliveryService?id=NPG-NPG_73_10Jones_int""]","https://ids.si.edu/ids/iiif/NPG-NPG_73_10Jones_int/full/250,/0/default.jpg",John Paul Jones,Unidentified Artist,1780,men,
3114,https://collections.si.edu/search/detail/edanmdm:npg_NPG.72.9,NPG,edanmdm:npg_NPG.72.9,John Adams,"{""Credit Line"": ""National Portrait Gallery, Smithsonian Institution""}","{""Date"": ""c. 1800""}","{""Object number"": ""NPG.72.9""}","{""Artist"": ""Cornelius Tiebout, 1777 - 1832"", ""Copy after"": ""William Joseph Williams, 1759 - 1823"", ""Sitter"": ""John Adams, 30 Oct 1735 - 4 Jul 1826""}",,"{""Type"": ""Print""}","{""Medium"": ""Stipple engraving on paper"", ""Dimensions"": ""Image: 21.9 x 17.2 cm (8 5/8 x 6 3/4\"")""}",,,"{""Topic"": ""John Adams: Male\nJohn Adams: Arts and Culture\\Literature\\Writer\nJohn Adams: Politics and Government\\Government official\\Congressman\\Continental congressman\nJohn Adams: Politics and Government\\Statesman\\Colonial statesman\\Signer of Declaration\nJohn Adams: Politics and Government\\Vice-President of US\nJohn Adams: Politics and Government\\Diplomat\nJohn Adams: Politics and Government\\Government official\\President of US\nJohn Adams: Politics and Government\\Government official\\State Legislator\\Massachusetts\nPortrait""}","[""1800s"", ""1790s""]","[""Adams, John"", ""Williams, William Joseph"", ""Tiebout, Cornelius""]","[""Prints""]","[""United States"", ""Massachusetts""]","[""Legislators"", ""Arts and Culture"", ""Literature"", ""Congressmen"", ""Writers"", ""Government"", ""Diplomacy"", ""Portraits"", ""Continental congressman"", ""Colonial statesman"", ""Statesman"", ""Men"", ""Signer of Declaration"", ""Public officers"", ""Politics"", ""Vice-Presidents"", ""Diplomats"", ""Presidents""]",1,"[""https://ids.si.edu/ids/deliveryService?id=NPG-NPG_72_9""]","https://ids.si.edu/ids/iiif/NPG-NPG_72_9/full/250,/0/default.jpg",John Adams,Cornelius Tiebout,1800,men,Writers
3116,https://collections.si.edu/search/detail/edanmdm:npg_NPG.72.63,NPG,edanmdm:npg_NPG.72.63,Charles Cotesworth Pinckney,"{""Credit Line"": ""National Portrait Gallery, Smithsonian Institution""}","{""Date"": ""c. 1800-1810""}","{""Object number"": ""NPG.72.63""}","{""Artist"": ""Cornelius Tiebout, 1777 - 1832"", ""Copy after"": ""Jeremiah Paul, Jr., about 1775 - 13 Jul 1820"", ""Publisher"": ""John Savage, 1790 - 1834"", ""Sitter"": ""Charles Cotesworth Pinckney, 25 Feb 1746 - 25 Aug 1825""}",,"{""Type"": ""Print""}","{""Medium"": ""Engraving on paper"", ""Dimensions"": ""29.2 \u00d7 23.2 cm (11 1/2 \u00d7 9 1/8\"")""}",,,"{""Topic"": ""Costume\\Dress Accessory\\Epaulet\nCharles Cotesworth Pinckney: Male\nCharles Cotesworth Pinckney: Law and Crime\\Lawyer\nCharles Cotesworth Pinckney: Politics and Government\\Presidential candidate\nCharles Cotesworth Pinckney: Military and Intelligence\\Army\\Officer\\Revolutionary War\nCharles Cotesworth Pinckney: Politics and Government\\Diplomat\nCharles Cotesworth Pinckney: Military and Intelligence\\Army\\Officer\\General\nCharles Cotesworth Pinckney: Politics and Government\\Diplomat\\Minister\nCharles Cotesworth Pinckney: Politics and Government\\Government official\\US Congressman\\South Carolina\nCharles Cotesworth Pinckney: Politics and Government\\Government official\\Governor\\South Carolina\nCharles Cotesworth Pinckney: Politics and Government\\Statesman\\Signer of Constitution\nCharles Cotesworth Pinckney: Politics and Government\\Government official\\State Senator\\South Carolina\nCharles Cotesworth Pinckney: Military and Intelligence\\Prisoner of War\nPortrait""}","[""1810s"", ""1790s""]","[""United States. Army"", ""Savage, John"", ""Paul, Jeremiah"", ""Pinckney, Charles Cotesworth"", ""Tiebout, Cornelius""]","[""Prints""]","[""United States"", ""South Carolina""]","[""Presidential candidate"", ""Legislators"", ""Congressmen"", ""Government"", ""Diplomacy"", ""Dress accessories"", ""Portraits"", ""Lawyers"", ""Governors"", ""Signer of Constitution"", ""Statesman"", ""Costume"", ""Military and Intelligence"", ""Men"", ""Senators"", ""American Revolution (1775-1783)"", ""Public officers"", ""Law and Crime"", ""Politics"", ""Prisoner of War"", ""Diplomats"", ""Minister"", ""Officer""]",1,"[""https://ids.si.edu/ids/deliveryService?id=NPG-7200122B_1""]","https://ids.si.edu/ids/iiif/NPG-7200122B_1/full/250,/0/default.jpg",Charles Cotesworth Pinckney,Cornelius Tiebout,1800,men,
3117,https://collections.si.edu/search/detail/edanmdm:npg_NPG.72.62,NPG,edanmdm:npg_NPG.72.62,Charles Willson Peale,"{""Credit Line"": ""National Portrait Gallery, Smithsonian Institution""}","{""Date"": ""1807""}","{""Object number"": ""NPG.72.62""}","{""Artist"": ""Charles Balthazar Julien F\u00e9vret de Saint-M\u00e9min, 12 Mar 1770 - 23 Jun 1852"", ""Sitter"": ""Charles Willson Peale, 15 Apr 1741 - 22 Feb 1827""}",,"{""Type"": ""Art Implement""}","{""Medium"": ""Copper plate"", ""Dimensions"": ""6.6cm x 6.6cm (2 5/8\"" x 2 5/8\""), Accurate""}",,,"{""Topic"": ""Printing surface\\Printing plate\nCharles Willson Peale: Male\nCharles Willson Peale: Arts and Culture\\Literature\\Writer\nCharles Willson Peale: Arts and Culture\\Visual Arts\\Artist\\Painter\nCharles Willson Peale: Arts and Culture\\Visual Arts\\Artist\\Portraitist\nCharles Willson Peale: Arts and Culture\\Visual Arts\\Founder\\Art museum founder\nCharles Willson Peale: Military and Intelligence\\Militia\\Officer\nCharles Willson Peale: Science and Technology\\Scientist\\Naturalist\nCharles Willson Peale: Politics and Government\\Government official\\State Legislator\\Pennsylvania\nPortrait""}","[""1800s""]","[""Peale, Charles Willson"", ""Saint-Memin, Charles Balthazar Julien Fevret de""]","[""Artists' materials""]","[""United States"", ""Pennsylvania""]","[""Printing surface"", ""Legislators"", ""Art"", ""Arts and Culture"", ""Literature"", ""Painters"", ""Writers"", ""Government"", ""Portraits"", ""Founder"", ""Art museum founder"", ""Naturalists"", ""Science and Technology"", ""Portraitist"", ""Printing plate"", ""Military and Intelligence"", ""Men"", ""Public officers"", ""Politics"", ""Scientists"", ""Artists"", ""Military"", ""Officer""]",1,"[""https://ids.si.edu/ids/deliveryService?id=NPG-NPG_72_62""]","https://ids.si.edu/ids/iiif/NPG-NPG_72_62/full/250,/0/default.jpg",Charles Willson Peale,Charles Balthazar Julien F\u00e9vret de Saint-M\u00e9min,1807,men,Writers
3124,https://collections.si.edu/search/detail/edanmdm:npg_NPG.71.54,NPG,edanmdm:npg_NPG.71.54,Joel Barlow,"{""Credit Line"": ""National Portrait Gallery, Smithsonian Institution""}","{""Date"": ""c. 1793""}","{""Object number"": ""NPG.71.54""}","{""Artist"": ""Gilles-Louis Chr\u00e9tien, 1754 - 1811"", ""Copy after"": ""Jean-Simon Fournier"", ""Sitter"": ""Joel Barlow, 24 Mar 1754 - 26 Dec 1812""}",,"{""Type"": ""Print""}","{""Medium"": ""Engraving on paper"", ""Dimensions"": ""Image: 5.9cm (2 5/16\"")\nSheet: 29.8 x 23.5cm (11 3/4 x 9 1/4\"")""}",,,"{""Topic"": ""Joel Barlow: Male\nJoel Barlow: Law and Crime\\Lawyer\nJoel Barlow: Arts and Culture\\Literature\\Writer\nJoel Barlow: Arts and Culture\\Literature\\Writer\\Poet\nJoel Barlow: Arts and Culture\\Journalism and Media\\Journalist\nJoel Barlow: Politics and Government\\Diplomat\\Minister\nPortrait""}","[""1780s"", ""1790s""]","[""Barlow, Joel"", ""Chretien, Gilles-Louis"", ""Fournier, Jean-Simon""]","[""Prints""]",,"[""Arts and Culture"", ""Literature"", ""Writers"", ""Government"", ""Diplomacy"", ""Portraits"", ""Lawyers"", ""Men"", ""Journalism"", ""Law and Crime"", ""Politics"", ""Diplomats"", ""Journalism and Media"", ""Poets"", ""Minister""]",1,"[""https://ids.si.edu/ids/deliveryService?id=NPG-NPG_71_54_ext""]","https://ids.si.edu/ids/iiif/NPG-NPG_71_54_ext/full/250,/0/default.jpg",Joel Barlow,Gilles-Louis Chr\u00e9tien,1793,men,Writers
3126,https://collections.si.edu/search/detail/edanmdm:npg_NPG.71.41,NPG,edanmdm:npg_NPG.71.41,Marquis De Lafayette,"{""Credit Line"": ""National Portrait Gallery, Smithsonian Institution""}","{""Date"": ""1971, after c. 1786 original""}","{""Object number"": ""NPG.71.41""}","{""Artist"": ""Unidentified Artist"", ""Copy after"": ""Jean-Antoine Houdon, 1741 - 1828"", ""Sitter"": ""Marquis de Lafayette, 6 Sep 1757 - 20 May 1834""}","{""Exhibition Label"": ""Born Auvergne, France\nThe nineteen-year-old Marquis de Lafayette left France in 1777 and crossed the Atlantic to support the American colonies\u2019 fight for independence. While at sea, he wrote to his wife, \u201cThe welfare of America is intimately connected with the happiness of all mankind.\u201d During the Yorktown campaign, Lafayette blocked General Cornwallis\u2019s escape and forced his surrender. The Virginia legislature commissioned his bust in commemoration. This later copy represents Lafayette in the uniform of a major general in the Continental army, displaying the insignia of the Society of the Cincinnati, the fraternal order of Revolutionary War officers.\nNacido en Auvernia, Francia\nEl marqu\u00e9s de Lafayette dej\u00f3 Francia a los 19 a\u00f1os de edad en 1777 y cruz\u00f3 el Atl\u00e1ntico para apoyar a las trece colonias norteamericanas en su lucha por la independencia. Durante la traves\u00eda le escribi\u00f3 a su esposa: \u201cEl bienestar de Am\u00e9rica est\u00e1 \u00edntimamente ligado a la felicidad de toda la humanidad\u201d. Durante la campa\u00f1a de Yorktown, Lafayette bloque\u00f3 el escape del general Cornwallis y lo oblig\u00f3 a rendirse. La legislatura de Virginia encarg\u00f3 un busto del marqu\u00e9s para conmemorarlo. Esta copia posterior lo presenta con el uniforme de mayor general del Ej\u00e9rcito Continental, mostrando la insignia de la Sociedad de los Cincinnati, orden fraternal de oficiales de la Guerra de Independencia."", ""Provenance"": ""(Robert Studio Giannetti); purchased NPG 1971""}","{""Type"": ""Sculpture""}","{""Medium"": ""Marble"", ""Dimensions"": ""With Base: 94 \u00d7 72.4 \u00d7 34.3 cm (37 \u00d7 28 1/2 \u00d7 13 1/2\"")""}",,,"{""Topic"": ""Costume\\Dress Accessory\\Epaulet\nMarquis de Lafayette: Male\nMarquis de Lafayette: Military and Intelligence\\Army\\Officer\nMarquis de Lafayette: Military and Intelligence\\Army\\Officer\\Revolutionary War\nPortrait""}","[""1780s"", ""1790s""]","[""United States. Army"", ""Lafayette"", ""Houdon, Jean-Antoine""]","[""Sculpture""]",,"[""Costume"", ""Military and Intelligence"", ""Men"", ""Dress accessories"", ""Portraits"", ""American Revolution (1775-1783)"", ""Officer""]",4,"[""https://ids.si.edu/ids/deliveryService?id=NPG-NPG_71_41_v1_int"", ""https://ids.si.edu/ids/deliveryService?id=NPG-NPG_71_41_v2_int"", ""https://ids.si.edu/ids/deliveryService?id=NPG-NPG_71_41_v3_int"", ""https://ids.si.edu/ids/deliveryService?id=NPG-NPG_71_41_v4_int""]","https://ids.si.edu/ids/iiif/NPG-NPG_71_41_v1_int/full/250,/0/default.jpg",Marquis de Lafayette,Unidentified Artist,1971,Men,
3127,https://collections.si.edu/search/detail/edanmdm:npg_NPG.71.14,NPG,edanmdm:npg_NPG.71.14,Thomas Jefferson,"{""Credit Line"": ""National Portrait Gallery, Smithsonian Institution""}","{""Date"": ""1801""}","{""Object number"": ""NPG.71.14""}","{""Artist"": ""Cornelius Tiebout, 1777 - 1832"", ""Copy after"": ""Rembrandt Peale, 22 Feb 1778 - 3 Oct 1860"", ""Sitter"": ""Thomas Jefferson, 13 Apr 1743 - 4 Jul 1826""}",,"{""Type"": ""Print""}","{""Medium"": ""Engraving on paper"", ""Dimensions"": ""Image: 28 x 22.2 cm (11 x 8 3/4\"")""}",,,"{""Topic"": ""Thomas Jefferson: Male\nThomas Jefferson: Law and Crime\\Lawyer\nThomas Jefferson: Politics and Government\\Government official\\Congressman\\Continental congressman\nThomas Jefferson: Politics and Government\\Statesman\\Colonial statesman\\Signer of Declaration\nThomas Jefferson: Politics and Government\\Vice-President of US\nThomas Jefferson: Business and Finance\\Natural resources commerce\\Agriculturist\\Farmer\nThomas Jefferson: Arts and Culture\\Visual Arts\\Architect\nThomas Jefferson: Politics and Government\\Government official\\President of US\nThomas Jefferson: Politics and Government\\Government official\\Cabinet member\\Secretary of State\nThomas Jefferson: Politics and Government\\Diplomat\\Minister\nThomas Jefferson: Science and Technology\\Inventor\nThomas Jefferson: Politics and Government\\Government official\\US Congressman\\Virginia\nThomas Jefferson: Politics and Government\\Government official\\Governor\\Virginia\nThomas Jefferson: Arts and Culture\\Education and Scholarship\\Founder\\University\nPortrait""}","[""1800s""]","[""Jefferson, Thomas"", ""Peale, Rembrandt"", ""Tiebout, Cornelius""]","[""Prints""]","[""United States"", ""Virginia""]","[""Business and Finance"", ""Legislators"", ""Art"", ""Arts and Culture"", ""Architects"", ""Natural resources commerce"", ""Secretary of State"", ""Governors"", ""Founder"", ""Universities"", ""Colonial statesman"", ""Statesman"", ""Signer of Declaration"", ""Public officers"", ""Vice-Presidents"", ""Diplomats"", ""Presidents"", ""Minister"", ""Cabinet member"", ""Congressmen"", ""Farmers"", ""Government"", ""Diplomacy"", ""Portraits"", ""Lawyers"", ""Continental congressman"", ""Science and Technology"", ""Agriculturists"", ""Inventors"", ""Men"", ""Law and Crime"", ""Politics"", ""Education and Scholarship""]",1,"[""https://ids.si.edu/ids/deliveryService?id=NPG-NPG_71_14Jefferson-000002""]","https://ids.si.edu/ids/iiif/NPG-NPG_71_14Jefferson-000002/full/250,/0/default.jpg",Thomas Jefferson,Cornelius Tiebout,1801,men,
3128,https://collections.si.edu/search/detail/edanmdm:npg_NPG.70.9,NPG,edanmdm:npg_NPG.70.9,Benjamin Franklin,"{""Credit Line"": ""National Portrait Gallery, Smithsonian Institution""}","{""Date"": ""1793""}","{""Object number"": ""NPG.70.9""}","{""Artist"": ""Edward Savage, 26 Nov 1761 - 6 Jul 1817"", ""Copy after"": ""Benjamin West, 10 Oct 1738 - 11 Mar 1820\nDavid Martin, 1 Apr 1737 - 30 Dec 1798"", ""Sitter"": ""Benjamin Franklin, 17 Jan 1706 - 17 Apr 1790""}",,"{""Type"": ""Print""}","{""Medium"": ""Mezzotint on paper"", ""Dimensions"": ""Image: 45.7 x 35.5 cm (18 x 14\"")""}",,,"{""Topic"": ""Home Furnishings\\Furniture\\Seating\\Chair\nPrinted Material\\Book\nCostume\\Dress Accessory\\Eyeglasses\nPrinted Material\\Document\nHome Furnishings\\Drape\nArtwork\\Sculpture\nHome Furnishings\\Furniture\\Desk\nBenjamin Franklin: Male\nBenjamin Franklin: Arts and Culture\\Literature\\Writer\nBenjamin Franklin: Politics and Government\\Statesman\\Colonial statesman\nBenjamin Franklin: Politics and Government\\Government official\\Congressman\\Continental congressman\nBenjamin Franklin: Politics and Government\\Statesman\\Colonial statesman\\Signer of Declaration\nBenjamin Franklin: Science and Technology\\Scientist\nBenjamin Franklin: Politics and Government\\Diplomat\nBenjamin Franklin: Social Welfare and Reform\\Philanthropist\nBenjamin Franklin: Science and Technology\\Inventor\nBenjamin Franklin: Business and Finance\\Tradesman\\Printer\nBenjamin Franklin: Politics and Government\\Government official\\Postmaster\nPortrait""}","[""1790s""]","[""Savage, Edward"", ""Martin, David"", ""Franklin, Benjamin"", ""West, Benjamin""]","[""Prints""]",,"[""Social Welfare and Reform"", ""Business and Finance"", ""Legislators"", ""Books and reading"", ""Artwork"", ""Arts and Culture"", ""Writers"", ""Dress accessories"", ""Home Furnishings"", ""Printer"", ""Eyeglasses"", ""Printed Material"", ""Colonial statesman"", ""Sculpture"", ""Statesman"", ""Chairs"", ""Seating"", ""Signer of Declaration"", ""Public officers"", ""Drape"", ""Diplomats"", ""Literature"", ""Congressmen"", ""Government"", ""Diplomacy"", ""Portraits"", ""Tradesman"", ""Furnishings"", ""Continental congressman"", ""Science and Technology"", ""Inventors"", ""Costume"", ""Men"", ""Philanthropists"", ""Politics"", ""Scientists"", ""Postmasters""]",1,"[""https://ids.si.edu/ids/deliveryService?id=NPG-NPG_70_9Franklin-000001""]","https://ids.si.edu/ids/iiif/NPG-NPG_70_9Franklin-000001/full/250,/0/default.jpg",Benjamin Franklin,Edward Savage,1793,men,Writers
3131,https://collections.si.edu/search/detail/edanmdm:npg_NPG.70.65,NPG,edanmdm:npg_NPG.70.65,Benjamin Franklin,"{""Credit Line"": ""National Portrait Gallery, Smithsonian Institution""}","{""Date"": ""c. 1790""}","{""Object number"": ""NPG.70.65""}","{""Artist"": ""Pierre-Michel Alix, 1762 - 1817"", ""Copy after"": ""Charles Amedee Philippe Van Loo, 1719 - 1795?"", ""Sitter"": ""Benjamin Franklin, 17 Jan 1706 - 17 Apr 1790""}",,"{""Type"": ""Print""}","{""Medium"": ""Color aquatint on paper"", ""Dimensions"": ""Image: 24.1 x 20.3 cm (9 1/2 x 8\"")""}",,,"{""Topic"": ""Costume\\Dress Accessory\\Eyeglasses\nBenjamin Franklin: Male\nBenjamin Franklin: Arts and Culture\\Literature\\Writer\nBenjamin Franklin: Politics and Government\\Statesman\\Colonial statesman\nBenjamin Franklin: Politics and Government\\Government official\\Congressman\\Continental congressman\nBenjamin Franklin: Politics and Government\\Statesman\\Colonial statesman\\Signer of Declaration\nBenjamin Franklin: Science and Technology\\Scientist\nBenjamin Franklin: Politics and Government\\Diplomat\nBenjamin Franklin: Social Welfare and Reform\\Philanthropist\nBenjamin Franklin: Science and Technology\\Inventor\nBenjamin Franklin: Business and Finance\\Tradesman\\Printer\nBenjamin Franklin: Politics and Government\\Government official\\Postmaster\nPortrait""}","[""1780s"", ""1790s""]","[""Alix, Pierre-Michel"", ""Van Loo, Charles Amedee Philippe"", ""Franklin, Benjamin""]","[""Prints""]",,"[""Social Welfare and Reform"", ""Business and Finance"", ""Legislators"", ""Arts and Culture"", ""Writers"", ""Dress accessories"", ""Printer"", ""Eyeglasses"", ""Colonial statesman"", ""Statesman"", ""Signer of Declaration"", ""Public officers"", ""Diplomats"", ""Literature"", ""Congressmen"", ""Government"", ""Diplomacy"", ""Portraits"", ""Tradesman"", ""Continental congressman"", ""Science and Technology"", ""Inventors"", ""Costume"", ""Men"", ""Philanthropists"", ""Politics"", ""Scientists"", ""Postmasters""]",1,"[""https://ids.si.edu/ids/deliveryService?id=NPG-NPG_70_65""]","https://ids.si.edu/ids/iiif/NPG-NPG_70_65/full/250,/0/default.jpg",Benjamin Franklin,Pierre-Michel Alix,1790,men,Writers
3132,https://collections.si.edu/search/detail/edanmdm:npg_NPG.70.55,NPG,edanmdm:npg_NPG.70.55,Alexander Hamilton,"{""Credit Line"": ""National Portrait Gallery, Smithsonian Institution""}","{""Date"": ""c. 1796""}","{""Object number"": ""NPG.70.55""}","{""Artist"": ""James Sharples, c. 1751 - 1811"", ""Sitter"": ""Alexander Hamilton, 11 Jan 1757 - 11 Jul 1804""}",,"{""Type"": ""Drawing""}","{""Medium"": ""Pastel on paper"", ""Dimensions"": ""Image/Sight: 12.3 \u00d7 11.4 cm (4 13/16 \u00d7 4 1/2\"")\nFrame: 24.8 \u00d7 23.7 \u00d7 2.5 cm (9 3/4 \u00d7 9 5/16 \u00d7 1\"")""}",,,"{""Topic"": ""Alexander Hamilton: Male\nAlexander Hamilton: Law and Crime\\Lawyer\nAlexander Hamilton: Arts and Culture\\Literature\\Writer\nAlexander Hamilton: Military and Intelligence\\Army\\Officer\\Revolutionary War\nAlexander Hamilton: Politics and Government\\Government official\\Cabinet member\\Secretary of Treasury\nAlexander Hamilton: Politics and Government\\Government official\\Congressman\\Continental congressman\nPortrait""}","[""1800s"", ""1790s""]","[""United States. Army"", ""Hamilton, Alexander"", ""Sharples, James""]","[""Drawings""]",,"[""Legislators"", ""Cabinet member"", ""Arts and Culture"", ""Literature"", ""Congressmen"", ""Writers"", ""Government"", ""Portraits"", ""Lawyers"", ""Continental congressman"", ""Military and Intelligence"", ""Men"", ""Secretary of Treasury"", ""American Revolution (1775-1783)"", ""Public officers"", ""Law and Crime"", ""Politics"", ""Officer""]",1,"[""https://ids.si.edu/ids/deliveryService?id=NPG-NPG_70_55_Hamilton-000001""]","https://ids.si.edu/ids/iiif/NPG-NPG_70_55_Hamilton-000001/full/250,/0/default.jpg",Alexander Hamilton,James Sharples,1796,men,Writers
3135,https://collections.si.edu/search/detail/edanmdm:npg_NPG.70.12,NPG,edanmdm:npg_NPG.70.12,John Quincy Adams,"{""Credit Line"": ""National Portrait Gallery, Smithsonian Institution; transfer from the Smithsonian American Art Museum; gift of Mary Louisa Adams Clement in memory of her mother, Louisa Catherine Adams Clement, 1950""}","{""Date"": ""1815""}","{""Object number"": ""NPG.70.12""}","{""Artist"": ""Pieter Van Huffel, 1769 - 1844"", ""Sitter"": ""John Quincy Adams, 11 Jul 1767 - 23 Feb 1848""}","{""Provenance"": ""Mary Louisa Adams Clement, gift 1950 to NCFA; transferred 1970 to NPG.""}","{""Type"": ""Painting""}","{""Medium"": ""Oil on canvas"", ""Dimensions"": ""Sight: 61 x 50.8cm (24 x 20\"")\nFrame: 77.5 x 67.3 x 8.9cm (30 1/2 x 26 1/2 x 3 1/2\"")""}","{""Place"": ""Belgi\u00eb\\Vlaanderen\\Oost-Vlaanderen\\Ghent""}",,"{""Topic"": ""Printed Material\\Document\\Scroll\nInterior\\Interior with Exterior View\nArchitecture\\Building\\Church\\Cathedral\nCostume\\Dress Accessory\\Button\nJohn Quincy Adams: Male\nJohn Quincy Adams: Politics and Government\\Government official\\US Congressman\\Massachusetts\nJohn Quincy Adams: Politics and Government\\Government official\\President of US\nJohn Quincy Adams: Politics and Government\\Government official\\Cabinet member\\Secretary of State\nJohn Quincy Adams: Politics and Government\\Government official\\US Senator\\Massachusetts\nJohn Quincy Adams: Politics and Government\\Son of US President\nJohn Quincy Adams: Politics and Government\\Diplomat\\Minister\\US Minister\nPortrait""}","[""1810s""]","[""Van Huffel, Pieter"", ""Adams, John Quincy""]","[""Paintings""]","[""Belgi\u00eb"", ""Oost-Vlaanderen"", ""Ghent"", ""United States"", ""Europe"", ""Massachusetts"", ""Vlaanderen""]","[""Legislators"", ""Son of US President"", ""Dress accessories"", ""Secretary of State"", ""Printed Material"", ""Design"", ""Button"", ""Public officers"", ""Diplomats"", ""Presidents"", ""Minister"", ""Cabinet member"", ""Interior with Exterior View"", ""Congressmen"", ""Architecture"", ""Government"", ""Diplomacy"", ""Interior decoration"", ""Scroll"", ""Cathedral"", ""Portraits"", ""US Minister"", ""Costume"", ""Men"", ""Senators"", ""Politics"", ""Church buildings""]",1,"[""https://ids.si.edu/ids/deliveryService?id=NPG-NPG_70_12Adams-000002""]","https://ids.si.edu/ids/iiif/NPG-NPG_70_12Adams-000002/full/250,/0/default.jpg",John Quincy Adams,Pieter Van Huffel,1815,men,
3136,https://collections.si.edu/search/detail/edanmdm:npg_NPG.70.10,NPG,edanmdm:npg_NPG.70.10,George Washington,"{""Credit Line"": ""National Portrait Gallery, Smithsonian Institution""}","{""Date"": ""1793""}","{""Object number"": ""NPG.70.10""}","{""Artist"": ""Edward Savage, 26 Nov 1761 - 6 Jul 1817"", ""Sitter"": ""George Washington, 22 Feb 1732 - 14 Dec 1799""}","{""Exhibition Label"": ""Born Westmoreland County, Virginia\nEdward Savage\u2019s mezzotint engraving portrays George Washington as the nation\u2019s president rather than as a general: he wears a black velvet suit and not a military uniform. In his hand is a plan of the new capital city named in his honor. While in London, Savage adapted the pose of this elegant print from one of his own paintings. Washington\u2019s face, however, was based on an earlier portrait that Savage had painted from life between 1789, the year he was inaugurated as president, and 1790.\nThe caption at the bottom of this print refers to the latter work. On October 6, 1793, Savage sent his subject an impression of this mezzotint, along with a portrait print he had made of Benjamin Franklin. In the accompanying letter, the artist expressed his hope that \u201cit will meet with the approbation of yourself and Mrs. Washington as it is the first I ever published in that method of Engraving.\u201d\nNacido en el Condado de Westmoreland, Virginia\nEl grabado a la mezzotinta de Edward Savage repre- senta a George Washington como el Presidente de la Naci\u00f3n en lugar de como general, lleva puesto un traje de terciopelo negro y no un uniforme militar. En la mano sostiene un plano de la nueva capital, bautizada en su honor. Mientras se encontraba en Londres, Savage adapt\u00f3 la pose de este elegante grabado para una de sus propias pinturas. Sin embargo, el rostro de Washington se bas\u00f3 en un retrato m\u00e1s temprano que Savage hab\u00eda pintado del natural entre 1789, el a\u00f1o en que Washington fue investido como presidente, y 1890. La cita hace referencia a la segunda obra.\nEl 6 de octubre de 1793, Savage envi\u00f3 a su modelo una impresi\u00f3n de esta mezzotinta, junto con un retrato grabado que hab\u00eda realizado de Benjamin Franklin. En la carta acompa\u00f1ante, el artista expresaba su esperanza de que la obra \u201ccontar\u00e1 con su aprobaci\u00f3n, as\u00ed como con la de la Sra. Washington, ya que fue la primera que hice con este m\u00e9todo de grabado\u201d.""}","{""Type"": ""Print""}","{""Medium"": ""Mezzotint on paper"", ""Dimensions"": ""Sheet: 52.2 \u00d7 38.4 cm (20 9/16 \u00d7 15 1/8\"")""}",,,"{""Topic"": ""Costume\\Headgear\\Hat\nHome Furnishings\\Drape\nCostume\\Hair Accessory\\Wig\nArchitecture\\Column\nPrinted Material\\Map\nGeorge Washington: Male\nGeorge Washington: Military and Intelligence\\Army\\Officer\\Revolutionary War\nGeorge Washington: Politics and Government\\Statesman\\Colonial statesman\nGeorge Washington: Business and Finance\\Natural resources commerce\\Agriculturist\\Farmer\nGeorge Washington: Military and Intelligence\\Army\\Officer\\General\nGeorge Washington: Politics and Government\\Government official\\President of US\nGeorge Washington: Science and Technology\\Surveyor\nGeorge Washington: Civilian awards\\Congressional Gold Medal\nPortrait""}","[""1790s""]","[""Savage, Edward"", ""United States. Army"", ""Washington, George""]","[""Maps"", ""Prints""]","[""United States""]","[""Business and Finance"", ""Natural resources commerce"", ""Home Furnishings"", ""Printed Material"", ""Colonial statesman"", ""Statesman"", ""Column"", ""Military and Intelligence"", ""American Revolution (1775-1783)"", ""Public officers"", ""Drape"", ""Hair Accessory"", ""Presidents"", ""Congressional Gold Medal"", ""Farmers"", ""Architecture"", ""Government"", ""Portraits"", ""Civilian awards"", ""Headgear"", ""Science and Technology"", ""Agriculturists"", ""Wig"", ""Surveyors"", ""Costume"", ""Men"", ""Hats"", ""Politics"", ""Officer""]",1,"[""https://ids.si.edu/ids/deliveryService?id=NPG-NPG_70_10Washington-000001""]","https://ids.si.edu/ids/iiif/NPG-NPG_70_10Washington-000001/full/250,/0/default.jpg",George Washington,Edward Savage,1793,men,
3137,https://collections.si.edu/search/detail/edanmdm:npg_NPG.69.74,NPG,edanmdm:npg_NPG.69.74,Thomas Paine,"{""Credit Line"": ""National Portrait Gallery, Smithsonian Institution""}","{""Date"": ""1783""}","{""Object number"": ""NPG.69.74""}","{""Artist"": ""James Watson, c. 1740 - 1790"", ""Copy after"": ""Charles Willson Peale, 15 Apr 1741 - 22 Feb 1827"", ""Sitter"": ""Thomas Paine, 29 Jan 1737 - 8 Jun 1809""}",,"{""Type"": ""Print""}","{""Medium"": ""Mezzotint on paper"", ""Dimensions"": ""Image: 27.7 x 22.6 cm (10 7/8 x 8 7/8\"")\nMat: 55.9 x 40.6 cm (22 x 16\"")""}",,,"{""Topic"": ""Printed Material\\Document\nCostume\\Hair Accessory\\Wig\nHome Furnishings\\Furniture\\Desk\nEquipment\\Drafting & Writing Implements\\Writing implement\\Pen\\Quill\nThomas Paine: Male\nThomas Paine: Arts and Culture\\Literature\\Writer\nThomas Paine: Politics and Government\\Statesman\nThomas Paine: Arts and Culture\\Journalism and Media\\Magazine editor\nThomas Paine: Science and Technology\\Inventor\nThomas Paine: Social Welfare and Reform\\Reformer\\Humanitarian\nPortrait""}","[""1780s""]","[""Watson, James"", ""Peale, Charles Willson"", ""Paine, Thomas""]","[""Prints""]",,"[""Social Welfare and Reform"", ""Arts and Culture"", ""Literature"", ""Writers"", ""Government"", ""Magazine editor"", ""Quill"", ""Portraits"", ""Home Furnishings"", ""Drafting & Writing Implements"", ""Furnishings"", ""Reformers"", ""Printed Material"", ""Science and Technology"", ""Wig"", ""Statesman"", ""Inventors"", ""Humanitarianism"", ""Costume"", ""Men"", ""Politics"", ""Journalism and Media"", ""Hair Accessory"", ""Pens""]",1,"[""https://ids.si.edu/ids/deliveryService?id=NPG-NPG_69_74""]","https://ids.si.edu/ids/iiif/NPG-NPG_69_74/full/250,/0/default.jpg",Thomas Paine,James Watson,1783,men,Writers
3140,https://collections.si.edu/search/detail/edanmdm:npg_NPG.69.61,NPG,edanmdm:npg_NPG.69.61,Benjamin Franklin,"{""Credit Line"": ""National Portrait Gallery, Smithsonian Institution""}","{""Date"": ""after 1777""}","{""Object number"": ""NPG.69.61""}","{""Artist"": ""Unidentified Artist"", ""Copy after"": ""Jean Jacques Caffieri, 25 Apr 1725 - 21 Jun 1792"", ""Sitter"": ""Benjamin Franklin, 17 Jan 1706 - 17 Apr 1790""}","{""Provenance"": ""(M. Knoedler & Co., Inc.), New York; purchased NPG 1969""}","{""Type"": ""Sculpture""}","{""Medium"": ""White marble"", ""Dimensions"": ""56.8cm (22 3/8\""), Accurate""}",,,"{""Topic"": ""Benjamin Franklin: Male\nBenjamin Franklin: Arts and Culture\\Literature\\Writer\nBenjamin Franklin: Politics and Government\\Statesman\\Colonial statesman\nBenjamin Franklin: Politics and Government\\Government official\\Congressman\\Continental congressman\nBenjamin Franklin: Politics and Government\\Statesman\\Colonial statesman\\Signer of Declaration\nBenjamin Franklin: Science and Technology\\Scientist\nBenjamin Franklin: Politics and Government\\Diplomat\nBenjamin Franklin: Social Welfare and Reform\\Philanthropist\nBenjamin Franklin: Science and Technology\\Inventor\nBenjamin Franklin: Business and Finance\\Tradesman\\Printer\nBenjamin Franklin: Politics and Government\\Government official\\Postmaster\nPortrait""}","[""1800s"", ""1770s""]","[""Caffieri, Jean Jacques"", ""Franklin, Benjamin""]","[""Sculpture""]",,"[""Social Welfare and Reform"", ""Business and Finance"", ""Legislators"", ""Arts and Culture"", ""Writers"", ""Printer"", ""Colonial statesman"", ""Statesman"", ""Signer of Declaration"", ""Public officers"", ""Diplomats"", ""Literature"", ""Congressmen"", ""Government"", ""Diplomacy"", ""Portraits"", ""Tradesman"", ""Continental congressman"", ""Science and Technology"", ""Inventors"", ""Men"", ""Philanthropists"", ""Politics"", ""Scientists"", ""Postmasters""]",0,,,Benjamin Franklin,Unidentified Artist,1777,men,Writers
3141,https://collections.si.edu/search/detail/edanmdm:npg_NPG.69.50,NPG,edanmdm:npg_NPG.69.50,Horatio Gates,"{""Credit Line"": ""National Portrait Gallery, Smithsonian Institution; partial gift of Mr. Lawrence A. Fleischman""}","{""Date"": ""c. 1782""}","{""Object number"": ""NPG.69.50""}","{""Artist"": ""James Peale, 1749 - 24 May 1831"", ""Copy after"": ""Charles Willson Peale, 15 Apr 1741 - 22 Feb 1827"", ""Sitter"": ""Horatio Gates, 1727 - 1806""}","{""Exhibition Label"": ""Born Maldon, England\nBritish army officer Horatio Gates fought in the French and Indian War (1754\u201363), rising to the rank of major before peace ended his advancement. Frustrated, Gates resigned from the army and immigrated to North America. In 1773, he purchased a 659-acre plantation in present-day West Virginia and enslaved laborers to work the land.\nWhen the American Revolution broke out, Gates joined the Continental Army, advancing to the rank of major general in May 1776. He was awarded a congressional gold medal for his \u201cbrave and successful efforts\u201d leading to the surrender of General John Burgoyne and his whole army at Saratoga in October 1777. But his reputation was ruined by his defeat at Camden in 1780. \u201cWas there ever so precipitous a flight?\u201d jested Alexander Hamilton about Gates\u2019s hasty retreat. \u201cIt does admirable credit to the activity of a man at his time of life.\u201d\nNacido en Maldon, Inglaterra\nEl oficial del ej\u00e9rcito ingl\u00e9s Horatio Gates luch\u00f3 en la Guerra Franco-Ind\u00edgena (1754\u201363) y ascendi\u00f3 al rango de mayor antes de que la paz frenara su progreso. Frustrado, Gates renunci\u00f3 al ej\u00e9rcito e inmigr\u00f3 a Norteam\u00e9rica. En 1773 compr\u00f3 una plantaci\u00f3n de 659 acres en la actual Virginia Occidental y all\u00ed tuvo trabajadores esclavizados.\nAl estallar la Guerra de Independencia, Gates se uni\u00f3 al Ej\u00e9rcito Continental, ascendiendo al rango de mayor general en mayo de 1776. Recibi\u00f3 una medalla congresional de oro por sus \u201cgestiones valientes y exitosas\u201d para conseguir la rendici\u00f3n del general John Burgoyne y todo su ej\u00e9rcito en Saratoga en octubre de 1777. Pero su fama qued\u00f3 arruinada por su derrota en Camden en 1780. \u201c\u00bfSe ha visto antes huida tan precipitada?\u201d, brome\u00f3 Alexander Hamilton sobre la veloz retirada de Gates. \u201cEso habla muy bien de la condici\u00f3n f\u00edsica de un hombre de sus a\u00f1os\u201d."", ""Provenance"": ""Estate of Isabelle Middleton Hanchin; (another New York dealer); (Kennedy Galleries, Inc., New York); purchased with gift from Lawrence A. Fleischman 1969.""}","{""Type"": ""Painting""}","{""Medium"": ""Oil on canvas"", ""Dimensions"": ""Stretcher: 58.4 x 48.3 x 2.5cm (23 x 19 x 1\"")\nFrame: 77.5 x 67.3 x 5.1cm (30 1/2 x 26 1/2 x 2\"")""}",,,"{""Topic"": ""Costume\\Dress Accessory\\Epaulet\nHoratio Gates: Male\nHoratio Gates: Politics and Government\\Government official\\State Legislator\\New York\nHoratio Gates: Military and Intelligence\\Army\\Officer\\Revolutionary War\nHoratio Gates: Civilian awards\\Congressional Gold Medal\nPortrait""}","[""1770s"", ""1780s""]","[""United States. Army"", ""Peale, Charles Willson"", ""Peale, James"", ""Gates, Horatio""]","[""Paintings""]","[""New York"", ""United States""]","[""Legislators"", ""Congressional Gold Medal"", ""Government"", ""Dress accessories"", ""Portraits"", ""Civilian awards"", ""Costume"", ""Military and Intelligence"", ""Men"", ""Public officers"", ""American Revolution (1775-1783)"", ""Politics"", ""Officer""]",1,"[""https://ids.si.edu/ids/deliveryService?id=NPG-NPG_69_50""]","https://ids.si.edu/ids/iiif/NPG-NPG_69_50/full/250,/0/default.jpg",Horatio Gates,James Peale,1782,men,
3143,https://collections.si.edu/search/detail/edanmdm:npg_NPG.69.30,NPG,edanmdm:npg_NPG.69.30,Benjamin Franklin,"{""Credit Line"": ""National Portrait Gallery, Smithsonian Institution""}","{""Date"": ""1777""}","{""Object number"": ""NPG.69.30""}","{""Artist"": ""Johann Martin Will, 1727 - 1806"", ""Copy after"": ""Charles Nicholas Cochin, 1715 - 1790"", ""Sitter"": ""Benjamin Franklin, 17 Jan 1706 - 17 Apr 1790""}",,"{""Type"": ""Print""}","{""Medium"": ""Mezzotint on paper"", ""Dimensions"": ""Image: 30.1 x 23.5 cm (11 7/8 x 9 1/4\"")""}",,,"{""Topic"": ""Printed Material\\Book\nCostume\\Dress Accessory\\Eyeglasses\nHome Furnishings\\Furniture\\Desk\nEquipment\\Drafting & Writing Implements\\Writing implement\\Pen\\Quill\nCostume\\Headgear\\Hat\\Fur\nBenjamin Franklin: Male\nBenjamin Franklin: Arts and Culture\\Literature\\Writer\nBenjamin Franklin: Politics and Government\\Statesman\\Colonial statesman\nBenjamin Franklin: Politics and Government\\Government official\\Congressman\\Continental congressman\nBenjamin Franklin: Politics and Government\\Statesman\\Colonial statesman\\Signer of Declaration\nBenjamin Franklin: Science and Technology\\Scientist\nBenjamin Franklin: Politics and Government\\Diplomat\nBenjamin Franklin: Social Welfare and Reform\\Philanthropist\nBenjamin Franklin: Science and Technology\\Inventor\nBenjamin Franklin: Business and Finance\\Tradesman\\Printer\nBenjamin Franklin: Politics and Government\\Government official\\Postmaster\nPortrait""}","[""1770s""]","[""Will, Johann Martin"", ""Cochin, Charles Nicholas"", ""Franklin, Benjamin""]","[""Prints""]",,"[""Social Welfare and Reform"", ""Business and Finance"", ""Legislators"", ""Books and reading"", ""Arts and Culture"", ""Writers"", ""Dress accessories"", ""Quill"", ""Home Furnishings"", ""Printer"", ""Eyeglasses"", ""Printed Material"", ""Colonial statesman"", ""Statesman"", ""Signer of Declaration"", ""Public officers"", ""Diplomats"", ""Literature"", ""Congressmen"", ""Government"", ""Diplomacy"", ""Portraits"", ""Tradesman"", ""Drafting & Writing Implements"", ""Furnishings"", ""Headgear"", ""Continental congressman"", ""Science and Technology"", ""Inventors"", ""Costume"", ""Men"", ""Philanthropists"", ""Hats"", ""Politics"", ""Scientists"", ""Pens"", ""Postmasters""]",1,"[""https://ids.si.edu/ids/deliveryService?id=NPG-NPG_69_30_int-000001""]","https://ids.si.edu/ids/iiif/NPG-NPG_69_30_int-000001/full/250,/0/default.jpg",Benjamin Franklin,Johann Martin Will,1777,men,Writers
3145,https://collections.si.edu/search/detail/edanmdm:npg_NPG.67.9,NPG,edanmdm:npg_NPG.67.9,Thomas Jefferson,"{""Credit Line"": ""National Portrait Gallery, Smithsonian Institution""}","{""Date"": ""1798-99""}","{""Object number"": ""NPG.67.9""}","{""Artist"": ""Michel Sokolnicki, 1760 - 1816"", ""Copy after"": ""Tadeusz Kosciuszko, 12 Feb 1746 - 15 Oct 1817"", ""Sitter"": ""Thomas Jefferson, 13 Apr 1743 - 4 Jul 1826""}",,"{""Type"": ""Print""}","{""Medium"": ""Color aquatint on paper"", ""Dimensions"": ""Image: 24.7 x 20.6 cm (9 3/4 x 8 1/8\"")\nSheet: 26.7 x 22.2 cm (10 1/2 x 8 3/4\"")\nMat: 71.1 x 55.9 cm (28 x 22\"")""}",,,"{""Topic"": ""Nature & Environment\\Plant\\Wreath\\Laurel wreath\nThomas Jefferson: Male\nThomas Jefferson: Law and Crime\\Lawyer\nThomas Jefferson: Politics and Government\\Government official\\Congressman\\Continental congressman\nThomas Jefferson: Politics and Government\\Statesman\\Colonial statesman\\Signer of Declaration\nThomas Jefferson: Politics and Government\\Vice-President of US\nThomas Jefferson: Business and Finance\\Natural resources commerce\\Agriculturist\\Farmer\nThomas Jefferson: Arts and Culture\\Visual Arts\\Architect\nThomas Jefferson: Politics and Government\\Government official\\President of US\nThomas Jefferson: Politics and Government\\Government official\\Cabinet member\\Secretary of State\nThomas Jefferson: Politics and Government\\Diplomat\\Minister\nThomas Jefferson: Science and Technology\\Inventor\nThomas Jefferson: Politics and Government\\Government official\\US Congressman\\Virginia\nThomas Jefferson: Politics and Government\\Government official\\Governor\\Virginia\nThomas Jefferson: Arts and Culture\\Education and Scholarship\\Founder\\University\nPortrait""}","[""1790s""]","[""Sokolnicki, Michel"", ""Kosciuszko, Tadeusz"", ""Jefferson, Thomas""]","[""Prints""]","[""United States"", ""Virginia""]","[""Business and Finance"", ""Legislators"", ""Art"", ""Arts and Culture"", ""Architects"", ""Natural resources commerce"", ""Secretary of State"", ""Governors"", ""Founder"", ""Universities"", ""Colonial statesman"", ""Statesman"", ""Signer of Declaration"", ""Public officers"", ""Vice-Presidents"", ""Diplomats"", ""Presidents"", ""Minister"", ""Nature"", ""Wreath"", ""Cabinet member"", ""Congressmen"", ""Farmers"", ""Government"", ""Diplomacy"", ""Portraits"", ""Ecology"", ""Lawyers"", ""Plants"", ""Laurel wreath"", ""Continental congressman"", ""Science and Technology"", ""Agriculturists"", ""Inventors"", ""Men"", ""Law and Crime"", ""Politics"", ""Education and Scholarship""]",1,"[""https://ids.si.edu/ids/deliveryService?id=NPG-NPG_67_9Jefferson-000001""]","https://ids.si.edu/ids/iiif/NPG-NPG_67_9Jefferson-000001/full/250,/0/default.jpg",Thomas Jefferson,Michel Sokolnicki,1798,men,
3147,https://collections.si.edu/search/detail/edanmdm:npg_NPG.67.54,NPG,edanmdm:npg_NPG.67.54,John Paul Jones,"{""Credit Line"": ""National Portrait Gallery, Smithsonian Institution""}","{""Date"": ""c. 1779""}","{""Object number"": ""NPG.67.54""}","{""Artist"": ""Johann Elias Haid, 1739 - 1809"", ""Sitter"": ""John Paul Jones, 6 Jul 1747 - 18 Jul 1792""}",,"{""Type"": ""Print""}","{""Medium"": ""Mezzotint on paper"", ""Dimensions"": ""Image: 30.5 x 24.4cm (12 x 9 5/8\"")\nSheet: 34.3 x 24.6cm (13 1/2 x 9 11/16\"")""}",,,"{""Topic"": ""Exterior\\Waterscape\\Seascape\nWeapon\\Sword\nCostume\\Headgear\\Hat\\Tricorne\nEquipment\\Optical Devices\\Telescope\nVehicle\\Boat\nJohn Paul Jones: Male\nJohn Paul Jones: Politics and Government\\Government official\nJohn Paul Jones: Military and Intelligence\\Navy\\Officer\nJohn Paul Jones: Civilian awards\\Congressional Gold Medal\nPortrait""}","[""1770s"", ""1780s""]","[""United States. Navy"", ""Jones, John Paul"", ""Haid, Johann Elias""]","[""Exterior views"", ""Prints""]",,"[""Optical Devices"", ""Congressional Gold Medal"", ""Boats and boating"", ""Government"", ""Portraits"", ""Civilian awards"", ""Waterscapes"", ""Headgear"", ""Tricorne"", ""Vehicles"", ""Weapons"", ""Swords"", ""Costume"", ""Military and Intelligence"", ""Seascape"", ""Men"", ""Telescopes"", ""Public officers"", ""Hats"", ""Politics"", ""Officer""]",1,"[""https://ids.si.edu/ids/deliveryService?id=NPG-NPG_67_54_inex""]","https://ids.si.edu/ids/iiif/NPG-NPG_67_54_inex/full/250,/0/default.jpg",John Paul Jones,Johann Elias Haid,1779,men,
3148,https://collections.si.edu/search/detail/edanmdm:npg_NPG.67.26,NPG,edanmdm:npg_NPG.67.26,Nathanael Greene,"{""Credit Line"": ""National Portrait Gallery, Smithsonian Institution""}","{""Date"": ""1785""}","{""Object number"": ""NPG.67.26""}","{""Artist"": ""Valentine Green, 1739 - 1813"", ""Copy after"": ""Charles Willson Peale, 15 Apr 1741 - 22 Feb 1827"", ""Sitter"": ""Nathanael Greene, 7 Aug 1742 - 19 Jun 1786""}",,"{""Type"": ""Print""}","{""Medium"": ""Mezzotint on paper"", ""Dimensions"": ""Image: 50.1 x 35.2 cm (19 3/4 x 13 7/8\"")\nSheet: 53 x 35.2 cm (20 7/8 x 13 7/8\"")""}",,,"{""Topic"": ""Weapon\\Gun\\Rifle\nWeapon\\Sword\nNature & Environment\\Animal\\Horse\nCostume\\Dress Accessory\\Epaulet\nSymbols & Motifs\\Flag\nExterior\\Forest\nHuman Figures\\Soldier\nNathanael Greene: Male\nNathanael Greene: Military and Intelligence\\Army\\Officer\\Revolutionary War\nNathanael Greene: Military and Intelligence\\Army\\Officer\\General\nNathanael Greene: Business and Finance\\Businessperson\\Industrialist\\Manufacturer\\Iron\nNathanael Greene: Civilian awards\\Congressional Gold Medal\nPortrait""}","[""1780s""]","[""United States. Army"", ""Green, Valentine"", ""Peale, Charles Willson"", ""Greene, Nathanael""]","[""Exterior views"", ""Prints""]",,"[""Business and Finance"", ""Soldiers"", ""Businessperson"", ""Dress accessories"", ""Industrialist"", ""Iron"", ""Symbols & Motifs"", ""Human Figures"", ""Weapons"", ""Swords"", ""Military and Intelligence"", ""Manufacturer"", ""American Revolution (1775-1783)"", ""Rifle"", ""Nature"", ""Congressional Gold Medal"", ""Portraits"", ""Ecology"", ""Forests and forestry"", ""Firearms"", ""Flags"", ""Civilian awards"", ""Animals"", ""Costume"", ""Men"", ""Horses"", ""Officer""]",1,"[""https://ids.si.edu/ids/deliveryService?id=NPG-NPG_67_26Greene-000001""]","https://ids.si.edu/ids/iiif/NPG-NPG_67_26Greene-000001/full/250,/0/default.jpg",Nathanael Greene,Valentine Green,1785,Men,
3149,https://collections.si.edu/search/detail/edanmdm:npg_NPG.67.25,NPG,edanmdm:npg_NPG.67.25,George Washington,"{""Credit Line"": ""National Portrait Gallery, Smithsonian Institution""}","{""Date"": ""1785""}","{""Object number"": ""NPG.67.25""}","{""Artist"": ""Valentine Green, 1739 - 1813"", ""Copy after"": ""Charles Willson Peale, 15 Apr 1741 - 22 Feb 1827"", ""Sitter"": ""George Washington, 22 Feb 1732 - 14 Dec 1799""}","{""Exhibition Label"": ""Born Westmoreland County, Virginia\nIn December 1783, Charles Willson Peale wrote to fellow artist Benjamin West in London, asking advice for getting two full-length oil portraits\u2014including one of George Washington\u2014made into prints. Frustrated by the lack of skilled craftsmen and printers in the American colonies as well as proper supplies, he turned to England\u2019s thriving printmaking industry to reproduce his portrait of the first president for wider audiences. A friend transported Peale\u2019s work to London, where publisher John Brown commissioned English painter and illustrator Thomas Stothard to make drawings after the portraits. The prominent engraver Valentine Green then made mezzotints from Stothard\u2019s drawings.\nWhen Peale received Green\u2019s mezzotints of Washington, he discovered that his original composition had been altered and his name misspelled\nin the caption. The technical sophistication of the mezzotint, however, far surpassed anything that was being produced in the United States at that time.\nNacido en Westmoreland County, Virginia\nEn diciembre de 1783, Charles Willson Peale consult\u00f3 a su colega artista Benjamin West en Londres para ver c\u00f3mo pod\u00eda encargar grabados de dos retratos al \u00f3leo de cuerpo entero, uno de ellos de George Washington. Frustrado por la falta de artesanos e impresores diestros as\u00ed como de materiales apropiados en las colonias norteamericanas, Peale recurri\u00f3 a la floreciente industria gr\u00e1fica de Inglaterra a fin de reproducir su retrato del primer presidente para un p\u00fablico m\u00e1s amplio. La obra fue llevada por un amigo de Peale a Londres, donde el pintor e ilustrador Thomas Stothard cre\u00f3 los dibujos por encargo del editor John Brown. El prominente grabador Valentine Green hizo las mezzotintas a base de los dibujos.\nCuando Peale recibi\u00f3 los grabados de Washington, descubri\u00f3 que hab\u00edan alterado su composici\u00f3n original y su nombre aparec\u00eda mal escrito en la leyenda. Sin embargo, la perfecci\u00f3n t\u00e9cnica de la mezzotinta superaba por mucho todo lo que se produc\u00eda en Estados Unidos en aquel momento.""}","{""Type"": ""Print""}","{""Medium"": ""Mezzotint on paper"", ""Dimensions"": ""Sheet: 51.5 x 36.9 cm (20 1/4 x 14 1/2\"")""}",,,"{""Topic"": ""Weapon\\Sword\nNature & Environment\\Animal\\Horse\nWeapon\\Cannon\nGeorge Washington: Male\nGeorge Washington: Military and Intelligence\\Army\\Officer\\Revolutionary War\nGeorge Washington: Politics and Government\\Statesman\\Colonial statesman\nGeorge Washington: Business and Finance\\Natural resources commerce\\Agriculturist\\Farmer\nGeorge Washington: Military and Intelligence\\Army\\Officer\\General\nGeorge Washington: Politics and Government\\Government official\\President of US\nGeorge Washington: Science and Technology\\Surveyor\nGeorge Washington: Civilian awards\\Congressional Gold Medal\nPortrait""}","[""1780s""]","[""United States. Army"", ""Green, Valentine"", ""Washington, George"", ""Peale, Charles Willson""]","[""Prints""]","[""United States""]","[""Business and Finance"", ""Cannon"", ""Natural resources commerce"", ""Colonial statesman"", ""Weapons"", ""Statesman"", ""Swords"", ""Military and Intelligence"", ""American Revolution (1775-1783)"", ""Public officers"", ""Presidents"", ""Nature"", ""Congressional Gold Medal"", ""Farmers"", ""Government"", ""Portraits"", ""Ecology"", ""Civilian awards"", ""Science and Technology"", ""Animals"", ""Agriculturists"", ""Surveyors"", ""Men"", ""Horses"", ""Politics"", ""Officer""]",1,"[""https://ids.si.edu/ids/deliveryService?id=NPG-NPG_67_25Washington-000001""]","https://ids.si.edu/ids/iiif/NPG-NPG_67_25Washington-000001/full/250,/0/default.jpg",George Washington,Valentine Green,1785,men,
3151,https://collections.si.edu/search/detail/edanmdm:npg_NPG.67.1,NPG,edanmdm:npg_NPG.67.1,Charles Cotesworth Pinckney,"{""Credit Line"": ""National Portrait Gallery, Smithsonian Institution; frame conserved with funds from the Smithsonian Women's Committee""}","{""Date"": ""c. 1773""}","{""Object number"": ""NPG.67.1""}","{""Artist"": ""Henry Benbridge, 20 Oct 1743 - 25 Jan 1812"", ""Sitter"": ""Charles Cotesworth Pinckney, 25 Feb 1746 - 25 Aug 1825""}","{""Exhibition Label"": ""Born Charles Town (now Charleston), South Carolina\nCharles Cotesworth Pinckney was a leading South Carolina lawyer, military figure, and statesman, whose wealth stemmed from the labor of those he enslaved on his rice plantations. Educated in England, he was an active participant in the colonial government and served in the royal militia before siding with the rebels and becoming a captain in the Continental Army.\nAround 1773, Henry Benbridge portrayed Pinckney in a red British uniform coat. Pinckney later asked the artist to repaint the garment\u2019s color to represent his new allegiance. Traces of red remain visible along the edges of the sitter\u2019s left sleeve.\nAfter the Revolution, Pinckney served as a delegate to the Constitutional Convention of 1787. When Northern delegates argued that the Constitution should ban the import of African people, he proposed the compromise that allowed it to continue for another twenty years, until 1808.\nNacido en Charles Town (hoy Charleston), Carolina del Sur\nCharles Cotesworth Pinckney era un prominente abogado, militar y estadista de Carolina del Sur cuya riqueza proven\u00eda del trabajo de personas esclavizadas en sus plantaciones de arroz. Educado en Inglaterra, particip\u00f3 activamente en el gobierno colonial y sirvi\u00f3 en la milicia real antes de aliarse a los rebeldes y ser capit\u00e1n en el Ej\u00e9rcito Continental.\nHacia 1773, Henry Benbridge lo retrat\u00f3 con la casaca roja del uniforme brit\u00e1nico. Luego Pinckney pidi\u00f3 al artista que repintara la ropa para reflejar su nueva filiaci\u00f3n. En los bordes de la manga izquierda a\u00fan pueden verse rastros del rojo.\nTras la Revoluci\u00f3n, Pinckney fue delegado a la Convenci\u00f3n Constitucional de 1787. Cuando los delegados del norte alegaron que la Constituci\u00f3n deb\u00eda prohibir la importaci\u00f3n de personas africanas, Pinckney propuso un t\u00e9rmino medio que permiti\u00f3 continuar la pr\u00e1ctica 20 a\u00f1os m\u00e1s, hasta 1808."", ""Provenance"": ""(Kennedy Galleries, New York); purchased 1967 NPG.""}","{""Type"": ""Painting""}","{""Medium"": ""Oil on canvas"", ""Dimensions"": ""Stretcher: 76.7 x 64 x 3.8cm (30 3/16 x 25 3/16 x 1 1/2\"")\nFrame: 92.7 x 79.4 x 6.7cm (36 1/2 x 31 1/4 x 2 5/8\"")""}",,,"{""Topic"": ""Costume\\Headgear\\Military\nExterior\\Forest\nCharles Cotesworth Pinckney: Male\nCharles Cotesworth Pinckney: Law and Crime\\Lawyer\nCharles Cotesworth Pinckney: Politics and Government\\Presidential candidate\nCharles Cotesworth Pinckney: Military and Intelligence\\Army\\Officer\\Revolutionary War\nCharles Cotesworth Pinckney: Politics and Government\\Diplomat\nCharles Cotesworth Pinckney: Military and Intelligence\\Army\\Officer\\General\nCharles Cotesworth Pinckney: Politics and Government\\Diplomat\\Minister\nCharles Cotesworth Pinckney: Politics and Government\\Government official\\US Congressman\\South Carolina\nCharles Cotesworth Pinckney: Politics and Government\\Government official\\Governor\\South Carolina\nCharles Cotesworth Pinckney: Politics and Government\\Statesman\\Signer of Constitution\nCharles Cotesworth Pinckney: Politics and Government\\Government official\\State Senator\\South Carolina\nCharles Cotesworth Pinckney: Military and Intelligence\\Prisoner of War\nPortrait""}","[""1770s""]","[""United States. Army"", ""Pinckney, Charles Cotesworth"", ""Benbridge, Henry""]","[""Paintings"", ""Exterior views""]","[""United States"", ""South Carolina""]","[""Presidential candidate"", ""Legislators"", ""Governors"", ""Statesman"", ""Military and Intelligence"", ""American Revolution (1775-1783)"", ""Public officers"", ""Diplomats"", ""Minister"", ""Military"", ""Congressmen"", ""Government"", ""Diplomacy"", ""Portraits"", ""Forests and forestry"", ""Lawyers"", ""Headgear"", ""Signer of Constitution"", ""Costume"", ""Men"", ""Senators"", ""Law and Crime"", ""Politics"", ""Prisoner of War"", ""Officer""]",1,"[""https://ids.si.edu/ids/deliveryService?id=NPG-NPG_67_1Pinckney_d1""]","https://ids.si.edu/ids/iiif/NPG-NPG_67_1Pinckney_d1/full/250,/0/default.jpg",Charles Cotesworth Pinckney,Henry Benbridge,1773,men,
3154,https://collections.si.edu/search/detail/edanmdm:npg_NPG.66.30,NPG,edanmdm:npg_NPG.66.30,Alexander Hamilton,"{""Credit Line"": ""National Portrait Gallery, Smithsonian Institution""}","{""Date"": ""1794""}","{""Object number"": ""NPG.66.30""}","{""Artist"": ""Giuseppe Ceracchi, 4 Jul 1751 - 31 Jan 1801"", ""Sitter"": ""Alexander Hamilton, 11 Jan 1757 - 11 Jul 1804""}","{""Provenance"": ""(M. Knoedler & Co., Inc.), New York; purchased NPG 1966""}","{""Type"": ""Sculpture""}","{""Medium"": ""Marble"", ""Dimensions"": ""With Socle: 57.2 \u00d7 30.5 \u00d7 26.7 cm (22 1/2 \u00d7 12 \u00d7 10 1/2\"")\nBase diameter: 17.8 cm (7\"")""}",,,"{""Topic"": ""Alexander Hamilton: Male\nAlexander Hamilton: Law and Crime\\Lawyer\nAlexander Hamilton: Arts and Culture\\Literature\\Writer\nAlexander Hamilton: Military and Intelligence\\Army\\Officer\\Revolutionary War\nAlexander Hamilton: Politics and Government\\Government official\\Cabinet member\\Secretary of Treasury\nAlexander Hamilton: Politics and Government\\Government official\\Congressman\\Continental congressman\nPortrait""}","[""1790s""]","[""United States. Army"", ""Hamilton, Alexander"", ""Ceracchi, Giuseppe""]","[""Sculpture""]",,"[""Legislators"", ""Cabinet member"", ""Arts and Culture"", ""Literature"", ""Congressmen"", ""Writers"", ""Government"", ""Portraits"", ""Lawyers"", ""Continental congressman"", ""Military and Intelligence"", ""Men"", ""Secretary of Treasury"", ""American Revolution (1775-1783)"", ""Public officers"", ""Law and Crime"", ""Politics"", ""Officer""]",4,"[""https://ids.si.edu/ids/deliveryService?id=NPG-NPG_66_30Hamiltonv1_int"", ""https://ids.si.edu/ids/deliveryService?id=NPG-NPG_66_30Hamiltonv2_int"", ""https://ids.si.edu/ids/deliveryService?id=NPG-NPG_66_30Hamiltonv3_int"", ""https://ids.si.edu/ids/deliveryService?id=NPG-NPG_66_30Hamiltonv4_int""]","https://ids.si.edu/ids/iiif/NPG-NPG_66_30Hamiltonv1_int/full/250,/0/default.jpg",Alexander Hamilton,Giuseppe Ceracchi,1794,men,Writers
3156,https://collections.si.edu/search/detail/edanmdm:npg_NPG.66.13,NPG,edanmdm:npg_NPG.66.13,Benjamin Franklin,"{""Credit Line"": ""National Portrait Gallery, Smithsonian Institution""}","{""Date"": ""1777""}","{""Object number"": ""NPG.66.13""}","{""Artist"": ""Jean-Baptiste Nini, 1717 - 1786"", ""Copy after"": ""Thomas Walpole, 1755 - 1840"", ""Sitter"": ""Benjamin Franklin, 17 Jan 1706 - 17 Apr 1790""}","{""Provenance"": ""(William H. Schab, Rare Books, Manuscripts, Prints & Drawings); purchased NPG 1966""}","{""Type"": ""Sculpture""}","{""Medium"": ""Terra-cotta medallion"", ""Dimensions"": ""9.5 \u00d7 1.6 cm (3 3/4 \u00d7 5/8\"")""}",,,"{""Topic"": ""Costume\\Dress Accessory\\Eyeglasses\nCostume\\Headgear\\Hat\\Fur\nMedallion\nBenjamin Franklin: Male\nBenjamin Franklin: Arts and Culture\\Literature\\Writer\nBenjamin Franklin: Politics and Government\\Statesman\\Colonial statesman\nBenjamin Franklin: Politics and Government\\Government official\\Congressman\\Continental congressman\nBenjamin Franklin: Politics and Government\\Statesman\\Colonial statesman\\Signer of Declaration\nBenjamin Franklin: Science and Technology\\Scientist\nBenjamin Franklin: Politics and Government\\Diplomat\nBenjamin Franklin: Social Welfare and Reform\\Philanthropist\nBenjamin Franklin: Science and Technology\\Inventor\nBenjamin Franklin: Business and Finance\\Tradesman\\Printer\nBenjamin Franklin: Politics and Government\\Government official\\Postmaster\nPortrait""}","[""1770s""]","[""Nini, Jean-Baptiste"", ""Franklin, Benjamin"", ""Walpole, Thomas""]","[""Sculpture""]",,"[""Social Welfare and Reform"", ""Business and Finance"", ""Legislators"", ""Arts and Culture"", ""Writers"", ""Dress accessories"", ""Printer"", ""Eyeglasses"", ""Colonial statesman"", ""Statesman"", ""Signer of Declaration"", ""Public officers"", ""Diplomats"", ""Fur"", ""Literature"", ""Congressmen"", ""Government"", ""Diplomacy"", ""Portraits"", ""Tradesman"", ""Headgear"", ""Continental congressman"", ""Science and Technology"", ""Inventors"", ""Costume"", ""Medallion"", ""Men"", ""Philanthropists"", ""Hats"", ""Politics"", ""Scientists"", ""Postmasters""]",1,"[""https://ids.si.edu/ids/deliveryService?id=NPG-NPG_66_13FranklinMedallion_int""]","https://ids.si.edu/ids/iiif/NPG-NPG_66_13FranklinMedallion_int/full/250,/0/default.jpg",Benjamin Franklin,Jean-Baptiste Nini,1777,men,Writers
3157,https://collections.si.edu/search/detail/edanmdm:npg_NPG.66.12,NPG,edanmdm:npg_NPG.66.12,Benjamin Franklin,"{""Credit Line"": ""National Portrait Gallery, Smithsonian Institution""}","{""Date"": ""1777""}","{""Object number"": ""NPG.66.12""}","{""Artist"": ""Jean-Baptiste Nini, 1717 - 1786"", ""Sitter"": ""Benjamin Franklin, 17 Jan 1706 - 17 Apr 1790""}","{""Provenance"": ""(William H. Schab, Rare Books, Manuscripts, Prints & Drawings); purchased NPG 1966""}","{""Type"": ""Sculpture""}","{""Medium"": ""Terra-cotta medallion"", ""Dimensions"": ""11.4 \u00d7 1.9 cm (4 1/2 \u00d7 3/4\"")""}",,,"{""Topic"": ""Costume\\Headgear\\Hat\\Fur\nMedallion\nBenjamin Franklin: Male\nBenjamin Franklin: Arts and Culture\\Literature\\Writer\nBenjamin Franklin: Politics and Government\\Statesman\\Colonial statesman\nBenjamin Franklin: Politics and Government\\Government official\\Congressman\\Continental congressman\nBenjamin Franklin: Politics and Government\\Statesman\\Colonial statesman\\Signer of Declaration\nBenjamin Franklin: Science and Technology\\Scientist\nBenjamin Franklin: Politics and Government\\Diplomat\nBenjamin Franklin: Social Welfare and Reform\\Philanthropist\nBenjamin Franklin: Science and Technology\\Inventor\nBenjamin Franklin: Business and Finance\\Tradesman\\Printer\nBenjamin Franklin: Politics and Government\\Government official\\Postmaster\nPortrait""}","[""1770s""]","[""Nini, Jean-Baptiste"", ""Franklin, Benjamin""]","[""Sculpture""]",,"[""Social Welfare and Reform"", ""Business and Finance"", ""Legislators"", ""Arts and Culture"", ""Writers"", ""Printer"", ""Colonial statesman"", ""Statesman"", ""Signer of Declaration"", ""Public officers"", ""Diplomats"", ""Fur"", ""Literature"", ""Congressmen"", ""Government"", ""Diplomacy"", ""Portraits"", ""Tradesman"", ""Headgear"", ""Continental congressman"", ""Science and Technology"", ""Inventors"", ""Costume"", ""Medallion"", ""Men"", ""Philanthropists"", ""Hats"", ""Politics"", ""Scientists"", ""Postmasters""]",1,"[""https://ids.si.edu/ids/deliveryService?id=NPG-NPG_66_12Franklin_int""]","https://ids.si.edu/ids/iiif/NPG-NPG_66_12Franklin_int/full/250,/0/default.jpg",Benjamin Franklin,Jean-Baptiste Nini,1777,men,Writers
3158,https://collections.si.edu/search/detail/edanmdm:npg_NPG.65.59,NPG,edanmdm:npg_NPG.65.59,George Washington,"{""Credit Line"": ""National Portrait Gallery, Smithsonian Institution; transfer from the National Gallery of Art; gift of the A.W. Mellon Educational and Charitable Trust, 1942""}","{""Date"": ""1795""}","{""Object number"": ""NPG.65.59""}","{""Artist"": ""Rembrandt Peale, 22 Feb 1778 - 3 Oct 1860"", ""Sitter"": ""George Washington, 22 Feb 1732 - 14 Dec 1799""}","{""Exhibition Label"": ""In 1795, the Philadelphia artist Charles Willson Peale persuaded President George Washington to pose for his seventeen-year-old son Rembrandt, who wanted to paint the president\u2019s portrait. Upon learning that Rembrandt was joined in the painting room by his father, his brother Raphaelle, and his Uncle James (all artists), Gilbert Stuart quipped that the president was in danger of being \u201cPealed all around.\u201d Rembrandt Peale\u2019s original life portrait is now in the collection of the Historical Society of Pennsylvania. He once stated that he had painted ten replicas, but only two are known\u2014this example and one in the collection of the Detroit Institute of Arts.\nEn 1795, el artista Charles Willson Peale, radicado en Filadelfia, persuadi\u00f3 al presidente George Washington de que posara para su hijo Rembrandt, de diecisiete a\u00f1os de edad, quien quer\u00eda pintarle un retrato. Al enterarse de que en el estudio estaban presentes tambi\u00e9n el padre del joven, su hermano Raphaelle y su t\u00edo James (artistas todos), Gilbert Stuart coment\u00f3 en tono jocoso que el president estaba en peligro de que lo \u201cpelaran por completo\u201d (un juego de palabras con la palabra inglesa \u201cpeal\u201d (pelar) y el apellido de los pintores). El retrato del natural realizado por Rembrandt Peale se encuentra ahora en la colecci\u00f3n de la Sociedad Hist\u00f3rica de Pensilvania. En alg\u00fan momento Peale afirm\u00f3 que hab\u00eda pintado diez r\u00e9plicas, pero solo se conocen dos: este ejemplar y el de la colecci\u00f3n del Detroit Institute of Arts.\nRembrandt Peale (1778\u20131860)"", ""Provenance"": ""Henry William de Saussure [1763-1839]; by descent to his son [? grandson?] John De Saussure; purchased 1877 George L. Sanderson, Antes Fort, Pennsylvania [d. 1907]; his daughter Mrs. Sanderson Cotter; via (Jonce Irwin McGurk [1875-1947], New York) bought 27 December 1917 by Thomas B. Clarke, [1848-1931], New York; (M. Knoedler & Co., New York); purchased 1936 by The A. W. Mellon Educational and Charitable Trus, Pittsburgh; gift 1942 to NGA; transferred 1965 to NPG.""}","{""Type"": ""Painting""}","{""Medium"": ""Oil on canvas"", ""Dimensions"": ""Stretcher: 75.6 x 64.5 x 3.2cm (29 3/4 x 25 3/8 x 1 1/4\"")\nFrame: 94.9 x 83.8 x 9.5cm (37 3/8 x 33 x 3 3/4\"")""}",,,"{""Topic"": ""George Washington: Male\nGeorge Washington: Military and Intelligence\\Army\\Officer\\Revolutionary War\nGeorge Washington: Politics and Government\\Statesman\\Colonial statesman\nGeorge Washington: Business and Finance\\Natural resources commerce\\Agriculturist\\Farmer\nGeorge Washington: Military and Intelligence\\Army\\Officer\\General\nGeorge Washington: Politics and Government\\Government official\\President of US\nGeorge Washington: Science and Technology\\Surveyor\nGeorge Washington: Civilian awards\\Congressional Gold Medal\nPortrait""}","[""1790s""]","[""United States. Army"", ""Washington, George"", ""Peale, Rembrandt""]","[""Paintings""]","[""United States""]","[""Business and Finance"", ""Congressional Gold Medal"", ""Farmers"", ""Government"", ""Natural resources commerce"", ""Portraits"", ""Civilian awards"", ""Science and Technology"", ""Colonial statesman"", ""Agriculturists"", ""Statesman"", ""Surveyors"", ""Military and Intelligence"", ""Men"", ""American Revolution (1775-1783)"", ""Public officers"", ""Politics"", ""Presidents"", ""Officer""]",1,"[""https://ids.si.edu/ids/deliveryService?id=NPG-NPG_65_59""]","https://ids.si.edu/ids/iiif/NPG-NPG_65_59/full/250,/0/default.jpg",George Washington,Rembrandt Peale,1795,men,
3160,https://collections.si.edu/search/detail/edanmdm:npg_NPG.65.46,NPG,edanmdm:npg_NPG.65.46,Henry Laurens,"{""Credit Line"": ""National Portrait Gallery, Smithsonian Institution; transfer from the National Gallery of Art; gift of the A.W. Mellon Educational and Charitable Trust, 1942""}","{""Date"": ""1782""}","{""Object number"": ""NPG.65.46""}","{""Artist"": ""Valentine Green, 1739 - 1813"", ""Copy after"": ""John Singleton Copley, 3 Jul 1738 - 9 Sep 1815"", ""Sitter"": ""Henry Laurens, 6 Mar 1724 - 8 Dec 1792""}",,"{""Type"": ""Print""}","{""Medium"": ""Mezzotint on paper"", ""Dimensions"": ""Image: 58.5 x 40.5 cm (23 1/16 x 15 15/16\"")""}",,,"{""Topic"": ""Printed Material\\Document\\Scroll\nWeapon\\Sword\nHome Furnishings\\Furniture\\Carpet\nEquipment\\Drafting & Writing Implements\\Writing implement\\Pen\\Quill\nHenry Laurens: Male\nHenry Laurens: Politics and Government\\Government official\\Congressman\\Continental congressman\nHenry Laurens: Politics and Government\\Government official\nHenry Laurens: Business and Finance\\Businessperson\\Merchant\nHenry Laurens: Military and Intelligence\\Militia\\Officer\nHenry Laurens: Business and Finance\\Natural resources commerce\\Agriculturist\\Planter\nPortrait""}","[""1780s""]","[""Green, Valentine"", ""Copley, John Singleton"", ""Laurens, Henry""]","[""Prints""]",,"[""Business and Finance"", ""Legislators"", ""Merchants"", ""Businessperson"", ""Natural resources commerce"", ""Quill"", ""Home Furnishings"", ""Carpet"", ""Printed Material"", ""Weapons"", ""Swords"", ""Military and Intelligence"", ""Public officers"", ""Military"", ""Congressmen"", ""Government"", ""Scroll"", ""Portraits"", ""Drafting & Writing Implements"", ""Furnishings"", ""Continental congressman"", ""Planter"", ""Agriculturists"", ""Men"", ""Politics"", ""Pens"", ""Officer""]",1,"[""https://ids.si.edu/ids/deliveryService?id=NPG-NPG_65_46""]","https://ids.si.edu/ids/iiif/NPG-NPG_65_46/full/250,/0/default.jpg",Henry Laurens,Valentine Green,1782,men,
3161,https://collections.si.edu/search/detail/edanmdm:npg_NPG.65.45,NPG,edanmdm:npg_NPG.65.45,Henry Laurens,"{""Credit Line"": ""National Portrait Gallery, Smithsonian Institution; transfer from the National Gallery of Art; gift of the A.W. Mellon Educational and Charitable Trust, 1942""}","{""Date"": ""1782""}","{""Object number"": ""NPG.65.45""}","{""Artist"": ""John Singleton Copley, 3 Jul 1738 - 9 Sep 1815"", ""Sitter"": ""Henry Laurens, 6 Mar 1724 - 8 Dec 1792""}","{""Exhibition Label"": ""Born Charles Town (now Charleston), South Carolina\nThis portrait depicts South Carolina statesman Henry Laurens in his capacity as president of the Continental Congress (1777\u201378). Laurens was also a partner in the largest American slave trading company, Austin and Laurens. During the Revolutionary War (1775\u201383), he objected to the British promise to liberate enslaved people who would fight with them. In 1780, the British captured Laurens while he was traveling to Holland to negotiate aid for the revolutionary government. They charged him with high treason and imprisoned him in the Tower of London for fifteen months.\nFollowing Laurens\u2019s release, in April 1782, John Singleton Copley painted this portrait in London. Seven months later, Laurens traveled to Paris, where he signed the treaty ending the Revolutionary War. Protecting his economic interests, Laurens made a last-minute change to the Treaty of Paris to prevent the British Army from \u201ccarrying away\u201d American property\u2014including formerly enslaved people.\nNacido en Charles Town (hoy Charleston), Carolina del Sur\nAqu\u00ed aparece Henry Laurens, estadista de Carolina del Sur, en su car\u00e1cter de presidente del Congreso Continental (1777\u201378). Laurens era tambi\u00e9n socio en la compa\u00f1\u00eda m\u00e1s grande de tr\u00e1fico de esclavos en Estados Unidos: Austin and Laurens. Durante la Guerra de Independencia (1775\u201383) se opuso a la promesa de los brit\u00e1nicos de liberar a los esclavos que lucharan de su lado. En 1780 fue capturado por los brit\u00e1nicos cuando viaj\u00f3 a Holanda a negociar apoyo para el gobierno revolucionario. Lo acusaron de traici\u00f3n a la patria y lo encerraron en la Torre de Londres durante 15 meses.\nTras la liberaci\u00f3n de Laurens en abril de 1782, John Singleton Copley pint\u00f3 este retrato en Londres. Siete meses despu\u00e9s Laurens viaj\u00f3 a Par\u00eds, donde firm\u00f3 el tratado que puso fin a la Guerra de Independencia. Para proteger sus intereses econ\u00f3micos, hizo un cambio de \u00faltima hora al Tratado de Par\u00eds a fin de evitar que el ej\u00e9rcito brit\u00e1nico \u201cse llevara\u201d posesiones americanas, incluidas las personas antes esclavizadas."", ""Provenance"": ""Richard Bagwell [1840-1918], Marlfield House, Clonmel, Ireland; his widow Harriet Bagwell; (Lewis and Simmons, London); sold 29 March 1920 to Thomas B. Clarke [1848-1931], New York; sold as part of Clarke collection through (M. Knoedler and Co., New York) January 29, 1936 to The A. W. Mellon Educational and Charitable Trust, Pittsburgh; gift to National Gallery of Art 1942; transferred 1965 to NPG.""}","{""Type"": ""Painting""}","{""Medium"": ""Oil on canvas"", ""Dimensions"": ""137.5 \u00d7 103 cm (54 1/8 \u00d7 40 9/16\"")\nFrame: 155.9 \u00d7 121.9 \u00d7 9.2 cm (61 3/8 \u00d7 48 \u00d7 3 5/8\"")""}",,,"{""Topic"": ""Printed Material\\Document\nInterior\\Interior with Exterior View\nWeapon\\Sword\nHome Furnishings\\Furniture\\Carpet\nEquipment\\Drafting & Writing Implements\\Writing implement\\Pen\\Quill\nHenry Laurens: Male\nHenry Laurens: Politics and Government\\Government official\\Congressman\\Continental congressman\nHenry Laurens: Politics and Government\\Government official\nHenry Laurens: Business and Finance\\Businessperson\\Merchant\nHenry Laurens: Military and Intelligence\\Militia\\Officer\nHenry Laurens: Business and Finance\\Natural resources commerce\\Agriculturist\\Planter\nPortrait""}","[""1780s""]","[""Copley, John Singleton"", ""Laurens, Henry""]","[""Paintings""]",,"[""Business and Finance"", ""Legislators"", ""Merchants"", ""Businessperson"", ""Natural resources commerce"", ""Quill"", ""Home Furnishings"", ""Carpet"", ""Printed Material"", ""Design"", ""Weapons"", ""Swords"", ""Military and Intelligence"", ""Public officers"", ""Military"", ""Interior with Exterior View"", ""Congressmen"", ""Government"", ""Interior decoration"", ""Portraits"", ""Drafting & Writing Implements"", ""Furnishings"", ""Continental congressman"", ""Planter"", ""Agriculturists"", ""Men"", ""Politics"", ""Pens"", ""Officer""]",1,"[""https://ids.si.edu/ids/deliveryService?id=NPG-NPG_65_45Laurens_d1""]","https://ids.si.edu/ids/iiif/NPG-NPG_65_45Laurens_d1/full/250,/0/default.jpg",Henry Laurens,John Singleton Copley,1782,men,
3166,https://collections.si.edu/search/detail/edanmdm:npg_NPG.2019.32,NPG,edanmdm:npg_NPG.2019.32,James Madison,"{""Credit Line"": ""National Portrait Gallery, Smithsonian Institution; gift from the Trustees of the Corcoran Gallery of Art (Gift of Frederic Edwin Church) The Corcoran Gallery of Art, one of the country\u2019s first private museums, was established in 1869 to promote art and American genius. In 2014 the Works from the Corcoran Collection were distributed to institutions in Washington, D.C.""}","{""Date"": ""1809""}","{""Object number"": ""NPG.2019.32""}","{""Artist"": ""Thomas Sully, 19 Jun 1783 - 5 Nov 1872"", ""Derived from"": ""Gilbert Stuart, 3 Dec 1755 - 9 Jul 1828"", ""Sitter"": ""James Madison, 16 Mar 1751 - 28 Jun 1836""}","{""Provenance"": ""Frederick Edwin Church [1826-1900], New York; Gift to the Corcoran Gallery of Art, 1877; Gift to NPG, 2019.""}","{""Type"": ""Painting""}","{""Medium"": ""Oil on panel"", ""Dimensions"": ""Sight: 68.3 \u00d7 48.6 cm (26 7/8 \u00d7 19 1/8\"")\nPanel: 69.9 \u00d7 49.5 \u00d7 3.8 cm (27 1/2 \u00d7 19 1/2 \u00d7 1 1/2\"")\nFrame: 97.6 \u00d7 78.1 \u00d7 5.7 cm (38 7/16 \u00d7 30 3/4 \u00d7 2 1/4\"")""}",,,"{""Topic"": ""Interior\nHome Furnishings\\Furniture\\Seating\\Chair\nPrinted Material\\Book\nPrinted Material\\Document\nHome Furnishings\\Furniture\\Table\nHome Furnishings\\Drape\nArchitecture\\Column\nEquipment\\Drafting & Writing Implements\\Writing implement\\Pen\\Quill\nHome Furnishings\\Globe\nContainer\\Inkwell\nJames Madison: Male\nJames Madison: Law and Crime\\Lawyer\nJames Madison: Politics and Government\\Government official\\State Legislator\\Virginia\nJames Madison: Politics and Government\\Government official\\Congressman\\Continental congressman\nJames Madison: Politics and Government\\Government official\\President of US\nJames Madison: Politics and Government\\Government official\\Cabinet member\\Secretary of State\nJames Madison: Arts and Culture\\Literature\\Writer\\Essayist\nJames Madison: Politics and Government\\Government official\\US Congressman\\Virginia\nJames Madison: Politics and Government\\Statesman\\Signer of Constitution\nPortrait""}","[""1800s""]","[""Madison, James"", ""Sully, Thomas"", ""Stuart, Gilbert""]","[""Paintings""]","[""United States"", ""Virginia""]","[""Legislators"", ""Books and reading"", ""Arts and Culture"", ""Writers"", ""Containers"", ""Quill"", ""Home Furnishings"", ""Secretary of State"", ""Printed Material"", ""Design"", ""Statesman"", ""Chairs"", ""Column"", ""Seating"", ""Globe"", ""Tables"", ""Public officers"", ""Drape"", ""Presidents"", ""Cabinet member"", ""Inkwell"", ""Congressmen"", ""Literature"", ""Architecture"", ""Government"", ""Interior decoration"", ""Essayist"", ""Portraits"", ""Lawyers"", ""Drafting & Writing Implements"", ""Furnishings"", ""Signer of Constitution"", ""Continental congressman"", ""Men"", ""Law and Crime"", ""Politics"", ""Pens""]",1,"[""https://ids.si.edu/ids/deliveryService?id=NPG-NPG_2019_32-000001""]","https://ids.si.edu/ids/iiif/NPG-NPG_2019_32-000001/full/250,/0/default.jpg",James Madison,Thomas Sully,1809,men,Writers
3172,https://collections.si.edu/search/detail/edanmdm:npg_NPG.2016.16,NPG,edanmdm:npg_NPG.2016.16,George Washington,"{""Credit Line"": ""National Portrait Gallery, Smithsonian Institution; Funded by Wendy Wick Reaves, Curator Emerita of Prints and Drawings""}","{""Date"": ""1787""}","{""Object number"": ""NPG.2016.16""}","{""Artist"": ""Charles Willson Peale, 15 Apr 1741 - 22 Feb 1827"", ""Sitter"": ""George Washington, 22 Feb 1732 - 14 Dec 1799""}","{""Exhibition Label"": ""Born Westmoreland County, Virginia\nCharles Willson Peale sought to capitalize on the public\u2019s interest in the American Revolution (1775\u201383) by portraying some of its key figures in a series of prints. In 1787, when this mezzotint was made, George Washington was presiding over the Constitutional Convention in Philadelphia, where Peale lived. The future president obliged the artist with three portrait sittings that summer, continuing a relationship that they had begun in 1772. Having the opportunity to portray Washington buoyed Peale\u2019s career, while the politician benefited from the artist\u2019s skilled\u2014and timely\u2014representations.\nNacido en Westmoreland County, Virginia\nCharles Willson Peale quiso aprovechar el inter\u00e9s p\u00fablico en la Revoluci\u00f3n Estadounidense (1775\u20131783) retratando a varias de sus figuras clave en una serie de grabados. En 1787, cuando se realiz\u00f3 esta mezzotinta, George Washington presid\u00eda la Convenci\u00f3n Constitucional en Filadelfia, donde viv\u00eda Peale. El futuro presidente accedi\u00f3 a posar tres veces para el artista ese verano, continuando la relaci\u00f3n que hab\u00edan establecido en 1772. La oportunidad de retratar a Washington impuls\u00f3 la carrera de Peale, mientras que el pol\u00edtico se benefici\u00f3 de las excelentes y oportunas efigies.""}","{""Type"": ""Print""}","{""Medium"": ""Mezzotint on paper"", ""Dimensions"": ""Image: 19 \u00d7 15.3 cm (7 1/2 \u00d7 6\"")\nSheet: 24.9 \u00d7 16.4 cm (9 13/16 \u00d7 6 7/16\"")""}",,,"{""Topic"": ""Costume\\Dress Accessory\\Epaulet\nGeorge Washington: Male\nGeorge Washington: Military and Intelligence\\Army\\Officer\\Revolutionary War\nGeorge Washington: Politics and Government\\Statesman\\Colonial statesman\nGeorge Washington: Business and Finance\\Natural resources commerce\\Agriculturist\\Farmer\nGeorge Washington: Military and Intelligence\\Army\\Officer\\General\nGeorge Washington: Politics and Government\\Government official\\President of US\nGeorge Washington: Science and Technology\\Surveyor\nGeorge Washington: Civilian awards\\Congressional Gold Medal\nPortrait""}","[""1780s""]","[""United States. Army"", ""Washington, George"", ""Peale, Charles Willson""]","[""Prints""]","[""United States""]","[""Business and Finance"", ""Congressional Gold Medal"", ""Farmers"", ""Government"", ""Natural resources commerce"", ""Dress accessories"", ""Portraits"", ""Civilian awards"", ""Science and Technology"", ""Colonial statesman"", ""Agriculturists"", ""Statesman"", ""Surveyors"", ""Costume"", ""Military and Intelligence"", ""Men"", ""American Revolution (1775-1783)"", ""Public officers"", ""Politics"", ""Presidents"", ""Officer""]",1,"[""https://ids.si.edu/ids/deliveryService?id=NPG-B6000032B""]","https://ids.si.edu/ids/iiif/NPG-B6000032B/full/250,/0/default.jpg",George Washington,Charles Willson Peale,1787,men,
3179,https://collections.si.edu/search/detail/edanmdm:npg_NPG.2013.44,NPG,edanmdm:npg_NPG.2013.44,Philadelphia Almanack for the Year of Our Lord 1780,"{""Credit Line"": ""National Portrait Gallery, Smithsonian Institution; Alan and Lois Fern Acquisition Fund""}","{""Date"": ""c. 1779""}","{""Object number"": ""NPG.2013.44""}","{""Artist"": ""John Norman, c. 1748 - 1817"", ""Copy after"": ""Charles Willson Peale, 15 Apr 1741 - 22 Feb 1827"", ""Sitter"": ""George Washington, 22 Feb 1732 - 14 Dec 1799""}",,"{""Type"": ""Print""}","{""Medium"": ""Engraving on paper"", ""Dimensions"": ""Sheet: 26.5 \u00d7 19.5cm (10 7/16 \u00d7 7 11/16\"")""}",,,"{""Topic"": ""George Washington: Male\nGeorge Washington: Military and Intelligence\\Army\\Officer\\Revolutionary War\nGeorge Washington: Politics and Government\\Statesman\\Colonial statesman\nGeorge Washington: Business and Finance\\Natural resources commerce\\Agriculturist\\Farmer\nGeorge Washington: Military and Intelligence\\Army\\Officer\\General\nGeorge Washington: Politics and Government\\Government official\\President of US\nGeorge Washington: Science and Technology\\Surveyor\nGeorge Washington: Civilian awards\\Congressional Gold Medal\nPortrait""}","[""1770s"", ""1780s""]","[""United States. Army"", ""Washington, George"", ""Norman, John"", ""Peale, Charles Willson""]","[""Prints""]","[""United States""]","[""Business and Finance"", ""Congressional Gold Medal"", ""Farmers"", ""Government"", ""Natural resources commerce"", ""Portraits"", ""Civilian awards"", ""Science and Technology"", ""Colonial statesman"", ""Agriculturists"", ""Statesman"", ""Surveyors"", ""Military and Intelligence"", ""Men"", ""American Revolution (1775-1783)"", ""Public officers"", ""Politics"", ""Presidents"", ""Officer""]",1,"[""https://ids.si.edu/ids/deliveryService?id=NPG-NPG_2013_44_inex""]","https://ids.si.edu/ids/iiif/NPG-NPG_2013_44_inex/full/250,/0/default.jpg",George Washington,John Norman,1779,men,
3182,https://collections.si.edu/search/detail/edanmdm:npg_NPG.2013.142,NPG,edanmdm:npg_NPG.2013.142,George Washington,"{""Credit Line"": ""National Portrait Gallery, Smithsonian Institution; gift of the McNeil Americana Collection; conserved with funds from the Smithsonian Women's Committee""}","{""Date"": ""c. 1803""}","{""Object number"": ""NPG.2013.142""}","{""Artist"": ""Ellen Wallace Sharples, 1769 - 1849"", ""Copy after"": ""James Sharples, c. 1751 - 1811"", ""Sitter"": ""George Washington, 22 Feb 1732 - 14 Dec 1799""}","{""Provenance"": ""Estate of Robert L. McNeil, Jr.""}","{""Type"": ""Painting""}","{""Medium"": ""Watercolor on ivory"", ""Dimensions"": ""Ivory: 6.4 \u00d7 5.4cm (2 1/2 \u00d7 2 1/8\"")\nFrame: 11.9 \u00d7 10.5cm (4 11/16 \u00d7 4 1/8\"")""}",,,"{""Topic"": ""George Washington: Male\nGeorge Washington: Military and Intelligence\\Army\\Officer\\Revolutionary War\nGeorge Washington: Politics and Government\\Statesman\\Colonial statesman\nGeorge Washington: Business and Finance\\Natural resources commerce\\Agriculturist\\Farmer\nGeorge Washington: Military and Intelligence\\Army\\Officer\\General\nGeorge Washington: Politics and Government\\Government official\\President of US\nGeorge Washington: Science and Technology\\Surveyor\nGeorge Washington: Civilian awards\\Congressional Gold Medal\nPortrait""}","[""1800s""]","[""United States. Army"", ""Washington, George"", ""Sharples, James"", ""Sharples, Ellen Wallace""]","[""Paintings""]","[""United States""]","[""Business and Finance"", ""Congressional Gold Medal"", ""Farmers"", ""Government"", ""Natural resources commerce"", ""Portraits"", ""Civilian awards"", ""Science and Technology"", ""Colonial statesman"", ""Agriculturists"", ""Statesman"", ""Surveyors"", ""Military and Intelligence"", ""Men"", ""American Revolution (1775-1783)"", ""Public officers"", ""Politics"", ""Presidents"", ""Officer""]",3,"[""https://ids.si.edu/ids/deliveryService?id=NPG-NPG_2013_142GW-000001"", ""https://ids.si.edu/ids/deliveryService?id=NPG-NPG_2013_142GW_int"", ""https://ids.si.edu/ids/deliveryService?id=NPG-NPG_2013_142versoGW_int""]","https://ids.si.edu/ids/iiif/NPG-NPG_2013_142GW-000001/full/250,/0/default.jpg",George Washington,Ellen Wallace Sharples,1803,men,
3183,https://collections.si.edu/search/detail/edanmdm:npg_NPG.2013.140,NPG,edanmdm:npg_NPG.2013.140,George Washington,"{""Credit Line"": ""National Portrait Gallery, Smithsonian Institution; gift of the McNeil Americana Collection; conserved with funds from the Smithsonian Women's Committee""}","{""Date"": ""after 1796""}","{""Object number"": ""NPG.2013.140""}","{""Artist"": ""Unidentified Artist"", ""Copy after"": ""Gilbert Stuart, 3 Dec 1755 - 9 Jul 1828"", ""Sitter"": ""George Washington, 22 Feb 1732 - 14 Dec 1799""}","{""Provenance"": ""Estate of Robert L. McNeil. Jr.""}","{""Type"": ""Painting""}","{""Medium"": ""Watercolor on ivory"", ""Dimensions"": ""Ivory: 8.3 \u00d7 6.5cm (3 1/4 \u00d7 2 9/16\"")\nFrame: 12.1 \u00d7 10.8cm (4 3/4 \u00d7 4 1/4\"")""}",,,"{""Topic"": ""Miniature\nGeorge Washington: Male\nGeorge Washington: Military and Intelligence\\Army\\Officer\\Revolutionary War\nGeorge Washington: Politics and Government\\Statesman\\Colonial statesman\nGeorge Washington: Business and Finance\\Natural resources commerce\\Agriculturist\\Farmer\nGeorge Washington: Military and Intelligence\\Army\\Officer\\General\nGeorge Washington: Politics and Government\\Government official\\President of US\nGeorge Washington: Science and Technology\\Surveyor\nGeorge Washington: Civilian awards\\Congressional Gold Medal\nPortrait""}","[""1800s"", ""1790s""]","[""United States. Army"", ""Washington, George"", ""Stuart, Gilbert""]","[""Miniatures"", ""Paintings""]","[""United States""]","[""Business and Finance"", ""Congressional Gold Medal"", ""Farmers"", ""Government"", ""Natural resources commerce"", ""Portraits"", ""Civilian awards"", ""Science and Technology"", ""Colonial statesman"", ""Agriculturists"", ""Statesman"", ""Surveyors"", ""Military and Intelligence"", ""Men"", ""American Revolution (1775-1783)"", ""Public officers"", ""Politics"", ""Presidents"", ""Officer""]",2,"[""https://ids.si.edu/ids/deliveryService?id=NPG-NPG_2013_140GW-000001"", ""https://ids.si.edu/ids/deliveryService?id=NPG-NPG_2013_140versoGW_int""]","https://ids.si.edu/ids/iiif/NPG-NPG_2013_140GW-000001/full/250,/0/default.jpg",George Washington,Unidentified Artist,1796,men,
3186,https://collections.si.edu/search/detail/edanmdm:npg_NPG.2013.136,NPG,edanmdm:npg_NPG.2013.136,Indépendence des États-Unis,"{""Credit Line"": ""National Portrait Gallery, Smithsonian Institution; gift of the McNeil Americana Collection""}","{""Date"": ""1786""}","{""Object number"": ""NPG.2013.136""}","{""Artist"": ""Louis Roger"", ""Copy after"": ""Jean Duplessi-Bertaux, active 1747 - 1819"", ""Sitter"": ""George Washington, 22 Feb 1732 - 14 Dec 1799\nBenjamin Franklin, 17 Jan 1706 - 17 Apr 1790\nLouis XVI, King of France, 1754 - 1793""}",,"{""Type"": ""Print""}","{""Medium"": ""Aquatint on paper"", ""Dimensions"": ""Image: 30.9 \u00d7 22.5 cm (12 3/16 \u00d7 8 7/8\"")""}",,,"{""Topic"": ""Costume\\Headgear\\Hat\nExterior\nArchitecture\\Column\nNature & Environment\\Animal\\Bird\\Rooster\nAllegorical\nNature & Environment\\Feather\nEquipment\\Anchor\nGeorge Washington: Male\nGeorge Washington: Military and Intelligence\\Army\\Officer\\Revolutionary War\nGeorge Washington: Politics and Government\\Statesman\\Colonial statesman\nGeorge Washington: Business and Finance\\Natural resources commerce\\Agriculturist\\Farmer\nGeorge Washington: Military and Intelligence\\Army\\Officer\\General\nGeorge Washington: Politics and Government\\Government official\\President of US\nGeorge Washington: Science and Technology\\Surveyor\nGeorge Washington: Civilian awards\\Congressional Gold Medal\nBenjamin Franklin: Male\nBenjamin Franklin: Arts and Culture\\Literature\\Writer\nBenjamin Franklin: Politics and Government\\Statesman\\Colonial statesman\nBenjamin Franklin: Politics and Government\\Government official\\Congressman\\Continental congressman\nBenjamin Franklin: Politics and Government\\Statesman\\Colonial statesman\\Signer of Declaration\nBenjamin Franklin: Science and Technology\\Scientist\nBenjamin Franklin: Politics and Government\\Diplomat\nBenjamin Franklin: Social Welfare and Reform\\Philanthropist\nBenjamin Franklin: Science and Technology\\Inventor\nBenjamin Franklin: Business and Finance\\Tradesman\\Printer\nBenjamin Franklin: Politics and Government\\Government official\\Postmaster\nLouis XVI, King of France: Male\nLouis XVI, King of France: Politics and Government\\Ruler\\King\\France\nPortrait""}","[""1780s""]","[""United States. Army"", ""Roger, Louis"", ""Washington, George"", ""Duplessi-Bertaux, Jean"", ""Franklin, Benjamin"", ""Louis XVI""]","[""Exterior views"", ""Prints""]","[""United States"", ""France""]","[""Business and Finance"", ""Social Welfare and Reform"", ""Legislators"", ""Writers"", ""Natural resources commerce"", ""Printer"", ""Allegorical"", ""King"", ""Military and Intelligence"", ""Signer of Declaration"", ""American Revolution (1775-1783)"", ""Public officers"", ""Diplomats"", ""Congressional Gold Medal"", ""Farmers"", ""Literature"", ""Congressmen"", ""Architecture"", ""Civilian awards"", ""Tradesman"", ""Inventors"", ""Men"", ""Philanthropists"", ""Scientists"", ""Postmasters"", ""Arts and Culture"", ""Colonial statesman"", ""Statesman"", ""Column"", ""Feather"", ""Presidents"", ""Nature"", ""Government"", ""Diplomacy"", ""Birds"", ""Portraits"", ""Ecology"", ""Ruler"", ""Headgear"", ""Continental congressman"", ""Science and Technology"", ""Anchor"", ""Animals"", ""Agriculturists"", ""Surveyors"", ""Costume"", ""Hats"", ""Politics"", ""Rooster"", ""Officer""]",1,"[""https://ids.si.edu/ids/deliveryService?id=NPG-NPG_2013_136Independence-000001""]","https://ids.si.edu/ids/iiif/NPG-NPG_2013_136Independence-000001/full/250,/0/default.jpg",George Washington,Louis Roger,1786,men,Writers
3187,https://collections.si.edu/search/detail/edanmdm:npg_NPG.2013.132,NPG,edanmdm:npg_NPG.2013.132,George Washington,"{""Credit Line"": ""National Portrait Gallery, Smithsonian Institution; gift of the McNeil Americana Collection""}","{""Date"": ""1794-95""}","{""Object number"": ""NPG.2013.132""}","{""Artist"": ""William Grainger, 1775 - 1875?"", ""Copy after"": ""John James Barralet, 1747 - 1815"", ""Sitter"": ""George Washington, 22 Feb 1732 - 14 Dec 1799""}",,"{""Type"": ""Print""}","{""Medium"": ""Engraving on paper"", ""Dimensions"": ""Image: 21 \u00d7 12.2 cm (8 1/4 \u00d7 4 13/16\"")""}",,,"{""Topic"": ""George Washington: Male\nGeorge Washington: Military and Intelligence\\Army\\Officer\\Revolutionary War\nGeorge Washington: Politics and Government\\Statesman\\Colonial statesman\nGeorge Washington: Business and Finance\\Natural resources commerce\\Agriculturist\\Farmer\nGeorge Washington: Military and Intelligence\\Army\\Officer\\General\nGeorge Washington: Politics and Government\\Government official\\President of US\nGeorge Washington: Science and Technology\\Surveyor\nGeorge Washington: Civilian awards\\Congressional Gold Medal\nPortrait""}","[""1790s""]","[""United States. Army"", ""Washington, George"", ""Barralet, John James"", ""Grainger, William""]","[""Prints""]","[""United States""]","[""Business and Finance"", ""Congressional Gold Medal"", ""Farmers"", ""Government"", ""Natural resources commerce"", ""Portraits"", ""Civilian awards"", ""Science and Technology"", ""Colonial statesman"", ""Agriculturists"", ""Statesman"", ""Surveyors"", ""Military and Intelligence"", ""Men"", ""American Revolution (1775-1783)"", ""Public officers"", ""Politics"", ""Presidents"", ""Officer""]",1,"[""https://ids.si.edu/ids/deliveryService?id=NPG-NPG_2013_132Washington-000002""]","https://ids.si.edu/ids/iiif/NPG-NPG_2013_132Washington-000002/full/250,/0/default.jpg",George Washington,William Grainger,1794,men,
3188,https://collections.si.edu/search/detail/edanmdm:npg_NPG.2013.131,NPG,edanmdm:npg_NPG.2013.131,George Washington,"{""Credit Line"": ""National Portrait Gallery, Smithsonian Institution; gift of the McNeil Americana Collection""}","{""Date"": ""c. 1789""}","{""Object number"": ""NPG.2013.131""}","{""Artist"": ""Unidentified Artist"", ""Copy after"": ""Augustin de Saint-Aubin, 1737 - 1807\nHalder Sculp, active late 18th century"", ""Sitter"": ""George Washington, 22 Feb 1732 - 14 Dec 1799""}",,"{""Type"": ""Print""}","{""Medium"": ""Line engraving on paper"", ""Dimensions"": ""Sheet: 33.5 \u00d7 28 cm (13 3/16 \u00d7 11\"")""}",,,"{""Topic"": ""George Washington: Male\nGeorge Washington: Military and Intelligence\\Army\\Officer\\Revolutionary War\nGeorge Washington: Politics and Government\\Statesman\\Colonial statesman\nGeorge Washington: Business and Finance\\Natural resources commerce\\Agriculturist\\Farmer\nGeorge Washington: Military and Intelligence\\Army\\Officer\\General\nGeorge Washington: Politics and Government\\Government official\\President of US\nGeorge Washington: Science and Technology\\Surveyor\nGeorge Washington: Civilian awards\\Congressional Gold Medal\nPortrait""}","[""1780s""]","[""United States. Army"", ""Saint-Aubin, Augustin de"", ""Washington, George"", ""Sculp, Halder""]","[""Prints""]","[""United States""]","[""Business and Finance"", ""Congressional Gold Medal"", ""Farmers"", ""Government"", ""Natural resources commerce"", ""Portraits"", ""Civilian awards"", ""Science and Technology"", ""Colonial statesman"", ""Agriculturists"", ""Statesman"", ""Surveyors"", ""Military and Intelligence"", ""Men"", ""American Revolution (1775-1783)"", ""Public officers"", ""Politics"", ""Presidents"", ""Officer""]",1,"[""https://ids.si.edu/ids/deliveryService?id=NPG-NPG_2013_131Washington-000002""]","https://ids.si.edu/ids/iiif/NPG-NPG_2013_131Washington-000002/full/250,/0/default.jpg",George Washington,Unidentified Artist,1789,men,
3189,https://collections.si.edu/search/detail/edanmdm:npg_NPG.2013.130,NPG,edanmdm:npg_NPG.2013.130,General Washington,"{""Credit Line"": ""National Portrait Gallery, Smithsonian Institution; gift of the McNeil Americana Collection""}","{""Date"": ""after 1780""}","{""Object number"": ""NPG.2013.130""}","{""Artist"": ""Unidentified Artist"", ""Copy after"": ""No\u00ebl Le Mire, 1724 - 1801\nJean Baptiste Le Paon, 1738 - 1785\nCharles Willson Peale, 15 Apr 1741 - 22 Feb 1827"", ""Sitter"": ""George Washington, 22 Feb 1732 - 14 Dec 1799\nWilliam (\""Billy\"") Lee, c. 1750 - c. 1828""}",,"{""Type"": ""Print""}","{""Medium"": ""Hand-colored etching on paper"", ""Dimensions"": ""Frame: 39.6 \u00d7 29.5 \u00d7 2.8cm (15 9/16 \u00d7 11 5/8 \u00d7 1 1/8\"")""}",,,"{""Topic"": ""Exterior\nPrinted Material\\Document\nHome Furnishings\\Furniture\\Table\nWeapon\\Sword\nNature & Environment\\Animal\\Horse\nArchitecture\\Building\\Tent\nCostume\\Headgear\\Turban\nCostume\\Footwear\\Boots\nEquipment\\Sports Equipment\\Equestrian Gear\\Saddle\nWilliam (\""Billy\"") Lee: Male\nWilliam (\""Billy\"") Lee: Law and Crime\\Enslaved person\nWilliam (\""Billy\"") Lee: Business and Finance\\Service worker\\Domestic worker\\Servant\nGeorge Washington: Male\nGeorge Washington: Military and Intelligence\\Army\\Officer\\Revolutionary War\nGeorge Washington: Politics and Government\\Statesman\\Colonial statesman\nGeorge Washington: Business and Finance\\Natural resources commerce\\Agriculturist\\Farmer\nGeorge Washington: Military and Intelligence\\Army\\Officer\\General\nGeorge Washington: Politics and Government\\Government official\\President of US\nGeorge Washington: Science and Technology\\Surveyor\nGeorge Washington: Civilian awards\\Congressional Gold Medal\nPortrait""}","[""1780s"", ""1790s""]","[""United States. Army"", ""Le Mire, Noel"", ""Washington, George"", ""Peale, Charles Willson"", ""Lee, William"", ""Le Paon, Jean Baptiste""]","[""Exterior views"", ""Prints""]","[""United States""]","[""Business and Finance"", ""Turban"", ""Domestic worker"", ""Natural resources commerce"", ""Home Furnishings"", ""Shoes"", ""Servant"", ""Printed Material"", ""Saddle"", ""Colonial statesman"", ""Weapons"", ""Statesman"", ""Swords"", ""Military and Intelligence"", ""Tables"", ""American Revolution (1775-1783)"", ""Public officers"", ""Presidents"", ""Enslaved person"", ""Service worker"", ""Nature"", ""Congressional Gold Medal"", ""Farmers"", ""Architecture"", ""Government"", ""Footwear"", ""Portraits"", ""Ecology"", ""Civilian awards"", ""Furnishings"", ""Headgear"", ""Science and Technology"", ""Animals"", ""Tents"", ""Agriculturists"", ""Equipment"", ""Surveyors"", ""Costume"", ""Men"", ""Horses"", ""Law and Crime"", ""Politics"", ""Sports Equipment"", ""Officer""]",1,"[""https://ids.si.edu/ids/deliveryService?id=NPG-NPG_2013_130_inex""]","https://ids.si.edu/ids/iiif/NPG-NPG_2013_130_inex/full/250,/0/default.jpg",George Washington,Unidentified Artist,1780,men,
3190,https://collections.si.edu/search/detail/edanmdm:npg_NPG.2013.129,NPG,edanmdm:npg_NPG.2013.129,General Washington's Resignation,"{""Credit Line"": ""National Portrait Gallery, Smithsonian Institution; gift of the McNeil Americana Collection""}","{""Date"": ""1799""}","{""Object number"": ""NPG.2013.129""}","{""Artist"": ""Alexander Lawson, 1773 - 1846"", ""Copy after"": ""John James Barralet, 1747 - 1815"", ""Sitter"": ""George Washington, 22 Feb 1732 - 14 Dec 1799""}",,"{""Type"": ""Print""}","{""Medium"": ""Etching and engraving on paper"", ""Dimensions"": ""Sheet: 23 \u00d7 13.5 cm (9 1/16 \u00d7 5 5/16\"")""}",,,"{""Topic"": ""Exterior\\Garden\nSymbols & Motifs\\Symbolic Figure\nGeorge Washington: Male\nGeorge Washington: Military and Intelligence\\Army\\Officer\\Revolutionary War\nGeorge Washington: Politics and Government\\Statesman\\Colonial statesman\nGeorge Washington: Business and Finance\\Natural resources commerce\\Agriculturist\\Farmer\nGeorge Washington: Military and Intelligence\\Army\\Officer\\General\nGeorge Washington: Politics and Government\\Government official\\President of US\nGeorge Washington: Science and Technology\\Surveyor\nGeorge Washington: Civilian awards\\Congressional Gold Medal\nPortrait""}","[""1790s""]","[""United States. Army"", ""Washington, George"", ""Lawson, Alexander"", ""Barralet, John James""]","[""Exterior views"", ""Prints""]","[""United States""]","[""Business and Finance"", ""Congressional Gold Medal"", ""Farmers"", ""Government"", ""Natural resources commerce"", ""Portraits"", ""Gardens"", ""Civilian awards"", ""Science and Technology"", ""Symbols & Motifs"", ""Symbolic Figure"", ""Colonial statesman"", ""Agriculturists"", ""Statesman"", ""Surveyors"", ""Military and Intelligence"", ""Men"", ""American Revolution (1775-1783)"", ""Public officers"", ""Politics"", ""Presidents"", ""Officer""]",1,"[""https://ids.si.edu/ids/deliveryService?id=NPG-NPG_2013_129GW1L-000001""]","https://ids.si.edu/ids/iiif/NPG-NPG_2013_129GW1L-000001/full/250,/0/default.jpg",George Washington,Alexander Lawson,1799,men,
3191,https://collections.si.edu/search/detail/edanmdm:npg_NPG.2013.128,NPG,edanmdm:npg_NPG.2013.128,G. Washington,"{""Credit Line"": ""National Portrait Gallery, Smithsonian Institution; gift of the McNeil Americana Collection""}","{""Date"": ""1798""}","{""Object number"": ""NPG.2013.128""}","{""Artist"": ""Alexander Lawson, 1773 - 1846"", ""Copy after"": ""Jeremiah Paul, Jr., about 1775 - 13 Jul 1820"", ""Sitter"": ""George Washington, 22 Feb 1732 - 14 Dec 1799""}",,"{""Type"": ""Print""}","{""Medium"": ""Etching and engraving on paper in bound object"", ""Dimensions"": ""Sheet: 21.3 \u00d7 12.5 cm (8 3/8 \u00d7 4 15/16\"")""}",,,"{""Topic"": ""Weapon\\Sword\nNature & Environment\\Plant\\Wreath\\Laurel wreath\nCostume\\Headgear\\Military\\Helmet (Armor)\nGeorge Washington: Male\nGeorge Washington: Military and Intelligence\\Army\\Officer\\Revolutionary War\nGeorge Washington: Politics and Government\\Statesman\\Colonial statesman\nGeorge Washington: Business and Finance\\Natural resources commerce\\Agriculturist\\Farmer\nGeorge Washington: Military and Intelligence\\Army\\Officer\\General\nGeorge Washington: Politics and Government\\Government official\\President of US\nGeorge Washington: Science and Technology\\Surveyor\nGeorge Washington: Civilian awards\\Congressional Gold Medal\nPortrait""}","[""1790s""]","[""United States. Army"", ""Washington, George"", ""Paul, Jeremiah"", ""Lawson, Alexander""]","[""Prints""]","[""United States""]","[""Business and Finance"", ""Natural resources commerce"", ""Colonial statesman"", ""Weapons"", ""Statesman"", ""Swords"", ""Military and Intelligence"", ""American Revolution (1775-1783)"", ""Public officers"", ""Helmet (Armor)"", ""Presidents"", ""Military"", ""Nature"", ""Wreath"", ""Congressional Gold Medal"", ""Farmers"", ""Government"", ""Portraits"", ""Ecology"", ""Plants"", ""Civilian awards"", ""Laurel wreath"", ""Headgear"", ""Science and Technology"", ""Agriculturists"", ""Surveyors"", ""Costume"", ""Men"", ""Politics"", ""Officer""]",1,"[""https://ids.si.edu/ids/deliveryService?id=NPG-NPG_2013_128GW_3616-000001""]","https://ids.si.edu/ids/iiif/NPG-NPG_2013_128GW_3616-000001/full/250,/0/default.jpg",George Washington,Alexander Lawson,1798,men,
3192,https://collections.si.edu/search/detail/edanmdm:npg_NPG.2013.119,NPG,edanmdm:npg_NPG.2013.119,George Washington,"{""Credit Line"": ""National Portrait Gallery, Smithsonian Institution""}","{""Date"": ""1796""}","{""Object number"": ""NPG.2013.119""}","{""Artist"": ""Unidentified Artist"", ""Publisher"": ""William Annesley, 1768 - 1848"", ""Sitter"": ""George Washington, 22 Feb 1732 - 14 Dec 1799""}",,"{""Type"": ""Silhouette""}","{""Medium"": ""Engraved silhouette on paper"", ""Dimensions"": ""Sheet: 23 \u00d7 18.1 cm (9 1/16 \u00d7 7 1/8\"")""}","{""Place"": ""United States\\Massachusetts\\Suffolk\\Boston""}",,"{""Topic"": ""George Washington: Male\nGeorge Washington: Military and Intelligence\\Army\\Officer\\Revolutionary War\nGeorge Washington: Politics and Government\\Statesman\\Colonial statesman\nGeorge Washington: Business and Finance\\Natural resources commerce\\Agriculturist\\Farmer\nGeorge Washington: Military and Intelligence\\Army\\Officer\\General\nGeorge Washington: Politics and Government\\Government official\\President of US\nGeorge Washington: Science and Technology\\Surveyor\nGeorge Washington: Civilian awards\\Congressional Gold Medal\nPortrait""}","[""1790s""]","[""United States. Army"", ""Annesley, William"", ""Washington, George""]","[""Silhouettes""]","[""United States"", ""Suffolk"", ""Massachusetts"", ""North America"", ""Boston""]","[""Business and Finance"", ""Congressional Gold Medal"", ""Farmers"", ""Government"", ""Natural resources commerce"", ""Portraits"", ""Civilian awards"", ""Science and Technology"", ""Colonial statesman"", ""Agriculturists"", ""Statesman"", ""Surveyors"", ""Military and Intelligence"", ""Men"", ""American Revolution (1775-1783)"", ""Public officers"", ""Politics"", ""Presidents"", ""Officer""]",1,"[""https://ids.si.edu/ids/deliveryService?id=NPG-NPG_2013_119Washington-000002""]","https://ids.si.edu/ids/iiif/NPG-NPG_2013_119Washington-000002/full/250,/0/default.jpg",George Washington,Unidentified Artist,1796,men,
3194,https://collections.si.edu/search/detail/edanmdm:npg_NPG.2012.90,NPG,edanmdm:npg_NPG.2012.90,George Washington,"{""Credit Line"": ""Gift of Eleanor Morein Foster in memory of Charles Harry Foster; National Portrait Gallery, Smithsonian Institution""}","{""Date"": ""1800""}","{""Object number"": ""NPG.2012.90""}","{""Artist"": ""William Clarke, active 1785 - 1806"", ""Sitter"": ""George Washington, 22 Feb 1732 - 14 Dec 1799""}","{""Provenance"": ""Unknown before acquisition by Charles Harry Foster (1914 \u2013 2008) and his wife, Eleanor Morein Foster, in 1994 or earlier.""}","{""Type"": ""Painting""}","{""Medium"": ""Oil on canvas"", ""Dimensions"": ""Stretcher: 77.5 \u00d7 64.8 \u00d7 1.9cm (30 1/2 \u00d7 25 1/2 \u00d7 3/4\"")\nFrame: 95.7 \u00d7 82.7 \u00d7 7cm (37 11/16 \u00d7 32 9/16 \u00d7 2 3/4\"")""}","{""Place"": ""United States\\Pennsylvania\\Philadelphia""}",,"{""Topic"": ""Nature & Environment\\Animal\\Horse\nCostume\\Headgear\\Hat\\Tricorne\nCostume\\Dress Accessory\\Epaulet\nWeapon\\Cannon\nMusic\\Musical instrument\\Drum\nSymbols & Motifs\\Flag\\National flag\\American\nGeorge Washington: Male\nGeorge Washington: Military and Intelligence\\Army\\Officer\\Revolutionary War\nGeorge Washington: Politics and Government\\Statesman\\Colonial statesman\nGeorge Washington: Business and Finance\\Natural resources commerce\\Agriculturist\\Farmer\nGeorge Washington: Military and Intelligence\\Army\\Officer\\General\nGeorge Washington: Politics and Government\\Government official\\President of US\nGeorge Washington: Science and Technology\\Surveyor\nGeorge Washington: Civilian awards\\Congressional Gold Medal\nPortrait""}","[""1800s""]","[""United States. Army"", ""Washington, George"", ""Clarke, William""]","[""Paintings""]","[""United States"", ""North America"", ""Philadelphia"", ""Pennsylvania""]","[""Business and Finance"", ""Cannon"", ""Natural resources commerce"", ""Dress accessories"", ""Musical instruments"", ""Symbols & Motifs"", ""Colonial statesman"", ""Weapons"", ""Statesman"", ""Military and Intelligence"", ""American Revolution (1775-1783)"", ""Public officers"", ""National flag"", ""Presidents"", ""Nature"", ""Congressional Gold Medal"", ""Farmers"", ""Drums (Membranophones)"", ""Government"", ""Portraits"", ""Ecology"", ""Flags"", ""Civilian awards"", ""Headgear"", ""Tricorne"", ""Science and Technology"", ""Animals"", ""Agriculturists"", ""Surveyors"", ""Costume"", ""Music"", ""Men"", ""Horses"", ""Hats"", ""Politics"", ""Officer""]",1,"[""https://ids.si.edu/ids/deliveryService?id=NPG-NPG_2012_90GW-000001""]","https://ids.si.edu/ids/iiif/NPG-NPG_2012_90GW-000001/full/250,/0/default.jpg",George Washington,William Clarke,1800,men,
3198,https://collections.si.edu/search/detail/edanmdm:npg_NPG.2011.139,NPG,edanmdm:npg_NPG.2011.139,Samuel Adams,"{""Credit Line"": ""National Portrait Gallery, Smithsonian Institution""}","{""Date"": ""1797""}","{""Object number"": ""NPG.2011.139""}","{""Artist"": ""George Graham, active 1786 - 1813"", ""Copy after"": ""John Johnston, 1753 - 1818"", ""Sitter"": ""Samuel Adams, 27 Sep 1722 - 2 Oct 1803""}",,"{""Type"": ""Print""}","{""Medium"": ""Mezzotint on paper"", ""Dimensions"": ""Sheet: 36.8 x 27 cm (14 1/2 x 10 5/8\"")""}",,,"{""Topic"": ""Home Furnishings\\Furniture\\Seating\\Chair\nPrinted Material\\Book\nInterior\\Interior with Exterior View\nHome Furnishings\\Furniture\\Table\nPrinted Material\\Papers\nArchitecture\\Building\nSamuel Adams: Male\nSamuel Adams: Politics and Government\\Government official\\Congressman\\Continental congressman\nSamuel Adams: Politics and Government\\Statesman\\Colonial statesman\\Signer of Declaration\nSamuel Adams: Politics and Government\\Government official\\Governor\\Massachusetts\nSamuel Adams: Politics and Government\\Government official\\Lieutenant Governor\\Massachusetts\nPortrait""}","[""1790s""]","[""Graham, George"", ""Johnston, John"", ""Adams, Samuel""]","[""Prints""]","[""Massachusetts""]","[""Legislators"", ""Books and reading"", ""Papers"", ""Home Furnishings"", ""Governors"", ""Printed Material"", ""Design"", ""Colonial statesman"", ""Statesman"", ""Chairs"", ""Seating"", ""Signer of Declaration"", ""Tables"", ""Public officers"", ""Interior with Exterior View"", ""Congressmen"", ""Architecture"", ""Government"", ""Interior decoration"", ""Portraits"", ""Furnishings"", ""Continental congressman"", ""Men"", ""Politics"", ""Lieutenant Governor""]",1,"[""https://ids.si.edu/ids/deliveryService?id=NPG-NPG_2011_139Adams-000001""]","https://ids.si.edu/ids/iiif/NPG-NPG_2011_139Adams-000001/full/250,/0/default.jpg",Samuel Adams,George Graham,1797,men,
3199,https://collections.si.edu/search/detail/edanmdm:npg_NPG.2010.98,NPG,edanmdm:npg_NPG.2010.98,The First Great Western Empire,"{""Credit Line"": ""National Portrait Gallery, Smithsonian Institution; acquired through the generosity of Sidney Hart and David C. Ward""}","{""Date"": ""1812""}","{""Object number"": ""NPG.2010.98""}","{""Artist"": ""Jonathan Clark"", ""Sitter"": ""George Washington, 22 Feb 1732 - 14 Dec 1799\nJohn Adams, 30 Oct 1735 - 4 Jul 1826\nThomas Jefferson, 13 Apr 1743 - 4 Jul 1826\nJames Madison, 16 Mar 1751 - 28 Jun 1836""}",,"{""Type"": ""Print""}","{""Medium"": ""Wood-engraving with letterpress and color woodcut on paper"", ""Dimensions"": ""Sheet: 52.5 x 41.9 cm (20 11/16 x 16 1/2\"")\nMat: 71.1 x 55.9 cm (28 x 22\"")""}","{""Place"": ""United States\\New York\\Albany\\Albany""}",,"{""Topic"": ""Poster\nBroadside\nGeorge Washington: Male\nGeorge Washington: Military and Intelligence\\Army\\Officer\\Revolutionary War\nGeorge Washington: Politics and Government\\Statesman\\Colonial statesman\nGeorge Washington: Business and Finance\\Natural resources commerce\\Agriculturist\\Farmer\nGeorge Washington: Military and Intelligence\\Army\\Officer\\General\nGeorge Washington: Politics and Government\\Government official\\President of US\nGeorge Washington: Science and Technology\\Surveyor\nGeorge Washington: Civilian awards\\Congressional Gold Medal\nJames Madison: Male\nJames Madison: Law and Crime\\Lawyer\nJames Madison: Politics and Government\\Government official\\State Legislator\\Virginia\nJames Madison: Politics and Government\\Government official\\Congressman\\Continental congressman\nJames Madison: Politics and Government\\Government official\\President of US\nJames Madison: Politics and Government\\Government official\\Cabinet member\\Secretary of State\nJames Madison: Arts and Culture\\Literature\\Writer\\Essayist\nJames Madison: Politics and Government\\Government official\\US Congressman\\Virginia\nJames Madison: Politics and Government\\Statesman\\Signer of Constitution\nJohn Adams: Male\nJohn Adams: Arts and Culture\\Literature\\Writer\nJohn Adams: Politics and Government\\Government official\\Congressman\\Continental congressman\nJohn Adams: Politics and Government\\Statesman\\Colonial statesman\\Signer of Declaration\nJohn Adams: Politics and Government\\Vice-President of US\nJohn Adams: Politics and Government\\Diplomat\nJohn Adams: Politics and Government\\Government official\\President of US\nJohn Adams: Politics and Government\\Government official\\State Legislator\\Massachusetts\nThomas Jefferson: Male\nThomas Jefferson: Law and Crime\\Lawyer\nThomas Jefferson: Politics and Government\\Government official\\Congressman\\Continental congressman\nThomas Jefferson: Politics and Government\\Statesman\\Colonial statesman\\Signer of Declaration\nThomas Jefferson: Politics and Government\\Vice-President of US\nThomas Jefferson: Business and Finance\\Natural resources commerce\\Agriculturist\\Farmer\nThomas Jefferson: Arts and Culture\\Visual Arts\\Architect\nThomas Jefferson: Politics and Government\\Government official\\President of US\nThomas Jefferson: Politics and Government\\Government official\\Cabinet member\\Secretary of State\nThomas Jefferson: Politics and Government\\Diplomat\\Minister\nThomas Jefferson: Science and Technology\\Inventor\nThomas Jefferson: Politics and Government\\Government official\\US Congressman\\Virginia\nThomas Jefferson: Politics and Government\\Government official\\Governor\\Virginia\nThomas Jefferson: Arts and Culture\\Education and Scholarship\\Founder\\University\nPortrait""}","[""1810s""]","[""United States. Army"", ""Clark, Jonathan"", ""Madison, James"", ""Washington, George"", ""Adams, John"", ""Jefferson, Thomas""]","[""Prints""]","[""New York"", ""United States"", ""Massachusetts"", ""North America"", ""Virginia"", ""Albany""]","[""Business and Finance"", ""Legislators"", ""Broadside"", ""Art"", ""Arts and Culture"", ""Writers"", ""Architects"", ""Natural resources commerce"", ""Secretary of State"", ""Governors"", ""Founder"", ""Universities"", ""Colonial statesman"", ""Statesman"", ""Military and Intelligence"", ""Signer of Declaration"", ""American Revolution (1775-1783)"", ""Public officers"", ""Vice-Presidents"", ""Diplomats"", ""Presidents"", ""Minister"", ""Congressional Gold Medal"", ""Cabinet member"", ""Farmers"", ""Congressmen"", ""Literature"", ""Government"", ""Diplomacy"", ""Essayist"", ""Portraits"", ""Lawyers"", ""Civilian awards"", ""Signer of Constitution"", ""Continental congressman"", ""Science and Technology"", ""Agriculturists"", ""Inventors"", ""Surveyors"", ""Men"", ""Politics"", ""Law and Crime"", ""Education and Scholarship"", ""Officer""]",1,"[""https://ids.si.edu/ids/deliveryService?id=NPG-NPG_2010_98FirstGreatWesternEmpire-000003""]","https://ids.si.edu/ids/iiif/NPG-NPG_2010_98FirstGreatWesternEmpire-000003/full/250,/0/default.jpg",George Washington,Jonathan Clark,1812,men,Writers
3200,https://collections.si.edu/search/detail/edanmdm:npg_NPG.2010.58,NPG,edanmdm:npg_NPG.2010.58,Samuel Adams,"{""Credit Line"": ""National Portrait Gallery, Smithsonian Institution; acquired through the generosity of David C. Ward""}","{""Date"": ""before 1776""}","{""Object number"": ""NPG.2010.58""}","{""Artist"": ""Unidentified Artist"", ""Sitter"": ""Samuel Adams, 27 Sep 1722 - 2 Oct 1803""}",,"{""Type"": ""Print""}","{""Medium"": ""Engraving on paper"", ""Dimensions"": ""Sheet: 21.5 x 12.4cm (8 7/16 x 4 7/8\"")""}",,,"{""Topic"": ""Home Furnishings\\Furniture\\Seating\\Chair\nNature & Environment\\Plant\\Tree\nHome Furnishings\\Furniture\\Table\nPrinted Material\\Map\nCostume\\Outerwear\\Cape\nSamuel Adams: Male\nSamuel Adams: Politics and Government\\Government official\\Congressman\\Continental congressman\nSamuel Adams: Politics and Government\\Statesman\\Colonial statesman\\Signer of Declaration\nSamuel Adams: Politics and Government\\Government official\\Governor\\Massachusetts\nSamuel Adams: Politics and Government\\Government official\\Lieutenant Governor\\Massachusetts\nPortrait""}","[""1770s""]","[""Adams, Samuel""]","[""Maps"", ""Prints""]","[""Massachusetts""]","[""Legislators"", ""Home Furnishings"", ""Governors"", ""Printed Material"", ""Colonial statesman"", ""Statesman"", ""Chairs"", ""Seating"", ""Signer of Declaration"", ""Tables"", ""Public officers"", ""Nature"", ""Trees"", ""Congressmen"", ""Government"", ""Outerwear"", ""Portraits"", ""Ecology"", ""Plants"", ""Furnishings"", ""Continental congressman"", ""Costume"", ""Men"", ""Cloaks"", ""Politics"", ""Lieutenant Governor""]",1,"[""https://ids.si.edu/ids/deliveryService?id=NPG-NPG_2010_58Adams-000001""]","https://ids.si.edu/ids/iiif/NPG-NPG_2010_58Adams-000001/full/250,/0/default.jpg",Samuel Adams,Unidentified Artist,1776,men,
3206,https://collections.si.edu/search/detail/edanmdm:npg_NPG.2008.96,NPG,edanmdm:npg_NPG.2008.96,"Benjamin Thompson, Count of Rumford","{""Credit Line"": ""National Portrait Gallery, Smithsonian Institution""}","{""Date"": ""1801""}","{""Object number"": ""NPG.2008.96""}","{""Artist"": ""John Raphael Smith, 1752 - 2 Mar 1812"", ""Sitter"": ""Benjamin Thompson, 26 Mar 1753 - 21 Aug 1814""}",,"{""Type"": ""Print""}","{""Medium"": ""Mezzotint engraving on paper"", ""Dimensions"": ""Sheet: 57 x 42.1 cm (22 7/16 x 16 9/16\"")\nMat: 71.1 x 55.9 cm (28 x 22\"")""}",,,"{""Topic"": ""Home Furnishings\\Furniture\\Seating\\Chair\nPrinted Material\\Book\nHome Furnishings\\Furniture\\Table\nPrinted Material\\Papers\nHome Furnishings\\Drape\nEquipment\\Drafting & Writing Implements\\Writing implement\\Pen\\Quill\nHome Furnishings\\Furniture\\Bookshelf\nCostume\\Dress Accessory\\Sash\nBenjamin Thompson: Arts and Culture\\Visual Arts\\Artist\nBenjamin Thompson: Male\nBenjamin Thompson: Social Welfare and Reform\\Reformer\\Social reformer\nBenjamin Thompson: Science and Technology\\Scientist\\Physicist\nPortrait""}","[""1800s""]","[""Smith, John Raphael"", ""Thompson, Benjamin""]","[""Prints""]",,"[""Social Welfare and Reform"", ""Art"", ""Books and reading"", ""Arts and Culture"", ""Papers"", ""Quill"", ""Dress accessories"", ""Home Furnishings"", ""Reformers"", ""Printed Material"", ""Chairs"", ""Social reformer"", ""Seating"", ""Tables"", ""Drape"", ""Physicist"", ""Sash"", ""Portraits"", ""Drafting & Writing Implements"", ""Furnishings"", ""Science and Technology"", ""Costume"", ""Bookshelf"", ""Men"", ""Scientists"", ""Artists"", ""Pens""]",1,"[""https://ids.si.edu/ids/deliveryService?id=NPG-NPG_2008_96M-000001""]","https://ids.si.edu/ids/iiif/NPG-NPG_2008_96M-000001/full/250,/0/default.jpg",Benjamin Thompson,John Raphael Smith,1801,men,Scientists
3207,https://collections.si.edu/search/detail/edanmdm:npg_NPG.2008.5,NPG,edanmdm:npg_NPG.2008.5,Thomas Paine,"{""Credit Line"": ""National Portrait Gallery, Smithsonian Institution""}","{""Date"": ""c. 1792""}","{""Object number"": ""NPG.2008.5""}","{""Artist"": ""Laurent Dabos, 1761 - 1835"", ""Sitter"": ""Thomas Paine, 29 Jan 1737 - 8 Jun 1809""}","{""Exhibition Label"": ""Born Thetford, England\n\u201cWe have it in our power to begin the world over again,\u201d Thomas Paine proclaimed in Common Sense. Published anonymously in January 1776 (just fourteen months after his arrival in Philadelphia from England), Paine\u2019s pamphlet helped lay the groundwork for the Declaration of Independence in July. After war broke out, he continued to boost morale, beginning his series of Crisis essays (1776\u201383) with the words, \u201cThese are the times that try Men\u2019s souls.\u201d\nPaine\u2019s attacks on hereditary monarchy and his declaration of liberty and equality as fundamental rights made him a hero in revolutionary France. In response to public demand for his image, this portrait was painted as a model for engravings.\nAfter fifteen years in Europe, Paine returned to the United States in 1802 to find his fortunes changed.\nHis assault on traditional religion in The Age of Reason\n(1794\u20131807) had cost him friends and public support.\nNacido en Thetford, Inglaterra\n\u201cTenemos el poder de empezar el mundo de nuevo\u201d, proclam\u00f3 Thomas Paine en Sentido com\u00fan. Publicado an\u00f3nimamente en enero de 1776 (14 meses despu\u00e9s de llegar Paine a Filadelfia desde Inglaterra), el panfleto prepar\u00f3 el terreno para la Declaraci\u00f3n de Independencia en julio. Tras estallar la guerra, Paine sigui\u00f3 animando al pueblo; su serie de ensayos La crisis americana (1776\u201383) comienza as\u00ed: \u201cEstos son tiempos que ponen a prueba el alma de los hombres\u201d.\nLos ataques de Paine a la monarqu\u00eda hereditaria y su afirmaci\u00f3n de que la libertad y la igualdad son derechos fundamentales lo convirtieron en h\u00e9roe de la Francia revolucionaria. Ante la demanda de alguna imagen de \u00e9l, esta pintura sirvi\u00f3 de modelo para hacer grabados.\nDe regreso a EE.UU. en 1802, tras 15 a\u00f1os en Europa, su suerte hab\u00eda cambiado. La edad de la raz\u00f3n (1794\u20131807), su ataque a la religi\u00f3n tradicional, le hab\u00eda costado amistades y el apoyo p\u00fablico."", ""Provenance"": ""(Salamander Fine Arts, London); purchased 2008 NPG""}","{""Type"": ""Painting""}","{""Medium"": ""Oil on canvas"", ""Dimensions"": ""Stretcher: 34 x 26cm (13 3/8 x 10 1/4\"")\nFrame: 50.8 x 43.5cm (20 x 17 1/8\"")""}",,,"{""Topic"": ""Home Furnishings\\Furniture\\Seating\\Chair\nThomas Paine: Male\nThomas Paine: Arts and Culture\\Literature\\Writer\nThomas Paine: Politics and Government\\Statesman\nThomas Paine: Arts and Culture\\Journalism and Media\\Magazine editor\nThomas Paine: Science and Technology\\Inventor\nThomas Paine: Social Welfare and Reform\\Reformer\\Humanitarian\nPortrait""}","[""1790s""]","[""Dabos, Laurent"", ""Paine, Thomas""]","[""Paintings""]",,"[""Social Welfare and Reform"", ""Arts and Culture"", ""Literature"", ""Writers"", ""Government"", ""Magazine editor"", ""Portraits"", ""Home Furnishings"", ""Furnishings"", ""Reformers"", ""Science and Technology"", ""Statesman"", ""Inventors"", ""Humanitarianism"", ""Chairs"", ""Seating"", ""Men"", ""Politics"", ""Journalism and Media""]",1,"[""https://ids.si.edu/ids/deliveryService?id=NPG-NPG_2008_5""]","https://ids.si.edu/ids/iiif/NPG-NPG_2008_5/full/250,/0/default.jpg",Thomas Paine,Laurent Dabos,1792,men,Writers
3209,https://collections.si.edu/search/detail/edanmdm:npg_NPG.2008.26,NPG,edanmdm:npg_NPG.2008.26,John Adams,"{""Credit Line"": ""National Portrait Gallery, Smithsonian Institution""}","{""Date"": ""c. 1810-26""}","{""Object number"": ""NPG.2008.26""}","{""Artist"": ""Nathaniel Dearborn, 1786 - 1852"", ""Copy after"": ""David Edwin, 1776 - 1841\nEdward Savage, 26 Nov 1761 - 6 Jul 1817"", ""Sitter"": ""John Adams, 30 Oct 1735 - 4 Jul 1826""}",,"{""Type"": ""Print""}","{""Medium"": ""Engraving on paper"", ""Dimensions"": ""Sheet: 42.9 x 31.8cm (16 7/8 x 12 1/2\"")\nMat: 55.9 x 40.6cm (22 x 16\"")""}",,,"{""Topic"": ""John Adams: Male\nJohn Adams: Arts and Culture\\Literature\\Writer\nJohn Adams: Politics and Government\\Government official\\Congressman\\Continental congressman\nJohn Adams: Politics and Government\\Statesman\\Colonial statesman\\Signer of Declaration\nJohn Adams: Politics and Government\\Vice-President of US\nJohn Adams: Politics and Government\\Diplomat\nJohn Adams: Politics and Government\\Government official\\President of US\nJohn Adams: Politics and Government\\Government official\\State Legislator\\Massachusetts\nPortrait""}","[""1800s"", ""1810s""]","[""Savage, Edward"", ""Edwin, David"", ""Adams, John"", ""Dearborn, Nathaniel""]","[""Prints""]","[""United States"", ""Massachusetts""]","[""Legislators"", ""Arts and Culture"", ""Literature"", ""Congressmen"", ""Writers"", ""Government"", ""Diplomacy"", ""Portraits"", ""Continental congressman"", ""Colonial statesman"", ""Statesman"", ""Men"", ""Signer of Declaration"", ""Public officers"", ""Politics"", ""Vice-Presidents"", ""Diplomats"", ""Presidents""]",1,"[""https://ids.si.edu/ids/deliveryService?id=NPG-NPG_2008_26Adams-000002""]","https://ids.si.edu/ids/iiif/NPG-NPG_2008_26Adams-000002/full/250,/0/default.jpg",John Adams,Nathaniel Dearborn,1810,men,Writers
3210,https://collections.si.edu/search/detail/edanmdm:npg_NPG.2008.25,NPG,edanmdm:npg_NPG.2008.25,George Washington,"{""Credit Line"": ""National Portrait Gallery, Smithsonian Institution""}","{""Date"": ""1799""}","{""Object number"": ""NPG.2008.25""}","{""Artist"": ""John Roberts, 1768 - 1803"", ""Copy after"": ""Benjamin Trott, 1769 - 27 Nov 1843\nGilbert Stuart, 3 Dec 1755 - 9 Jul 1828"", ""Sitter"": ""George Washington, 22 Feb 1732 - 14 Dec 1799""}",,"{""Type"": ""Print""}","{""Medium"": ""Mezzotint on paper"", ""Dimensions"": ""Sheet: 9.3 x 7.1 cm (3 11/16 x 2 13/16\"")""}",,,"{""Topic"": ""George Washington: Male\nGeorge Washington: Military and Intelligence\\Army\\Officer\\Revolutionary War\nGeorge Washington: Politics and Government\\Statesman\\Colonial statesman\nGeorge Washington: Business and Finance\\Natural resources commerce\\Agriculturist\\Farmer\nGeorge Washington: Military and Intelligence\\Army\\Officer\\General\nGeorge Washington: Politics and Government\\Government official\\President of US\nGeorge Washington: Science and Technology\\Surveyor\nGeorge Washington: Civilian awards\\Congressional Gold Medal\nPortrait""}","[""1790s""]","[""United States. Army"", ""Washington, George"", ""Roberts, John"", ""Trott, Benjamin"", ""Stuart, Gilbert""]","[""Prints""]","[""United States""]","[""Business and Finance"", ""Congressional Gold Medal"", ""Farmers"", ""Government"", ""Natural resources commerce"", ""Portraits"", ""Civilian awards"", ""Science and Technology"", ""Colonial statesman"", ""Agriculturists"", ""Statesman"", ""Surveyors"", ""Military and Intelligence"", ""Men"", ""American Revolution (1775-1783)"", ""Public officers"", ""Politics"", ""Presidents"", ""Officer""]",1,"[""https://ids.si.edu/ids/deliveryService?id=NPG-NPG_2008_25GW1L_int""]","https://ids.si.edu/ids/iiif/NPG-NPG_2008_25GW1L_int/full/250,/0/default.jpg",George Washington,John Roberts,1799,men,
3211,https://collections.si.edu/search/detail/edanmdm:npg_NPG.2008.24,NPG,edanmdm:npg_NPG.2008.24,George Washington,"{""Credit Line"": ""National Portrait Gallery, Smithsonian Institution""}","{""Date"": ""c. 1793""}","{""Object number"": ""NPG.2008.24""}","{""Artist"": ""Edward Savage, 26 Nov 1761 - 6 Jul 1817"", ""Sitter"": ""George Washington, 22 Feb 1732 - 14 Dec 1799""}",,"{""Type"": ""Print""}","{""Medium"": ""Mezzotint on paper"", ""Dimensions"": ""Sheet: 52.9 x 38.2 cm (20 13/16 x 15 1/16\"")\nMat: 71.1 x 55.9 cm (28 x 22\"")""}",,,"{""Topic"": ""Home Furnishings\\Furniture\\Table\nArchitecture\\Column\nPrinted Material\\Map\nHome Furnishings\\Curtain\nGeorge Washington: Male\nGeorge Washington: Military and Intelligence\\Army\\Officer\\Revolutionary War\nGeorge Washington: Politics and Government\\Statesman\\Colonial statesman\nGeorge Washington: Business and Finance\\Natural resources commerce\\Agriculturist\\Farmer\nGeorge Washington: Military and Intelligence\\Army\\Officer\\General\nGeorge Washington: Politics and Government\\Government official\\President of US\nGeorge Washington: Science and Technology\\Surveyor\nGeorge Washington: Civilian awards\\Congressional Gold Medal\nPortrait""}","[""1780s"", ""1790s""]","[""Savage, Edward"", ""United States. Army"", ""Washington, George""]","[""Maps"", ""Prints""]","[""United States""]","[""Business and Finance"", ""Natural resources commerce"", ""Home Furnishings"", ""Printed Material"", ""Colonial statesman"", ""Statesman"", ""Column"", ""Military and Intelligence"", ""Curtain"", ""Tables"", ""American Revolution (1775-1783)"", ""Public officers"", ""Presidents"", ""Congressional Gold Medal"", ""Farmers"", ""Architecture"", ""Government"", ""Portraits"", ""Civilian awards"", ""Furnishings"", ""Science and Technology"", ""Agriculturists"", ""Surveyors"", ""Men"", ""Politics"", ""Officer""]",1,"[""https://ids.si.edu/ids/deliveryService?id=NPG-NPG_2008_24GW_int-000001""]","https://ids.si.edu/ids/iiif/NPG-NPG_2008_24GW_int-000001/full/250,/0/default.jpg",George Washington,Edward Savage,1793,men,
3212,https://collections.si.edu/search/detail/edanmdm:npg_NPG.2008.114,NPG,edanmdm:npg_NPG.2008.114,John Paul Jones,"{""Credit Line"": ""National Portrait Gallery, Smithsonian Institution""}","{""Date"": ""1781""}","{""Object number"": ""NPG.2008.114""}","{""Artist"": ""Jean Michel Moreau, Le Jeune, 1741 - 1814"", ""Sitter"": ""John Paul Jones, 6 Jul 1747 - 18 Jul 1792""}",,"{""Type"": ""Print""}","{""Medium"": ""Engraving on paper"", ""Dimensions"": ""Sheet: 21.5 x 16.2 cm (8 7/16 x 6 3/8\"")""}",,,"{""Topic"": ""Costume\\Headgear\\Hat\\Tricorne\nCostume\\Dress Accessory\\Epaulet\nJohn Paul Jones: Male\nJohn Paul Jones: Politics and Government\\Government official\nJohn Paul Jones: Military and Intelligence\\Navy\\Officer\nJohn Paul Jones: Civilian awards\\Congressional Gold Medal\nPortrait""}","[""1780s""]","[""Moreau, Jean Michel"", ""United States. Navy"", ""Jones, John Paul""]","[""Prints""]",,"[""Congressional Gold Medal"", ""Government"", ""Dress accessories"", ""Portraits"", ""Civilian awards"", ""Headgear"", ""Tricorne"", ""Costume"", ""Military and Intelligence"", ""Men"", ""Public officers"", ""Hats"", ""Politics"", ""Officer""]",1,"[""https://ids.si.edu/ids/deliveryService?id=NPG-NPG_2008_114Jones-000002""]","https://ids.si.edu/ids/iiif/NPG-NPG_2008_114Jones-000002/full/250,/0/default.jpg",John Paul Jones,Jean Michel Moreau,1781,men,
3214,https://collections.si.edu/search/detail/edanmdm:npg_NPG.2007.250,NPG,edanmdm:npg_NPG.2007.250,George Washington Apotheosis,"{""Credit Line"": ""National Portrait Gallery, Smithsonian Institution""}","{""Date"": ""c. 1800-02""}","{""Object number"": ""NPG.2007.250""}","{""Artist"": ""Unidentified Artist"", ""Copy after"": ""John James Barralet, 1747 - 1815"", ""Sitter"": ""George Washington, 22 Feb 1732 - 14 Dec 1799""}",,"{""Type"": ""Decorative Arts""}","{""Medium"": ""Transfer image on ceramic"", ""Dimensions"": ""Other: 26.5 x 27 x 20 cm (10 7/16 x 10 5/8 x 7 7/8\"")""}",,,"{""Topic"": ""George Washington: Male\nGeorge Washington: Military and Intelligence\\Army\\Officer\\Revolutionary War\nGeorge Washington: Politics and Government\\Statesman\\Colonial statesman\nGeorge Washington: Business and Finance\\Natural resources commerce\\Agriculturist\\Farmer\nGeorge Washington: Military and Intelligence\\Army\\Officer\\General\nGeorge Washington: Politics and Government\\Government official\\President of US\nGeorge Washington: Science and Technology\\Surveyor\nGeorge Washington: Civilian awards\\Congressional Gold Medal\nPortrait""}","[""1800s""]","[""United States. Army"", ""Washington, George"", ""Barralet, John James""]","[""Decorative arts""]","[""United States""]","[""Business and Finance"", ""Congressional Gold Medal"", ""Farmers"", ""Government"", ""Natural resources commerce"", ""Portraits"", ""Civilian awards"", ""Science and Technology"", ""Colonial statesman"", ""Agriculturists"", ""Statesman"", ""Surveyors"", ""Military and Intelligence"", ""Men"", ""American Revolution (1775-1783)"", ""Public officers"", ""Politics"", ""Presidents"", ""Officer""]",3,"[""https://ids.si.edu/ids/deliveryService?id=NPG-NPG_2007_250WashingtonMv1-000001"", ""https://ids.si.edu/ids/deliveryService?id=NPG-NPG_2007_250WashingtonMv2-000001"", ""https://ids.si.edu/ids/deliveryService?id=NPG-NPG_2007_250WashingtonMv3-000001""]","https://ids.si.edu/ids/iiif/NPG-NPG_2007_250WashingtonMv1-000001/full/250,/0/default.jpg",George Washington,Unidentified Artist,1800,men,
3215,https://collections.si.edu/search/detail/edanmdm:npg_NPG.2007.212,NPG,edanmdm:npg_NPG.2007.212,Charles Cotesworth Pinckney,"{""Credit Line"": ""National Portrait Gallery, Smithsonian Institution; gift of Elise Pinckney""}","{""Date"": ""1791""}","{""Object number"": ""NPG.2007.212""}","{""Artist"": ""John Trumbull, 6 Jun 1756 - 10 Nov 1843"", ""Sitter"": ""Charles Cotesworth Pinckney, 25 Feb 1746 - 25 Aug 1825""}","{""Exhibition Label"": ""Born Charles Town (now Charleston), South Carolina\nWhile traveling along the East Coast in 1791, \u201ctaking heads\u201d of Revolutionary War heroes, the painter John Trumbull sought out Charles Cotesworth Pinckney. A leading political and military figure in South Carolina, Pinckney was also a wealthy landowner who enslaved dozens on his plantations. During the drafting of the U.S. Constitution in 1787, Pinckney had opposed including a bill of rights declaring all men were born free. He later defended his position, arguing it a \u201cvery bad grace when a large part of our property consists of men who are actually born slaves.\u201d\nNacido en Charles Town (hoy Charleston), Carolina del Sur\nViajando por la costa este del pa\u00eds en 1791 para \u201chacer cabezas\u201d de los h\u00e9roes de la Guerra de Independencia, el pintor John Trumbull contact\u00f3 a Charles Cotesworth Pinckney. Importante figura pol\u00edtica y militar de Carolina del Sur, Pinckney era tambi\u00e9n hacendado y tuvo docenas de esclavizados en sus plantaciones. Cuando se redactaba la Constituci\u00f3n de EE.UU. en 1787, se opuso a la declaraci\u00f3n de que todos los hombres nacen libres. Luego argument\u00f3 que la declaraci\u00f3n ser\u00eda \u201cmal recibida, dado que gran parte de nuestras propiedades consisten de hombres que de hecho han nacido esclavos\u201d."", ""Provenance"": ""Elise Pinckney, Mt. Pleasant, South Carolina, descendant; gift 2007 to NPG""}","{""Type"": ""Painting""}","{""Medium"": ""Oil on wood panel"", ""Dimensions"": ""Frame: 15.9 x 14cm (6 1/4 x 5 1/2\"")\nSight: 8.6 x 7cm (3 3/8 x 2 3/4\"")""}",,,"{""Topic"": ""Miniature\nCharles Cotesworth Pinckney: Male\nCharles Cotesworth Pinckney: Law and Crime\\Lawyer\nCharles Cotesworth Pinckney: Politics and Government\\Presidential candidate\nCharles Cotesworth Pinckney: Military and Intelligence\\Army\\Officer\\Revolutionary War\nCharles Cotesworth Pinckney: Politics and Government\\Diplomat\nCharles Cotesworth Pinckney: Military and Intelligence\\Army\\Officer\\General\nCharles Cotesworth Pinckney: Politics and Government\\Diplomat\\Minister\nCharles Cotesworth Pinckney: Politics and Government\\Government official\\US Congressman\\South Carolina\nCharles Cotesworth Pinckney: Politics and Government\\Government official\\Governor\\South Carolina\nCharles Cotesworth Pinckney: Politics and Government\\Statesman\\Signer of Constitution\nCharles Cotesworth Pinckney: Politics and Government\\Government official\\State Senator\\South Carolina\nCharles Cotesworth Pinckney: Military and Intelligence\\Prisoner of War\nPortrait""}","[""1790s""]","[""United States. Army"", ""Trumbull, John"", ""Pinckney, Charles Cotesworth""]","[""Miniatures"", ""Paintings""]","[""United States"", ""South Carolina""]","[""Presidential candidate"", ""Legislators"", ""Congressmen"", ""Government"", ""Diplomacy"", ""Portraits"", ""Lawyers"", ""Governors"", ""Signer of Constitution"", ""Statesman"", ""Military and Intelligence"", ""Men"", ""Senators"", ""American Revolution (1775-1783)"", ""Public officers"", ""Law and Crime"", ""Politics"", ""Prisoner of War"", ""Diplomats"", ""Minister"", ""Officer""]",1,"[""https://ids.si.edu/ids/deliveryService?id=NPG-NPG_2007_212""]","https://ids.si.edu/ids/iiif/NPG-NPG_2007_212/full/250,/0/default.jpg",Charles Cotesworth Pinckney,John Trumbull,1791,men,
3219,https://collections.si.edu/search/detail/edanmdm:npg_NPG.2006.94,NPG,edanmdm:npg_NPG.2006.94,George Washington,"{""Credit Line"": ""National Portrait Gallery, Smithsonian Institution""}","{""Date"": ""1790""}","{""Object number"": ""NPG.2006.94""}","{""Artist"": ""Joseph Wright, 16 Jul 1756 - c. 11 Oct 1793"", ""Sitter"": ""George Washington, 22 Feb 1732 - 14 Dec 1799""}",,"{""Type"": ""Print""}","{""Medium"": ""Etching on paper"", ""Dimensions"": ""Sheet: 7 cm (2 3/4\"") diameter""}",,,"{""Topic"": ""George Washington: Male\nGeorge Washington: Military and Intelligence\\Army\\Officer\\Revolutionary War\nGeorge Washington: Politics and Government\\Statesman\\Colonial statesman\nGeorge Washington: Business and Finance\\Natural resources commerce\\Agriculturist\\Farmer\nGeorge Washington: Military and Intelligence\\Army\\Officer\\General\nGeorge Washington: Politics and Government\\Government official\\President of US\nGeorge Washington: Science and Technology\\Surveyor\nGeorge Washington: Civilian awards\\Congressional Gold Medal\nPortrait""}","[""1790s""]","[""United States. Army"", ""Washington, George"", ""Wright, Joseph""]","[""Prints""]","[""United States""]","[""Business and Finance"", ""Congressional Gold Medal"", ""Farmers"", ""Government"", ""Natural resources commerce"", ""Portraits"", ""Civilian awards"", ""Science and Technology"", ""Colonial statesman"", ""Agriculturists"", ""Statesman"", ""Surveyors"", ""Military and Intelligence"", ""Men"", ""American Revolution (1775-1783)"", ""Public officers"", ""Politics"", ""Presidents"", ""Officer""]",1,"[""https://ids.si.edu/ids/deliveryService?id=NPG-NPG_2006_94""]","https://ids.si.edu/ids/iiif/NPG-NPG_2006_94/full/250,/0/default.jpg",George Washington,Joseph Wright,1790,men,
3224,https://collections.si.edu/search/detail/edanmdm:npg_NPG.2003.72,NPG,edanmdm:npg_NPG.2003.72,Alexander Hamilton,"{""Credit Line"": ""National Portrait Gallery, Smithsonian Institution""}","{""Date"": ""c. 1800-04""}","{""Object number"": ""NPG.2003.72""}","{""Artist"": ""George Graham, active 1786 - 1813"", ""Sitter"": ""Alexander Hamilton, 11 Jan 1757 - 11 Jul 1804""}",,"{""Type"": ""Print""}","{""Medium"": ""Mezzotint on paper"", ""Dimensions"": ""Sheet: 55.5 x 40.8cm (21 7/8 x 16 1/16\"")""}",,,"{""Topic"": ""Interior\nHome Furnishings\\Furniture\\Seating\\Chair\nPrinted Material\\Book\nPrinted Material\\Document\nHome Furnishings\\Furniture\\Table\nArchitecture\\Column\nEquipment\\Drafting & Writing Implements\\Inkstand\nSymbols & Motifs\\Medal\\Society of the Cincinnati\nAlexander Hamilton: Male\nAlexander Hamilton: Law and Crime\\Lawyer\nAlexander Hamilton: Arts and Culture\\Literature\\Writer\nAlexander Hamilton: Military and Intelligence\\Army\\Officer\\Revolutionary War\nAlexander Hamilton: Politics and Government\\Government official\\Cabinet member\\Secretary of Treasury\nAlexander Hamilton: Politics and Government\\Government official\\Congressman\\Continental congressman\nPortrait""}","[""1800s""]","[""Graham, George"", ""United States. Army"", ""Hamilton, Alexander""]","[""Prints""]",,"[""Legislators"", ""Books and reading"", ""Arts and Culture"", ""Society of the Cincinnati"", ""Writers"", ""Home Furnishings"", ""Printed Material"", ""Design"", ""Symbols & Motifs"", ""Inkstand"", ""Chairs"", ""Column"", ""Seating"", ""Military and Intelligence"", ""Tables"", ""American Revolution (1775-1783)"", ""Public officers"", ""Cabinet member"", ""Literature"", ""Congressmen"", ""Architecture"", ""Government"", ""Interior decoration"", ""Portraits"", ""Lawyers"", ""Drafting & Writing Implements"", ""Furnishings"", ""Continental congressman"", ""Men"", ""Secretary of Treasury"", ""Law and Crime"", ""Politics"", ""Medal"", ""Officer""]",1,"[""https://ids.si.edu/ids/deliveryService?id=NPG-NPG_2003_72Hamilton-000001""]","https://ids.si.edu/ids/iiif/NPG-NPG_2003_72Hamilton-000001/full/250,/0/default.jpg",Alexander Hamilton,George Graham,1800,men,Writers
3225,https://collections.si.edu/search/detail/edanmdm:npg_NPG.2002.384,NPG,edanmdm:npg_NPG.2002.384,George Washington,"{""Credit Line"": ""National Portrait Gallery, Smithsonian Institution""}","{""Date"": ""1798""}","{""Object number"": ""NPG.2002.384""}","{""Artist"": ""David Edwin, 1776 - 1841"", ""Sitter"": ""George Washington, 22 Feb 1732 - 14 Dec 1799""}",,"{""Type"": ""Print""}","{""Medium"": ""Engraving on paper"", ""Dimensions"": ""Sheet: 36.2 x 25.5cm (14 1/4 x 10 1/16\"")""}",,,"{""Topic"": ""Interior\nInterior\\Office\nWeapon\\Sword\nCostume\\Dress Accessory\\Epaulet\nGeorge Washington: Male\nGeorge Washington: Military and Intelligence\\Army\\Officer\\Revolutionary War\nGeorge Washington: Politics and Government\\Statesman\\Colonial statesman\nGeorge Washington: Business and Finance\\Natural resources commerce\\Agriculturist\\Farmer\nGeorge Washington: Military and Intelligence\\Army\\Officer\\General\nGeorge Washington: Politics and Government\\Government official\\President of US\nGeorge Washington: Science and Technology\\Surveyor\nGeorge Washington: Civilian awards\\Congressional Gold Medal\nPortrait""}","[""1790s""]","[""United States. Army"", ""Washington, George"", ""Edwin, David""]","[""Prints""]","[""United States""]","[""Office"", ""Business and Finance"", ""Natural resources commerce"", ""Dress accessories"", ""Design"", ""Colonial statesman"", ""Weapons"", ""Statesman"", ""Swords"", ""Military and Intelligence"", ""American Revolution (1775-1783)"", ""Public officers"", ""Presidents"", ""Congressional Gold Medal"", ""Farmers"", ""Government"", ""Interior decoration"", ""Portraits"", ""Civilian awards"", ""Science and Technology"", ""Agriculturists"", ""Surveyors"", ""Costume"", ""Men"", ""Politics"", ""Officer""]",1,"[""https://ids.si.edu/ids/deliveryService?id=NPG-NPG_2002_384""]","https://ids.si.edu/ids/iiif/NPG-NPG_2002_384/full/250,/0/default.jpg",George Washington,David Edwin,1798,men,
3228,https://collections.si.edu/search/detail/edanmdm:npg_NPG.2002.184.62,NPG,edanmdm:npg_NPG.2002.184.62,Thomas Jefferson,"{""Credit Line"": ""National Portrait Gallery, Smithsonian Institution; partial gift of Sarah Bache Bloise""}","{""Date"": ""c. 1803-04""}","{""Object number"": ""NPG.2002.184.62""}","{""Artist"": ""William Bache, 22 Dec 1771 - 9 Jul 1845"", ""Sitter"": ""Thomas Jefferson, 13 Apr 1743 - 4 Jul 1826""}",,"{""Type"": ""Silhouette""}","{""Medium"": ""Cut coated paper mounted on paper"", ""Dimensions"": ""Image (approx): 7.9 \u00d7 7 cm (3 1/8 \u00d7 2 3/4\"")\nBook closed: 47.3 \u00d7 34.9 \u00d7 4.8 cm (18 5/8 \u00d7 13 3/4 \u00d7 1 7/8\"")\nBook open: 47.3 \u00d7 66.7 \u00d7 4.8 cm (18 5/8 \u00d7 26 1/4 \u00d7 1 7/8\"")""}",,,"{""Topic"": ""Silhouette\\Cut-out\nBook\\Album\nThomas Jefferson: Male\nThomas Jefferson: Law and Crime\\Lawyer\nThomas Jefferson: Politics and Government\\Government official\\Congressman\\Continental congressman\nThomas Jefferson: Politics and Government\\Statesman\\Colonial statesman\\Signer of Declaration\nThomas Jefferson: Politics and Government\\Vice-President of US\nThomas Jefferson: Business and Finance\\Natural resources commerce\\Agriculturist\\Farmer\nThomas Jefferson: Arts and Culture\\Visual Arts\\Architect\nThomas Jefferson: Politics and Government\\Government official\\President of US\nThomas Jefferson: Politics and Government\\Government official\\Cabinet member\\Secretary of State\nThomas Jefferson: Politics and Government\\Diplomat\\Minister\nThomas Jefferson: Science and Technology\\Inventor\nThomas Jefferson: Politics and Government\\Government official\\US Congressman\\Virginia\nThomas Jefferson: Politics and Government\\Government official\\Governor\\Virginia\nThomas Jefferson: Arts and Culture\\Education and Scholarship\\Founder\\University\nPortrait""}","[""1800s""]","[""Jefferson, Thomas"", ""Bache, William""]","[""Silhouettes""]","[""United States"", ""Virginia""]","[""Business and Finance"", ""Legislators"", ""Cut-out"", ""Art"", ""Books and reading"", ""Arts and Culture"", ""Architects"", ""Natural resources commerce"", ""Silhouette"", ""Secretary of State"", ""Governors"", ""Founder"", ""Albums"", ""Universities"", ""Colonial statesman"", ""Statesman"", ""Signer of Declaration"", ""Public officers"", ""Vice-Presidents"", ""Diplomats"", ""Presidents"", ""Minister"", ""Cabinet member"", ""Congressmen"", ""Farmers"", ""Government"", ""Diplomacy"", ""Portraits"", ""Lawyers"", ""Continental congressman"", ""Science and Technology"", ""Agriculturists"", ""Inventors"", ""Men"", ""Law and Crime"", ""Politics"", ""Education and Scholarship""]",1,"[""https://ids.si.edu/ids/deliveryService?id=NPG-NPG_2002_184_62-000001""]","https://ids.si.edu/ids/iiif/NPG-NPG_2002_184_62-000001/full/250,/0/default.jpg",Thomas Jefferson,William Bache,1803,men,
3230,https://collections.si.edu/search/detail/edanmdm:npg_NPG.2002.184.5,NPG,edanmdm:npg_NPG.2002.184.5,George Washington,"{""Credit Line"": ""National Portrait Gallery, Smithsonian Institution; partial gift of Sarah Bache Bloise""}","{""Date"": ""c. 1803-04""}","{""Object number"": ""NPG.2002.184.5""}","{""Artist"": ""William Bache, 22 Dec 1771 - 9 Jul 1845"", ""Sitter"": ""George Washington, 22 Feb 1732 - 14 Dec 1799""}",,"{""Type"": ""Silhouette""}","{""Medium"": ""Cut coated paper mounted on paper"", ""Dimensions"": ""Image (approx): 7.9 \u00d7 7 cm (3 1/8 \u00d7 2 3/4\"")\nBook closed: 47.3 \u00d7 34.9 \u00d7 4.8 cm (18 5/8 \u00d7 13 3/4\"")\nBook open: 47.3 \u00d7 66.7 \u00d7 4.8 cm (18 5/8 \u00d7 26 1/4\"")""}",,,"{""Topic"": ""Silhouette\\Cut-out\nBook\\Album\nGeorge Washington: Male\nGeorge Washington: Military and Intelligence\\Army\\Officer\\Revolutionary War\nGeorge Washington: Politics and Government\\Statesman\\Colonial statesman\nGeorge Washington: Business and Finance\\Natural resources commerce\\Agriculturist\\Farmer\nGeorge Washington: Military and Intelligence\\Army\\Officer\\General\nGeorge Washington: Politics and Government\\Government official\\President of US\nGeorge Washington: Science and Technology\\Surveyor\nGeorge Washington: Civilian awards\\Congressional Gold Medal\nPortrait""}","[""1800s""]","[""United States. Army"", ""Washington, George"", ""Bache, William""]","[""Silhouettes""]","[""United States""]","[""Business and Finance"", ""Congressional Gold Medal"", ""Cut-out"", ""Books and reading"", ""Farmers"", ""Government"", ""Natural resources commerce"", ""Portraits"", ""Silhouette"", ""Civilian awards"", ""Albums"", ""Science and Technology"", ""Colonial statesman"", ""Agriculturists"", ""Statesman"", ""Surveyors"", ""Military and Intelligence"", ""Men"", ""American Revolution (1775-1783)"", ""Public officers"", ""Politics"", ""Presidents"", ""Officer""]",1,"[""https://ids.si.edu/ids/deliveryService?id=NPG-NPG_2002_184_5-000001""]","https://ids.si.edu/ids/iiif/NPG-NPG_2002_184_5-000001/full/250,/0/default.jpg",George Washington,William Bache,1803,men,
3238,https://collections.si.edu/search/detail/edanmdm:npg_NPG.2001.13,NPG,edanmdm:npg_NPG.2001.13,George Washington (Lansdowne Portrait),"{""Credit Line"": ""National Portrait Gallery, Smithsonian Institution; acquired as a gift to the nation through the generosity of the Donald W. Reynolds Foundation""}","{""Date"": ""1796""}","{""Object number"": ""NPG.2001.13""}","{""Artist"": ""Gilbert Stuart, 3 Dec 1755 - 9 Jul 1828"", ""Sitter"": ""George Washington, 22 Feb 1732 - 14 Dec 1799""}","{""Exhibition Label"": ""As a military and political figure, George Washington was a unifying force during the country\u2019s formative years. He fought in the French and Indian War and later served as commander-in-chief of the Continental Army in the Revolutionary War. After being unanimously elected as the first president of the United States, in 1789, he installed the Supreme Court and the cabinet, quelled the Whiskey Rebellion, and defeated the Western Lakes Confederacy in the Northwest Indian War (and facilitated the subsequent peace negotiations with the alliance). Washington enjoyed immense popularity at the end of his second term, but he declined to run again, insisting that the United States needed to take proper precautions to avoid hereditary leadership or dictatorship.\nWhile mapping out the composition for this painting, American artist Gilbert Stuart, who had previously worked in England and Ireland, drew from European traditions of state portraiture to evoke Washington\u2019s leadership. The artist made a number of direct references to the newly formed United States, and the pose he chose for the president is believed to allude to Washington\u2019s annual address in front of Congress in December 1795. Stuart completed several replicas of the image, which spread rapidly through popular engravings.\nComo figura pol\u00edtica y militar, George Washington fue una fuerza unificadora durante los a\u00f1os ormativos de la naci\u00f3n. Combati\u00f3 en la Guerra Franco-Ind\u00edgena y m\u00e1s tarde fue comandante en jefe del Ej\u00e9rcito Continental en la Guerra de Independencia. Luego de su elecci\u00f3n un\u00e1nime como primer presidente de Estados Unidos, en 1789, instituy\u00f3 el Tribunal Supremo y el gabinete, suprimi\u00f3 la Rebeli\u00f3n del Whiskey y derrot\u00f3 a la Confederaci\u00f3n de los Grandes Lagos en la Guerra Ind\u00edgena del Noroeste (y facilit\u00f3 las posteriores negociaciones de paz con la alianza). Washington gozaba de enorme popularidad al final de su segundo t\u00e9rmino presidencial, pero rehus\u00f3 postularse de nuevo, insistiendo en que Estados Unidos ten\u00eda que tomar las debidas precauciones para evitar los puestos hereditarios y las dictaduras.\nEn la composici\u00f3n de esta pintura, el estadounidense Gilbert Stuart, quien hab\u00eda trabajado en Inglaterra e Irlanda, sigui\u00f3 la tradici\u00f3n de los retratos oficiales europeos para representar el liderato de Washington. El artista incluye referencias directas a la reci\u00e9n formada naci\u00f3n de los Estados Unidos, y la pose en que muestra al presidente parece aludir al discurso de Washington ante el Congreso en diciembre de 1795. Stuart complet\u00f3 varias r\u00e9plicas de la imagen, que se difundi\u00f3 r\u00e1pidamente a trav\u00e9s de grabados populares."", ""Provenance"": ""Commissioned by Senator William Bingham and his wife Anne Willing Bingham as a gift for William Petty, Lord Shelburne, the first Marquess of Lansdowne (died 1805); purchased in March, 1806 at the sale of the Marquess' estate by American merchant Samuel Williams; purchased in 1827 by John Delaware Lewis; after his death in 1841, owned by his son, John Delaware Lewis; Herman LeRoy Lewis; purchased in May 1889 by Archibald Philip Primrose, fifth Earl of Rosebery; by family descent to Lord Harry Dalmeny; purchased 2001 NPG.""}","{""Type"": ""Painting""}","{""Medium"": ""Oil on canvas"", ""Dimensions"": ""247.6 \u00d7 158.7 cm (97 1/2 \u00d7 62 1/2\"")\nFrame: 283.5 \u00d7 194.3 \u00d7 17.8 cm (111 5/8 \u00d7 76 1/2 \u00d7 7\"")""}","{""Place"": ""United States\\Pennsylvania\\Franklin\\Germantown""}",,"{""Topic"": ""Printed Material\\Book\nPrinted Material\\Document\nInterior\\Interior with Exterior View\nHome Furnishings\\Furniture\\Seating\\Chair\\Armchair\nPrinted Material\\Papers\nWeapon\\Sword\nArchitecture\\Column\nHome Furnishings\\Furniture\\Carpet\nHome Furnishings\\Furniture\\Table\\Writing table\nEquipment\\Drafting & Writing Implements\\Writing implement\\Pen\\Quill\nEquipment\\Drafting & Writing Implements\\Inkstand\nNature & Environment\\Animal\\Bird\\Eagle\nNature & Environment\\Rainbow\nGeorge Washington: Male\nGeorge Washington: Military and Intelligence\\Army\\Officer\\Revolutionary War\nGeorge Washington: Politics and Government\\Statesman\\Colonial statesman\nGeorge Washington: Business and Finance\\Natural resources commerce\\Agriculturist\\Farmer\nGeorge Washington: Military and Intelligence\\Army\\Officer\\General\nGeorge Washington: Politics and Government\\Government official\\President of US\nGeorge Washington: Science and Technology\\Surveyor\nGeorge Washington: Civilian awards\\Congressional Gold Medal\nPortrait""}","[""1790s""]","[""United States. Army"", ""Washington, George"", ""Stuart, Gilbert""]","[""Paintings""]","[""Franklin"", ""United States"", ""North America"", ""Germantown"", ""Pennsylvania""]","[""Business and Finance"", ""Books and reading"", ""Papers"", ""Natural resources commerce"", ""Quill"", ""Home Furnishings"", ""Carpet"", ""Eagles"", ""Armchairs"", ""Printed Material"", ""Design"", ""Colonial statesman"", ""Weapons"", ""Inkstand"", ""Statesman"", ""Chairs"", ""Swords"", ""Column"", ""Seating"", ""Rainbow"", ""Military and Intelligence"", ""Tables"", ""American Revolution (1775-1783)"", ""Public officers"", ""Presidents"", ""Nature"", ""Congressional Gold Medal"", ""Interior with Exterior View"", ""Farmers"", ""Architecture"", ""Government"", ""Interior decoration"", ""Birds"", ""Portraits"", ""Ecology"", ""Civilian awards"", ""Drafting & Writing Implements"", ""Furnishings"", ""Science and Technology"", ""Animals"", ""Agriculturists"", ""Surveyors"", ""Men"", ""Politics"", ""Writing table"", ""Pens"", ""Officer""]",1,"[""https://ids.si.edu/ids/deliveryService?id=NPG-NPG_2001_13_ext""]","https://ids.si.edu/ids/iiif/NPG-NPG_2001_13_ext/full/250,/0/default.jpg",George Washington,Gilbert Stuart,1796,men,
3239,https://collections.si.edu/search/detail/edanmdm:npg_NPG.2000.97,NPG,edanmdm:npg_NPG.2000.97,Marquis de Lafayette,"{""Credit Line"": ""National Portrait Gallery, Smithsonian Institution; gift of Milton and Ingrid Rose""}","{""Date"": ""1792""}","{""Object number"": ""NPG.2000.97""}","{""Artist"": ""John Jones, 1745 - 1797"", ""Sitter"": ""Marquis de Lafayette, 6 Sep 1757 - 20 May 1834""}",,"{""Type"": ""Print""}","{""Medium"": ""Stipple engraving on paper"", ""Dimensions"": ""Sheet: 26.5 x 20.4cm (10 7/16 x 8 1/16\"")""}",,,"{""Topic"": ""Interior\nCostume\\Dress Accessory\\Epaulet\nMarquis de Lafayette: Male\nMarquis de Lafayette: Military and Intelligence\\Army\\Officer\nMarquis de Lafayette: Military and Intelligence\\Army\\Officer\\Revolutionary War\nPortrait""}","[""1790s""]","[""United States. Army"", ""Lafayette"", ""Jones, John""]","[""Prints""]",,"[""Design"", ""Interior decoration"", ""Costume"", ""Military and Intelligence"", ""Men"", ""Dress accessories"", ""Portraits"", ""American Revolution (1775-1783)"", ""Officer""]",1,"[""https://ids.si.edu/ids/deliveryService?id=NPG-NPG_2000_97""]","https://ids.si.edu/ids/iiif/NPG-NPG_2000_97/full/250,/0/default.jpg",Marquis de Lafayette,John Jones,1792,Men,
