collectionsURL,unitCode,dataSource,title,EDANid,guid,recordLink,lastUpdateDate,creditLine,date,identifier,name,notes,objectType,physicalDescription,place,publisher,topic,indexed_dates,indexed_names,indexed_object_types,indexed_places,indexed_topics,mediaCount,mediaURLs,thumbnail,Sitter,Artist,Clean_Date,Gender,Occupation,faces,face_urls
https://collections.si.edu/search/detail/edanmdm:saam_XX108A,SAAM,Smithsonian American Art Museum,George Washington,edanmdm:saam_XX108A,http://n2t.net/ark:/65665/vk7c06aa8a1-8da1-47c8-884f-6a47cc2e6305,https://americanart.si.edu/collections/search/artwork/?id=27849,2024-11-22,"{""Credit Line"": ""Smithsonian American Art Museum, Transfer from the U.S. Department of the Interior through the General Services Administration""}","{""Date"": ""1803?""}","{""Object number"": ""XX108A""}","{""Attributed to"": ""William Winstanley, born England, active 1775-1806"", ""Sitter"": ""George Washington""}",,"{""Type"": ""Painting""}","{""Medium"": ""oil on canvas"", ""Dimensions"": ""30 1/2 x 25 1/4 in. (77.4 x 64.2 cm.)""}",,,"{""Topic"": ""Occupation\\political\\president\nPortrait male""}",[1800s],"['Washington, George', 'Winstanley, William']",[Paintings],[],"[Occupations, Men, Portraits, Political, Presidents]",1,['https://ids.si.edu/ids/deliveryService?id=SAAM-XX108A_1'],"https://ids.si.edu/ids/iiif/SAAM-XX108A_1/full/250,/0/default.jpg",George Washington,William Winstanley,1803,Men,President,"[[623, 441, 998, 968]]",https://github.com/nmolnar-parsons/revperiod_portraitfaces/blob/main/Portrait_Faces/Image_0_face_0.jpg?raw=true; 
https://collections.si.edu/search/detail/edanmdm:saam_2019.6.12,SAAM,Smithsonian American Art Museum,The Davis Children (Eliza Cheever Davis and John Derby Davis),edanmdm:saam_2019.6.12,http://n2t.net/ark:/65665/vk7db2de5a6-554f-456b-9ee6-437bc4f2e17b,https://americanart.si.edu/collections/search/artwork/?id=113483,2024-11-22,"{""Credit Line"": ""Smithsonian American Art Museum, Gift of Ralph and Bobbi Terkowitz""}","{""Date"": ""1795""}","{""Object number"": ""2019.6.12""}","{""Artist"": ""Edward Savage, born Princeton, MA 1761-died Princeton, MA 1817"", ""Sitter"": ""Eliza Cheever Davis\nJohn Derby Davis""}",,"{""Type"": ""Painting""}","{""Medium"": ""oil on canvas"", ""Dimensions"": ""48 1/2 x 38 1/2 in.""}",,,"{""Topic"": ""Landscape\nObject\\flower\\lily\nPortrait female\\child\nPortrait male\\child""}",[1790s],"['Savage, Edward', 'Davis, Eliza Cheever', 'Davis, John Derby']",[Paintings],[],"[Women, Landscapes, Men, Portraits, Flowers, Children, Lily]",1,['https://ids.si.edu/ids/deliveryService?id=SAAM-2019.6.12_1'],"https://ids.si.edu/ids/iiif/SAAM-2019.6.12_1/full/250,/0/default.jpg",Eliza Cheever Davis\nJohn Derby Davis,Edward Savage,1795,Women,Civilian,"[[1194, 446, 1359, 682], [492, 318, 670, 546]]",https://github.com/nmolnar-parsons/revperiod_portraitfaces/blob/main/Portrait_Faces/Image_1_face_0.jpg?raw=true; https://github.com/nmolnar-parsons/revperiod_portraitfaces/blob/main/Portrait_Faces/Image_1_face_1.jpg?raw=true; 
https://collections.si.edu/search/detail/edanmdm:saam_2010.16.2,SAAM,Smithsonian American Art Museum,John Swanwick,edanmdm:saam_2010.16.2,http://n2t.net/ark:/65665/vk73f915b19-cb1a-4dbf-ae93-98e3f71705d6,https://americanart.si.edu/collections/search/artwork/?id=78297,2024-11-22,"{""Credit Line"": ""Smithsonian American Art Museum, Transfer from the National Museum of American History, Smithsonian Institution""}","{""Date"": ""ca. 1800""}","{""Object number"": ""2010.16.2""}","{""Artist"": ""Matthew Pratt, born Philadelphia, PA 1734-died Philadelphia, PA 1805"", ""Sitter"": ""John Swanwick""}",,"{""Type"": ""Painting""}","{""Medium"": ""oil on canvas"", ""Dimensions"": ""35 3/4 x 30 7/8 in. (90.8 x 78.4 cm)""}",,,"{""Topic"": ""Object\\written matter\\book\nPortrait male\\waist length""}","[1800s, 1790s]","['Pratt, Matthew', 'Swanwick, John']",[Paintings],[],"[Books and reading, Men, Portraits]",1,['https://ids.si.edu/ids/deliveryService?id=SAAM-2010.16.2_1'],"https://ids.si.edu/ids/iiif/SAAM-2010.16.2_1/full/250,/0/default.jpg",John Swanwick,Matthew Pratt,1800,Men,Civilian,"[[480, 314, 815, 796]]",https://github.com/nmolnar-parsons/revperiod_portraitfaces/blob/main/Portrait_Faces/Image_2_face_0.jpg?raw=true; 
https://collections.si.edu/search/detail/edanmdm:saam_2010.16.1,SAAM,Smithsonian American Art Museum,Joseph Ball,edanmdm:saam_2010.16.1,http://n2t.net/ark:/65665/vk7106741b0-4bc3-4162-a543-0e7d5f7fd022,https://americanart.si.edu/collections/search/artwork/?id=78296,2024-11-22,"{""Credit Line"": ""Smithsonian American Art Museum, Transfer from the National Museum of American History, Smithsonian Institution""}","{""Date"": ""1798 -1805""}","{""Object number"": ""2010.16.1""}","{""Artist"": ""Christian Gullager, born Copenhagen, Denmark 1759-died Philadelphia, PA 1826"", ""Sitter"": ""Joseph Ball""}",,"{""Type"": ""Painting""}","{""Medium"": ""oil on canvas"", ""Dimensions"": ""44 x 35 1/2 in. (111.8 x 90.2 cm)""}",,,"{""Topic"": ""Portrait male\\waist length""}","[1800s, 1790s]","['Ball, Joseph', 'Gullager, Christian']",[Paintings],[],"[Men, Portraits]",1,['https://ids.si.edu/ids/deliveryService?id=SAAM-2010.16.1_1'],"https://ids.si.edu/ids/iiif/SAAM-2010.16.1_1/full/250,/0/default.jpg",Joseph Ball,Christian Gullager,1798,Men,Civilian,"[[639, 551, 953, 1032]]",https://github.com/nmolnar-parsons/revperiod_portraitfaces/blob/main/Portrait_Faces/Image_3_face_0.jpg?raw=true; 
https://collections.si.edu/search/detail/edanmdm:saam_2006.12.2,SAAM,Smithsonian American Art Museum,The Wiley Family,edanmdm:saam_2006.12.2,http://n2t.net/ark:/65665/vk70dfab768-2a70-4e91-9cd1-6901303d2a8c,https://americanart.si.edu/collections/search/artwork/?id=75442,2024-11-22,"{""Credit Line"": ""Smithsonian American Art Museum, Gift of Diane and Norman Bernstein""}","{""Date"": ""1771""}","{""Object number"": ""2006.12.2""}","{""Artist"": ""William Williams, born Bristol, England 1727-died Bristol, England 1791"", ""Sitter"": ""John Wiley""}","{""Gallery Label"": ""The Wiley family owned the largest distillery in New York City during the years surrounding the Revolutionary War. John Wiley, depicted in this group portrait with his mother and sisters, took over the distillery business after his father\u2019s death and became a successful merchant in his own right, operating a fleet of commercial ships. His older sister, elegantly dressed for the occasion, holds on her arm a tame squirrel-- a symbol of her decorum and her suitability for marriage. The younger daughter, like many teenage girls, looks as though she\u2019d rather be anywhere but with her family. In the distance is a fanciful view of lower Manhattan. The presentation of colonial life as prosperous and idyllic reminds us of how eager the family was to see themselves as old world aristocrats in a new world setting.""}","{""Type"": ""Painting""}","{""Medium"": ""oil on canvas"", ""Dimensions"": ""36 x 47 1/2 in. (91.4 x 120.7 cm)""}",,,"{""Topic"": ""Landscape\\river\nPortrait group\\family\nObject\\flower\nObject\\written matter\\book\nArchitecture Exterior\\industry\\windmill\nArchitecture Exterior\\detail\\wall\nPortrait male\\full length""}",[1770s],"['Wiley, John', 'Williams, William']",[Paintings],[],"[Landscapes, Industrialization, Books and reading, Wall, Architecture, Men, Portraits, Family, Windmill, Rivers, Flowers, Detail]",1,['https://ids.si.edu/ids/deliveryService?id=SAAM-2006.12.2_1'],"https://ids.si.edu/ids/iiif/SAAM-2006.12.2_1/full/250,/0/default.jpg",John Wiley,William Williams,1771,Men,Civilian,"[[1268, 496, 1332, 583], [942, 586, 1002, 666], [716, 583, 770, 651], [1450, 447, 1519, 539]]",https://github.com/nmolnar-parsons/revperiod_portraitfaces/blob/main/Portrait_Faces/Image_4_face_0.jpg?raw=true; https://github.com/nmolnar-parsons/revperiod_portraitfaces/blob/main/Portrait_Faces/Image_4_face_1.jpg?raw=true; https://github.com/nmolnar-parsons/revperiod_portraitfaces/blob/main/Portrait_Faces/Image_4_face_2.jpg?raw=true; https://github.com/nmolnar-parsons/revperiod_portraitfaces/blob/main/Portrait_Faces/Image_4_face_3.jpg?raw=true; 
https://collections.si.edu/search/detail/edanmdm:saam_2006.12.1,SAAM,Smithsonian American Art Museum,Robert Hooper,edanmdm:saam_2006.12.1,http://n2t.net/ark:/65665/vk72d0f38a8-a827-4f8a-a8ec-d5fbec08159a,https://americanart.si.edu/collections/search/artwork/?id=74789,2024-11-22,"{""Credit Line"": ""Smithsonian American Art Museum, Gift of Diane and Norman Bernstein""}","{""Date"": ""ca. 1770-1772""}","{""Object number"": ""2006.12.1""}","{""Artist"": ""John Singleton Copley, born Boston, MA 1738-died 1815 London, England"", ""Sitter"": ""Jr. Robert Hooper""}","{""Gallery Label"": ""Mr. Hooper was the son of Robert King Hooper, who owned a fishing fleet that worked out of Marblehead, Massachusetts. The younger man already sports the rotund physique that Copley had captured in a portrait of Hooper's father years earlier. Behind him, the sea, visible through an open window, recalls the source of his family\u2019s riches. Robert had graduated from Harvard in 1763, and Copley's painting shows him settling into the comfortable life of a merchant prince.\nCopley owed his living to this new class, whose wealth supported the artists, writers, and educators of the colonies. He had joined the elite not long before, through his marriage to Susanna Clarke, daughter of a prominent Boston merchant. The union literally moved Copley up in the world, where he and \""Sukey\"" bought property on Beacon Hill, above downtown Boston.Exhibition Label, Smithsonian American Art Museum, 2006""}","{""Type"": ""Painting""}","{""Medium"": ""oil on canvas"", ""Dimensions"": ""50 x 40 in. (127.0 x 101.6 cm)""}",,,"{""Topic"": ""Occupation\\industry\\fishing\nPortrait male""}",[1770s],"['Copley, John Singleton', 'Hooper, Robert, Jr.']",[Paintings],[],"[Industrialization, Occupations, Men, Portraits, Fishing]",1,['https://ids.si.edu/ids/deliveryService?id=SAAM-2006.12.1_1'],"https://ids.si.edu/ids/iiif/SAAM-2006.12.1_1/full/250,/0/default.jpg",Jr. Robert Hooper,John Singleton Copley,1770,Men,Civilian,"[[608, 338, 832, 623]]",https://github.com/nmolnar-parsons/revperiod_portraitfaces/blob/main/Portrait_Faces/Image_5_face_0.jpg?raw=true; 
https://collections.si.edu/search/detail/edanmdm:saam_1999.87.7A,SAAM,Smithsonian American Art Museum,Col. Nathaniel Darby,edanmdm:saam_1999.87.7A,http://n2t.net/ark:/65665/vk7230f9012-ccc2-4d31-832d-792d8ed209ae,https://americanart.si.edu/collections/search/artwork/?id=24627,2024-11-22,"{""Credit Line"": ""Smithsonian American Art Museum, Gift of Natalie Brooks Sears Shippen and William Brush Shippen""}","{""Date"": ""ca. 1798""}","{""Object number"": ""1999.87.7A""}","{""Artist"": ""Unidentified"", ""Sitter"": ""Col. Nathaniel Darby""}","{""Luce Center Label"": ""It is not always possible to identify the sitter in a miniature portrait, and research is still being done on some of the works in the Museum\u2019s collection. Miniatures became popular in England during the early 1700s, commissioned by wealthy families on the occasions of births, engagements, weddings, and bereavements. These paintings, elaborately set into lockets or brooches, provided the wearer with a sentimental connection to a loved one. The back of the miniature often revealed a lock of the sitter\u2019s hair, symbolizing affection, commitment, or loss. The daguerreotype, invented in 1839, provided a cheaper, faster alternative, and portrait miniatures grew less popular. At the turn of the twentieth century, with the establishment of the American Society of Miniature Painters, miniatures enjoyed a brief revival.""}","{""Type"": ""Painting-Miniature""}","{""Medium"": ""watercolor on ivory"", ""Dimensions"": ""sight 2 x 1 5/8 in. (5.1 x 4.0 cm) oval""}",,,"{""Topic"": ""Occupation\\military\\colonel\nPortrait male\\bust""}",[1790s],"['Darby, Nathaniel, Col.']",[Paintings],[],"[Occupations, Colonel, Men, Portraits, Military]",1,['https://ids.si.edu/ids/deliveryService?id=SAAM-1999.87.7A_1'],"https://ids.si.edu/ids/iiif/SAAM-1999.87.7A_1/full/250,/0/default.jpg",Col. Nathaniel Darby,Unidentified,1798,Men,Military,"[[605, 620, 979, 1145]]",https://github.com/nmolnar-parsons/revperiod_portraitfaces/blob/main/Portrait_Faces/Image_6_face_0.jpg?raw=true; 
https://collections.si.edu/search/detail/edanmdm:saam_1999.87.6,SAAM,Smithsonian American Art Museum,"Louis-Guillaume Otto, comte de Mosloy",edanmdm:saam_1999.87.6,http://n2t.net/ark:/65665/vk74c7d73d1-a7cf-4099-9a0b-7953aecaf5c3,https://americanart.si.edu/collections/search/artwork/?id=19290,2024-11-22,"{""Credit Line"": ""Smithsonian American Art Museum, Gift of Natalie Brooks Sears Shippen and William Brush Shippen""}","{""Date"": ""ca. 1780""}","{""Object number"": ""1999.87.6""}","{""Artist"": ""Charles Willson Peale, born Queen Anne's County, MD 1741-died Philadelphia, PA 1827"", ""Sitter"": ""Comte de Mosloy Louis Guillaume Otto""}","{""Luce Center Label"": ""Otto Louis-Guillaume (1754-1817) was a French diplomat who served as minister to the United States in 1779. He was secretary of the French Legation in America in 1782, and returned to France three years later. In Europe he enjoyed a successful career as a diplomat, signing on behalf of Napoleon the Treaty of Amiens in 1802. This treaty achieved fourteen months of peace in Europe during the French Revolution and the Napoleonic Wars.""}","{""Type"": ""Painting-Miniature""}","{""Medium"": ""watercolor on ivory"", ""Dimensions"": ""sight 1 3/8 x 1 in. (3.5 x 2.5 cm) oval""}",,,"{""Topic"": ""Occupation\\other\\aristocrat\nPortrait male\\bust""}",[1780s],"['Otto, Louis Guillaume, Comte de Mosloy', 'Peale, Charles Willson']",[Paintings],[],"[Occupations, Men, Portraits, 'Aristocracy (Social class)']",1,['https://ids.si.edu/ids/deliveryService?id=SAAM-1999.87.6_1'],"https://ids.si.edu/ids/iiif/SAAM-1999.87.6_1/full/250,/0/default.jpg",Comte de Mosloy Louis Guillaume Otto,Charles Willson Peale,1780,Men,Civilian,"[[1043, 806, 1400, 1320]]",https://github.com/nmolnar-parsons/revperiod_portraitfaces/blob/main/Portrait_Faces/Image_7_face_0.jpg?raw=true; 
https://collections.si.edu/search/detail/edanmdm:saam_1999.87.5,SAAM,Smithsonian American Art Museum,William Shippen,edanmdm:saam_1999.87.5,http://n2t.net/ark:/65665/vk7c98492ae-0664-47b4-bfe6-c8fff319377b,https://americanart.si.edu/collections/search/artwork/?id=19305,2024-11-22,"{""Credit Line"": ""Smithsonian American Art Museum, Gift of Natalie Brooks Sears Shippen and William Brush Shippen""}","{""Date"": ""1794""}","{""Object number"": ""1999.87.5""}","{""Artist"": ""James Peale, born Chestertown, MD 1749-died Philadelphia, PA 1831"", ""Sitter"": ""William Shippen""}","{""Luce Center Label"": ""William Shippen (1792-1867) was two or three years old when James Peale painted this miniature of him. William was the older brother of Thomas Lee Shippen, whose miniature was also painted by Peale [see 1999.87.4]. William would go on to earn a medical degree, and in 1817 he married Mary Louise Shore. The miniature is inscribed to William and Mary Louise\u2019s oldest niece, Jane Gray Wharton, from her mother.""}","{""Type"": ""Painting-Miniature""}","{""Medium"": ""watercolor on ivory"", ""Dimensions"": ""sight 1 3/4 x 1 3/8 in. (4.4 x 3.5 cm) oval""}",,,"{""Topic"": ""Figure male\\child\\bust\nPortrait male\\bust""}",[1790s],"['Shippen, William', 'Peale, James']",[Paintings],[],"[Men, Figure male, Portraits, Children]",1,['https://ids.si.edu/ids/deliveryService?id=SAAM-1999.87.5_1'],"https://ids.si.edu/ids/iiif/SAAM-1999.87.5_1/full/250,/0/default.jpg",William Shippen,James Peale,1794,Men,Civilian,"[[639, 600, 1069, 1116]]",https://github.com/nmolnar-parsons/revperiod_portraitfaces/blob/main/Portrait_Faces/Image_8_face_0.jpg?raw=true; 
https://collections.si.edu/search/detail/edanmdm:saam_1999.87.4,SAAM,Smithsonian American Art Museum,Thomas Lee Shippen,edanmdm:saam_1999.87.4,http://n2t.net/ark:/65665/vk717901dd9-63e8-4076-a507-8607a3eb9010,https://americanart.si.edu/collections/search/artwork/?id=19304,2024-11-22,"{""Credit Line"": ""Smithsonian American Art Museum, Gift of Natalie Brooks Sears Shippen and William Brush Shippen""}","{""Date"": ""1795""}","{""Object number"": ""1999.87.4""}","{""Artist"": ""James Peale, born Chestertown, MD 1749-died Philadelphia, PA 1831"", ""Sitter"": ""Thomas Lee Shippen""}","{""Luce Center Label"": ""Thomas Shippen (1793-1810) was two or three years old when James Peale painted this miniature. Thomas and his brother, William---whose miniature by James Peale is also in this collection <b>[see 1999.87.5]</b>---were the sons of Thomas Lee Shippen (1765-1798) and Elizabeth Carter Farley (1774-1826). Farley\u2019s miniature, painted by Hugh Bridport, is also in this collection <b>[see 1999.87.2]</b>.""}","{""Type"": ""Painting-Miniature""}","{""Medium"": ""watercolor on ivory"", ""Dimensions"": ""sight 1 3/4 x 1 3/8 in. (4.4 x 3.5 cm) oval""}",,,"{""Topic"": ""Figure male\\child\\bust\nPortrait male\\bust""}",[1790s],"['Shippen, Thomas Lee', 'Peale, James']",[Paintings],[],"[Men, Figure male, Portraits, Children]",1,['https://ids.si.edu/ids/deliveryService?id=SAAM-1999.87.4_1'],"https://ids.si.edu/ids/iiif/SAAM-1999.87.4_1/full/250,/0/default.jpg",Thomas Lee Shippen,James Peale,1795,Men,Civilian,"[[589, 669, 940, 1099]]",https://github.com/nmolnar-parsons/revperiod_portraitfaces/blob/main/Portrait_Faces/Image_9_face_0.jpg?raw=true; 
https://collections.si.edu/search/detail/edanmdm:saam_1999.87.3,SAAM,Smithsonian American Art Museum,Jane Gray Wall,edanmdm:saam_1999.87.3,http://n2t.net/ark:/65665/vk7f2013827-7dcc-4f2f-b885-5575735b5957,https://americanart.si.edu/collections/search/artwork/?id=3468,2024-11-22,"{""Credit Line"": ""Smithsonian American Art Museum, Gift of Natalie Brooks Sears Shippen and William Brush Shippen""}","{""Date"": ""ca. 1795""}","{""Object number"": ""1999.87.3""}","{""Artist"": ""Joseph Francis Burrell, English, born 1770-died after 1854"", ""Sitter"": ""Jane Gray Wall""}","{""Luce Center Label"": ""In June 1793, Jane Gray Wall married Thomas Shore, a landowner in Dinwiddie County, Virginia. In 1817 their daughter, Mary Louise Shore, married Doctor William Shippen, whose miniature, painted when he was a toddler, is in this collection <b>[see 1999.87.5]</b>. According to an inscription on the back of Jane Wall\u2019s miniature, it was painted in Soho Square in London. This suggests that she was visiting Europe, as many other Americans did to further their education during the eighteenth and nineteenth centuries.""}","{""Type"": ""Painting-Miniature""}","{""Medium"": ""watercolor on ivory"", ""Dimensions"": ""3 1/8 x 2 1/2 in. (7.9 x 6.4 cm)""}",,,"{""Topic"": ""Portrait female\\bust""}",[1790s],"['Wall, Jane Gray', 'Burrell, Joseph Francis']",[Paintings],[],"[Women, Portraits]",1,['https://ids.si.edu/ids/deliveryService?id=SAAM-1999.87.3_1'],"https://ids.si.edu/ids/iiif/SAAM-1999.87.3_1/full/250,/0/default.jpg",Jane Gray Wall,Joseph Francis Burrell,1795,Women,Civilian,"[[1394, 437, 1549, 650]]",https://github.com/nmolnar-parsons/revperiod_portraitfaces/blob/main/Portrait_Faces/Image_10_face_0.jpg?raw=true; 
https://collections.si.edu/search/detail/edanmdm:saam_1999.87.1,SAAM,Smithsonian American Art Museum,Anne Hume Shippen,edanmdm:saam_1999.87.1,http://n2t.net/ark:/65665/vk7db04a08c-757c-4039-b579-2aa2dd379655,https://americanart.si.edu/collections/search/artwork/?id=24234,2024-11-22,"{""Credit Line"": ""Smithsonian American Art Museum, Gift of Natalie Brooks Sears Shippen and William Brush Shippen""}","{""Date"": ""ca. 1796""}","{""Object number"": ""1999.87.1""}","{""Artist"": ""Benjamin Trott, born Boston, MA ca. 1770-died Washington, DC 1843"", ""Sitter"": ""Anne Hume Shippen""}","{""Luce Center Label"": ""Benjamin Trott's portrait of Anne Hume \""Nancy\"" Shippen is a rare example, because he painted very few women early in his career. The sitter was regarded by her numerous admirers as \""sweet to look upon, and sweeter yet to hold.\"" To please her parents, Shippen broke off an engagement with the man she loved in order to marry Colonel Henry Beekman Livingston in 1781. The marriage established ties of kinship among the Lees, Washingtons, and Livingstons, three prominent families from the nation's early history. Shippen ultimately left her husband and lived the rest of her days with her parents. Their daughter, Peggy, was sent to live with Colonel Livingston's mother until she was sixteen to protect her inheritance from her grandmother.""}","{""Type"": ""Painting-Miniature""}","{""Medium"": ""watercolor on ivory"", ""Dimensions"": ""sight 2 5/8 x 2 1/8 in. (6.7 x 5.3 cm) oval""}",,,"{""Topic"": ""Portrait female\\bust""}",[1790s],"['Shippen, Anne Hume', 'Trott, Benjamin']",[Paintings],[],"[Women, Portraits]",1,['https://ids.si.edu/ids/deliveryService?id=SAAM-1999.87.1_1'],"https://ids.si.edu/ids/iiif/SAAM-1999.87.1_1/full/250,/0/default.jpg",Anne Hume Shippen,Benjamin Trott,1796,Women,Civilian,"[[624, 665, 958, 1113]]",https://github.com/nmolnar-parsons/revperiod_portraitfaces/blob/main/Portrait_Faces/Image_11_face_0.jpg?raw=true; 
https://collections.si.edu/search/detail/edanmdm:saam_1999.27.9,SAAM,Smithsonian American Art Museum,"Benjamin Hurd, Jr.",edanmdm:saam_1999.27.9,http://n2t.net/ark:/65665/vk7daa7bdae-7032-4220-806a-52d7b4b05b01,https://americanart.si.edu/collections/search/artwork/?id=38336,2024-11-22,"{""Credit Line"": ""Smithsonian American Art Museum, Bequest of Mary Elizabeth Spencer""}","{""Date"": ""ca. 1804-1818""}","{""Object number"": ""1999.27.9""}","{""Artist"": ""William M. S. Doyle, born Boston, MA 1769-died Boston, MA 1828"", ""Sitter"": ""Jr. Benjamin Hurd""}","{""Luce Center Label"": ""Benjamin Hurd Jr. (1778-1818) was born in Roxbury, Massachusetts. His grandfather Jacob Hurd (1702-1758) was a leading silversmith in colonial Boston, and the artist\u2019s father and uncle both followed in the trade.""}","{""Type"": ""Painting-Miniature""}","{""Medium"": ""watercolor on ivory"", ""Dimensions"": ""image (oval): 2 1/4 x 1 3/4 in. (5.7 x 4.5 cm)""}",,,"{""Topic"": ""Portrait male\\bust""}","[1800s, 1810s]","['Hurd, Benjamin, Jr.', 'Doyle, William M. S.']",[Paintings],[],"[Men, Portraits]",1,['https://ids.si.edu/ids/deliveryService?id=SAAM-1999.27.9_1'],"https://ids.si.edu/ids/iiif/SAAM-1999.27.9_1/full/250,/0/default.jpg",Jr. Benjamin Hurd,William M. S. Doyle,1804,Men,Civilian,"[[454, 604, 872, 1177]]",https://github.com/nmolnar-parsons/revperiod_portraitfaces/blob/main/Portrait_Faces/Image_12_face_0.jpg?raw=true; 
https://collections.si.edu/search/detail/edanmdm:saam_1999.27.80,SAAM,Smithsonian American Art Museum,John Dallas,edanmdm:saam_1999.27.80,http://n2t.net/ark:/65665/vk76996fbc4-9e28-4a0f-85bf-b66d02be16d7,https://americanart.si.edu/collections/search/artwork/?id=38415,2024-11-22,"{""Credit Line"": ""Smithsonian American Art Museum, Bequest of Mary Elizabeth Spencer""}","{""Date"": ""ca. 1801""}","{""Object number"": ""1999.27.80""}","{""Artist"": ""Unidentified"", ""Sitter"": ""John Dallas""}","{""Luce Center Label"": ""The inscription attached to this miniature reads: \u201cJohn Dallas Departed this life February 11 1801 Aged 38 Years & 10 months.\u201d John\u2019s death date and the burgundy velour frame suggest that this was a piece of mourning jewelry, given to a loved one to remember the deceased. The formality of the sitter\u2019s dress and pose contrast with his disheveled hair and ravaged face. His appearance implies a mortal illness, while the artist\u2019s careful placement of the sitter next to a window suggests a release from suffering.""}","{""Type"": ""Painting-Miniature""}","{""Medium"": ""oil on panel"", ""Dimensions"": ""image (oval): 6 5/16 x 4 1/4 in. (16.0 x 10.7 cm)""}",,,"{""Topic"": ""Portrait male\\waist length""}",[1800s],"['Dallas, John']",[Paintings],[],"[Men, Portraits]",1,['https://ids.si.edu/ids/deliveryService?id=SAAM-1999.27.80_1'],"https://ids.si.edu/ids/iiif/SAAM-1999.27.80_1/full/250,/0/default.jpg",John Dallas,Unidentified,1801,Men,Civilian,"[[702, 761, 860, 970]]",https://github.com/nmolnar-parsons/revperiod_portraitfaces/blob/main/Portrait_Faces/Image_13_face_0.jpg?raw=true; 
https://collections.si.edu/search/detail/edanmdm:saam_1999.27.7,SAAM,Smithsonian American Art Museum,Peter Boylston Adams?,edanmdm:saam_1999.27.7,http://n2t.net/ark:/65665/vk7c3a25ca5-69b3-490f-99e2-945eacf2a728,https://americanart.si.edu/collections/search/artwork/?id=38334,2024-11-22,"{""Credit Line"": ""Smithsonian American Art Museum, Bequest of Mary Elizabeth Spencer""}","{""Date"": ""ca. 1765-1770""}","{""Object number"": ""1999.27.7""}","{""Artist"": ""John Singleton Copley, born Boston, MA 1738-died 1815 London, England"", ""Sitter"": ""Peter Boylston Adams""}","{""Luce Center Label"": ""This miniature is thought to show Peter Boylston Adams, who was born in Norfolk, Massachusetts, in 1738. Peter was the brother of the second president of the United States, John Adams, and a captain in the Revolutionary War. He married Mary Crosby in 1768, and this miniature may have been painted to commemorate their wedding.""}","{""Type"": ""Painting-Miniature""}","{""Medium"": ""oil on copper"", ""Dimensions"": ""image (oval): 3 1/8 x 2 1/2 in. (7.8 x 6.2 cm)""}",,,"{""Topic"": ""Portrait male\\bust""}","[1770s, 1760s]","['Adams, Peter Boylston', 'Copley, John Singleton']",[Paintings],[],"[Men, Portraits]",1,['https://ids.si.edu/ids/deliveryService?id=SAAM-1999.27.7_1'],"https://ids.si.edu/ids/iiif/SAAM-1999.27.7_1/full/250,/0/default.jpg",Peter Boylston Adams,John Singleton Copley,1765,Men,Civilian,"[[621, 591, 935, 1043]]",https://github.com/nmolnar-parsons/revperiod_portraitfaces/blob/main/Portrait_Faces/Image_14_face_0.jpg?raw=true; 
https://collections.si.edu/search/detail/edanmdm:saam_1999.27.68,SAAM,Smithsonian American Art Museum,Joseph Fox,edanmdm:saam_1999.27.68,http://n2t.net/ark:/65665/vk74a9435a8-a911-475e-8af7-adcdd2208cb3,https://americanart.si.edu/collections/search/artwork/?id=38400,2024-11-22,"{""Credit Line"": ""Smithsonian American Art Museum, Bequest of Mary Elizabeth Spencer""}","{""Date"": ""1790s""}","{""Object number"": ""1999.27.68""}","{""Artist"": ""Unidentified"", ""Sitter"": ""Joseph Fox""}","{""Luce Center Label"": ""Joseph Fox was a prominent citizen of Fitchburg, Massachusetts, where he served as town clerk, taxman, and highway surveyor. In 1769 he married Mary Tuttle, and together they had six children. In his later years he acted as town treasurer, made unsuccessful bids for the state senate, and became a justice of the peace. The portrait shows a middle-aged man with the powdered hair that befitted a political figure of the early 1800s. The artist chose to show Fox with a thoughtful, alert expression, as if he had just been posed a difficult question.""}","{""Type"": ""Painting-Miniature""}","{""Medium"": ""watercolor on ivory"", ""Dimensions"": ""image (oval): 2 1/2 x 2 in. (6.4 x 5.1 cm)""}",,,"{""Topic"": ""Portrait male\\bust""}",[1790s],"['Fox, Joseph']",[Paintings],[],"[Men, Portraits]",1,['https://ids.si.edu/ids/deliveryService?id=SAAM-1999.27.68_1'],"https://ids.si.edu/ids/iiif/SAAM-1999.27.68_1/full/250,/0/default.jpg",Joseph Fox,Unidentified,1790,Men,Civilian,"[[502, 637, 871, 1122]]",https://github.com/nmolnar-parsons/revperiod_portraitfaces/blob/main/Portrait_Faces/Image_15_face_0.jpg?raw=true; 
https://collections.si.edu/search/detail/edanmdm:saam_1999.27.58,SAAM,Smithsonian American Art Museum,John Quincy Adams,edanmdm:saam_1999.27.58,http://n2t.net/ark:/65665/vk7fea6b9dc-2d00-4242-84c7-cca8e75154a8,https://americanart.si.edu/collections/search/artwork/?id=38389,2024-11-22,"{""Credit Line"": ""Smithsonian American Art Museum, Bequest of Mary Elizabeth Spencer""}","{""Date"": ""early 19th century""}","{""Object number"": ""1999.27.58""}","{""Artist"": ""Unidentified"", ""Sitter"": ""John Quincy Adams""}","{""Luce Center Label"": ""Son of John and Abigail Adams, John Quincy Adams grew up ambitious and educated. At ten he accompanied his father to Europe on a diplomatic mission. He practiced law in Boston, and in 1825 became the sixth president of the United States. In 1830 he was elected to the House of Representatives and earned the nickname \u201cOld Man Eloquent\u201d for his support of the arts and sciences. He was also known for his opposition to slavery, and fought for several years to repeal the \u201cgag rule\u201d that prevented Congress from accepting antislavery petitions. His political career came to an end in 1848 when he collapsed on the floor of the House from a stroke. He died two days later and was buried at First Parish Church in Quincy, Massachusetts. This early-nineteenth-century miniature depicts Adams many years before his death. His arched brow and intense gaze reflect the intelligence and motivation that shaped a successful political career.""}","{""Type"": ""Painting-Miniature""}","{""Medium"": ""enamel on porcelain"", ""Dimensions"": ""image: 7/8 x 3/4 in. (2.2 x 1.9 cm)""}",,,"{""Topic"": ""Portrait male\\bust""}","[1800s, 1850s]","['Adams, John Quincy']",[Paintings],[],"[Men, Portraits]",1,['https://ids.si.edu/ids/deliveryService?id=SAAM-1999.27.58_1'],"https://ids.si.edu/ids/iiif/SAAM-1999.27.58_1/full/250,/0/default.jpg",John Quincy Adams,Unidentified,19,Men,President,"[[632, 530, 1011, 1044]]",https://github.com/nmolnar-parsons/revperiod_portraitfaces/blob/main/Portrait_Faces/Image_16_face_0.jpg?raw=true; 
https://collections.si.edu/search/detail/edanmdm:saam_1999.27.52,SAAM,Smithsonian American Art Museum,Conrad Wunder,edanmdm:saam_1999.27.52,http://n2t.net/ark:/65665/vk7109e6918-e0ac-49ef-9755-6a841aac92ad,https://americanart.si.edu/collections/search/artwork/?id=38383,2024-11-22,"{""Credit Line"": ""Smithsonian American Art Museum, Bequest of Mary Elizabeth Spencer""}","{""Date"": ""1797""}","{""Object number"": ""1999.27.52""}","{""Artist"": ""Unidentified"", ""Sitter"": ""Conrad Wunder""}","{""Luce Center Label"": ""It is not always possible to identify the sitter in a miniature portrait, and research is still being done on some of the works in the Museum\u2019s collection. Miniatures became popular in England during the early 1700s, commissioned by wealthy families on the occasions of births, engagements, weddings, and bereavements. These paintings, elaborately set into lockets or brooches, provided the wearer with a sentimental connection to a loved one. The back of the miniature often revealed a lock of the sitter\u2019s hair, symbolizing affection, commitment, or loss. The daguerreotype, invented in 1839, provided a cheaper, faster alternative, and portrait miniatures grew less popular. At the turn of the twentieth century, with the establishment of the American Society of Miniature Painters, miniatures enjoyed a brief revival. Conservation of this miniature was made possible through a generous grant provided by the Smithsonian Women\u2019s Committee.""}","{""Type"": ""Painting-Miniature""}","{""Medium"": ""gouache on gessoed vellum"", ""Dimensions"": ""sight 5 1/2 x 3 7/8 in. (14.0 x 9.7 cm)""}",,,"{""Topic"": ""Portrait male\\bust""}",[1790s],"['Wunder, Conrad']",[Paintings],[],"[Men, Portraits]",1,['https://ids.si.edu/ids/deliveryService?id=SAAM-1999.27.52_1'],"https://ids.si.edu/ids/iiif/SAAM-1999.27.52_1/full/250,/0/default.jpg",Conrad Wunder,Unidentified,1797,Men,Civilian,"[[647, 591, 871, 942]]",https://github.com/nmolnar-parsons/revperiod_portraitfaces/blob/main/Portrait_Faces/Image_17_face_0.jpg?raw=true; 
https://collections.si.edu/search/detail/edanmdm:saam_1999.27.51,SAAM,Smithsonian American Art Museum,David Livingston,edanmdm:saam_1999.27.51,http://n2t.net/ark:/65665/vk724a71b81-32fa-4c6e-9906-a532c7c9ae28,https://americanart.si.edu/collections/search/artwork/?id=38382,2024-11-22,"{""Credit Line"": ""Smithsonian American Art Museum, Bequest of Mary Elizabeth Spencer""}","{""Date"": ""ca. 1800""}","{""Object number"": ""1999.27.51""}","{""Artist"": ""Joseph Wood, born Clarkstown, NY 1778-died Washington, DC 1830"", ""Sitter"": ""David Livingston""}","{""Luce Center Label"": ""One possible candidate for this portrait was David Livingston of Washington, New York, who was born around 1775. This portrait shows him in his mid-twenties, with the ruffled hair and costume typical of the romantic revival that took place at the turn of the nineteenth century.""}","{""Type"": ""Painting-Miniature""}","{""Medium"": ""watercolor on ivory"", ""Dimensions"": ""image (oval): 2 7/8 x 2 3/8 in. (7.3 x 6.1 cm)""}",,,"{""Topic"": ""Portrait male\\bust""}",[1800s],"['Livingston, David', 'Wood, Joseph']",[Paintings],[],"[Men, Portraits]",1,['https://ids.si.edu/ids/deliveryService?id=SAAM-1999.27.51_1'],"https://ids.si.edu/ids/iiif/SAAM-1999.27.51_1/full/250,/0/default.jpg",David Livingston,Joseph Wood,1800,Men,Civilian,"[[569, 719, 908, 1213]]",https://github.com/nmolnar-parsons/revperiod_portraitfaces/blob/main/Portrait_Faces/Image_18_face_0.jpg?raw=true; 
https://collections.si.edu/search/detail/edanmdm:saam_1999.27.47,SAAM,Smithsonian American Art Museum,Mary Walsh McBlair,edanmdm:saam_1999.27.47,http://n2t.net/ark:/65665/vk797aa5123-ecfc-4239-b279-cde13a29592c,https://americanart.si.edu/collections/search/artwork/?id=38377,2024-11-22,"{""Credit Line"": ""Smithsonian American Art Museum, Bequest of Mary Elizabeth Spencer""}","{""Date"": ""ca. 1801-1872""}","{""Object number"": ""1999.27.47""}","{""Copy after"": ""Thomas Sully, born Horncastle, England 1783-died Philadelphia, PA 1872"", ""Sitter"": ""Mary Walsh McBlair""}","{""Luce Center Label"": ""Thomas Sully traveled to England to study under Benjamin West in 1809. Upon his return, he emerged as one of Philadelphia\u2019s leading miniaturists, and by 1830 was regarded as one of the best portrait painters in the country. Compared with his earlier, realistic work, Mary Walsh McBlair is painted in the more sentimental and romantic style that he adopted during his stay in England.""}","{""Type"": ""Painting-Miniature""}","{""Medium"": ""watercolor on ivory"", ""Dimensions"": ""image (oval): 1 1/2 x 1 1/8 in. (3.7 x 2.9 cm)""}",,,"{""Topic"": ""Portrait female\\head""}","[1800s, 1870s]","['McBlair, Mary Walsh', 'Sully, Thomas']",[Paintings],[],"[Women, Portraits]",1,['https://ids.si.edu/ids/deliveryService?id=SAAM-1999.27.47_1'],"https://ids.si.edu/ids/iiif/SAAM-1999.27.47_1/full/250,/0/default.jpg",Mary Walsh McBlair,,1801,Women,Civilian,"[[401, 781, 831, 1404]]",https://github.com/nmolnar-parsons/revperiod_portraitfaces/blob/main/Portrait_Faces/Image_19_face_0.jpg?raw=true; 
https://collections.si.edu/search/detail/edanmdm:saam_1999.27.43,SAAM,Smithsonian American Art Museum,Mrs. Philip John Schuyler (Catherine van Rensselaer),edanmdm:saam_1999.27.43,http://n2t.net/ark:/65665/vk72424de50-cb92-41f9-8c11-3947b528d7b1,https://americanart.si.edu/collections/search/artwork/?id=38373,2024-11-22,"{""Credit Line"": ""Smithsonian American Art Museum, Bequest of Mary Elizabeth Spencer""}","{""Date"": ""ca. 1795""}","{""Object number"": ""1999.27.43""}","{""Artist"": ""Walter Robertson, Irish, born Dublin, Ireland ca. 1750-died Fatehpur, India 1801/02"", ""Sitter"": ""Mrs. Philip van Rensselaer Schuyler\nMrs. Philip van Rensselaer Schuyler""}","{""Luce Center Label"": ""The marriage of Catherine van Rensselaer (1734-1803) and Philip Schuyler in 1755 united two of the oldest and most prominent families of Albany, New York. Their home, Schuyler Mansion, is now a landmark. \u201cKitty,\u201d as she was known, was considered quite a beauty in her youth, but here she is a much older woman. She gave birth to fifteen children, three of whom were born after she had turned forty years old.""}","{""Type"": ""Painting-Miniature""}","{""Medium"": ""watercolor on ivory"", ""Dimensions"": ""image: 3 15/16 x 3 1/16 in. (10.0 x 7.8 cm)""}",,,"{""Topic"": ""Dress\\accessory\\hat\nPortrait female\\bust\nPortrait female\\elderly""}",[1790s],"['Schuyler, Philip van Rensselaer, Mrs.', 'Robertson, Walter']",[Paintings],[],"[Women, Older people, Clothing and dress, Dress accessories, Portraits, Hats]",1,['https://ids.si.edu/ids/deliveryService?id=SAAM-1999.27.43_1'],"https://ids.si.edu/ids/iiif/SAAM-1999.27.43_1/full/250,/0/default.jpg",Mrs. Philip van Rensselaer Schuyler\nMrs. Philip van Rensselaer Schuyler,Walter Robertson,1795,Women,Civilian,"[[1399, 408, 1557, 612]]",https://github.com/nmolnar-parsons/revperiod_portraitfaces/blob/main/Portrait_Faces/Image_20_face_0.jpg?raw=true; 
https://collections.si.edu/search/detail/edanmdm:saam_1999.27.41,SAAM,Smithsonian American Art Museum,Major-General Anthony Wayne,edanmdm:saam_1999.27.41,http://n2t.net/ark:/65665/vk767175650-0420-4284-9d5f-274827307dbb,https://americanart.si.edu/collections/search/artwork/?id=38371,2024-11-22,"{""Credit Line"": ""Smithsonian American Art Museum, Bequest of Mary Elizabeth Spencer""}","{""Date"": ""ca. 1795""}","{""Object number"": ""1999.27.41""}","{""Artist"": ""James Peale, born Chestertown, MD 1749-died Philadelphia, PA 1831"", ""Sitter"": ""Anthony Wayne""}","{""Luce Center Label"": ""\u201cMad Anthony\u201d Wayne (1745-1796) was one of the most colorful figures of the American Revolution. His early training as a surveyor came in handy as he guided his troops during the Valley Forge campaign. Following the surrender of Cornwallis at Yorktown, Washington sent Wayne into South Carolina to chase the British out, after which he was promoted to major general. He returned home in 1783 and reentered the Pennsylvania legislature, where he had served until 1775. When Washington appointed him commander in chief of the United States Army, Wayne turned to fighting Indian tribes along the Great Lakes, finally achieving peace with the Treaty of Greenville in 1795 before retiring from military service. He chose to be depicted in this miniature in his uniform at the rank of major general, probably as he reentered the legislature.""}","{""Type"": ""Painting-Miniature""}","{""Medium"": ""watercolor on ivory"", ""Dimensions"": ""image (oval): 1 3/4 x 1 3/8 in. (4.5 x 3.4 cm)""}",,,"{""Topic"": ""Dress\\uniform\\military uniform\nOccupation\\military\\general\nPortrait male\\bust""}",[1790s],"['Peale, James', 'Wayne, Anthony']",[Paintings],[],"[Uniforms, Occupations, Clothing and dress, Men, Portraits, Military]",1,['https://ids.si.edu/ids/deliveryService?id=SAAM-1999.27.41_1'],"https://ids.si.edu/ids/iiif/SAAM-1999.27.41_1/full/250,/0/default.jpg",Anthony Wayne,James Peale,1795,Men,Military,"[[535, 573, 952, 1141]]",https://github.com/nmolnar-parsons/revperiod_portraitfaces/blob/main/Portrait_Faces/Image_21_face_0.jpg?raw=true; 
https://collections.si.edu/search/detail/edanmdm:saam_1999.27.35,SAAM,Smithsonian American Art Museum,John Tower,edanmdm:saam_1999.27.35,http://n2t.net/ark:/65665/vk787b09086-cba3-400c-b7e9-213150b516b2,https://americanart.si.edu/collections/search/artwork/?id=38365,2024-11-22,"{""Credit Line"": ""Smithsonian American Art Museum, Bequest of Mary Elizabeth Spencer""}","{""Date"": ""1806""}","{""Object number"": ""1999.27.35""}","{""Artist"": ""James Peale, born Chestertown, MD 1749-died Philadelphia, PA 1831"", ""Sitter"": ""John Tower""}","{""Luce Center Label"": ""The only clues to this man\u2019s identity are the interlocking initials \u201cJT\u201d on the back of the locket, and the miniature\u2019s descent in a branch of John Tower\u2019s family. It is presumed that this man was John Tower, who was married to Elizabeth Cruger, granddaughter of John Cruger, who was mayor of New York from 1739 to 1744.""}","{""Type"": ""Painting-Miniature""}","{""Medium"": ""watercolor on ivory"", ""Dimensions"": ""sight 2 5/8 x 2 1/8 in. (6.7 x 5.3 cm) oval""}",,,"{""Topic"": ""Portrait male\\bust""}",[1800s],"['Tower, John', 'Peale, James']",[Paintings],[],"[Men, Portraits]",1,['https://ids.si.edu/ids/deliveryService?id=SAAM-1999.27.35_1'],"https://ids.si.edu/ids/iiif/SAAM-1999.27.35_1/full/250,/0/default.jpg",John Tower,James Peale,1806,Men,Civilian,"[[555, 600, 913, 1080]]",https://github.com/nmolnar-parsons/revperiod_portraitfaces/blob/main/Portrait_Faces/Image_22_face_0.jpg?raw=true; 
https://collections.si.edu/search/detail/edanmdm:saam_1999.27.33,SAAM,Smithsonian American Art Museum,Capt. John Gassoway,edanmdm:saam_1999.27.33,http://n2t.net/ark:/65665/vk7dac20472-cb87-49c9-9804-0f2d863c95a8,https://americanart.si.edu/collections/search/artwork/?id=38363,2024-11-22,"{""Credit Line"": ""Smithsonian American Art Museum, Bequest of Mary Elizabeth Spencer""}","{""Date"": ""ca. 1790""}","{""Object number"": ""1999.27.33""}","{""Artist"": ""Charles Willson Peale, born Queen Anne's County, MD 1741-died Philadelphia, PA 1827"", ""Sitter"": ""John Gassoway""}","{""Luce Center Label"": ""Captain John Gassoway (1754-1820), also spelled Gassaway, was wounded and taken prisoner at the disastrous Battle of Camden, fought by Revolutionary forces in South Carolina in 1780. Branches of his family occupy a prominent role in the history of South Carolina, and Anne Arundel County, Maryland. Conservation of this miniature was made possible through a generous grant provided by the Smithsonian Women\u2019s Committee.""}","{""Type"": ""Painting-Miniature""}","{""Medium"": ""watercolor on ivory"", ""Dimensions"": ""sight 1 1/2 x 1 1/8 in. (3.8 x 2.9 cm) oval""}",,,"{""Topic"": ""Dress\\uniform\\military uniform\nOccupation\\military\\captain\nPortrait male\\bust""}",[1790s],"['Gassoway, John', 'Peale, Charles Willson']",[Paintings],[],"[Uniforms, Occupations, Clothing and dress, Men, Portraits, Captain, Military]",1,['https://ids.si.edu/ids/deliveryService?id=SAAM-1999.27.33_1'],"https://ids.si.edu/ids/iiif/SAAM-1999.27.33_1/full/250,/0/default.jpg",John Gassoway,Charles Willson Peale,1790,Men,Military,"[[515, 655, 957, 1241]]",https://github.com/nmolnar-parsons/revperiod_portraitfaces/blob/main/Portrait_Faces/Image_23_face_0.jpg?raw=true; 
https://collections.si.edu/search/detail/edanmdm:saam_1999.27.32,SAAM,Smithsonian American Art Museum,Colonel John Cox,edanmdm:saam_1999.27.32,http://n2t.net/ark:/65665/vk71e225ea4-a449-41b3-9b4f-441d33c39b3a,https://americanart.si.edu/collections/search/artwork/?id=38362,2024-11-22,"{""Credit Line"": ""Smithsonian American Art Museum, Bequest of Mary Elizabeth Spencer""}","{""Date"": ""1778""}","{""Object number"": ""1999.27.32""}","{""Artist"": ""Charles Willson Peale, born Queen Anne's County, MD 1741-died Philadelphia, PA 1827"", ""Sitter"": ""John Cox""}","{""Luce Center Label"": ""According to George Washington\u2019s diary, Colonel John Cox sat for the finishing touches on this miniature at Valley Forge on April 23, 1778. At the time, Peale was a captain in the same company. Cox took the oath of allegiance at Valley Forge earlier that year, and served as the company\u2019s assistant quartermaster general. A Philadelphia merchant, Cox owned Batsto Furnace in New Jersey, which produced munitions for the Continental army. Conservation of this miniature was made possible through a generous grant provided by the Smithsonian Women\u2019s Committee.""}","{""Type"": ""Painting-Miniature""}","{""Medium"": ""watercolor on ivory"", ""Dimensions"": ""sight 1 1/2 x 1 1/8 in. (3.7 x 3.0 cm) oval""}",,,"{""Topic"": ""Occupation\\military\\colonel\nPortrait male\\bust""}",[1770s],"['Peale, Charles Willson', 'Cox, John']",[Paintings],[],"[Occupations, Colonel, Men, Portraits, Military]",1,['https://ids.si.edu/ids/deliveryService?id=SAAM-1999.27.32_1'],"https://ids.si.edu/ids/iiif/SAAM-1999.27.32_1/full/250,/0/default.jpg",John Cox,Charles Willson Peale,1778,Men,Military,"[[603, 436, 1149, 1132]]",https://github.com/nmolnar-parsons/revperiod_portraitfaces/blob/main/Portrait_Faces/Image_24_face_0.jpg?raw=true; 
https://collections.si.edu/search/detail/edanmdm:saam_1999.27.31.2,SAAM,Smithsonian American Art Museum,Caldwell Sister,edanmdm:saam_1999.27.31.2,http://n2t.net/ark:/65665/vk709a85697-bcae-47f7-992b-91d1f15d5196,https://americanart.si.edu/collections/search/artwork/?id=38361,2024-11-22,"{""Credit Line"": ""Smithsonian American Art Museum, Bequest of Mary Elizabeth Spencer""}","{""Date"": ""ca. 1782""}","{""Object number"": ""1999.27.31.2""}","{""Artist"": ""Charles Willson Peale, born Queen Anne's County, MD 1741-died Philadelphia, PA 1827"", ""Sitter"": ""Caldwell""}","{""Luce Center Label"": ""Housed together, this pair of miniatures depicts sisters, both of whom are dressed in the fashion of the day, with upswept hair decorated with braids or pearls woven into the curls.""}","{""Type"": ""Painting-Miniature""}","{""Medium"": ""watercolor on ivory"", ""Dimensions"": ""image (oval): 1 5/8 x 1 1/4 in. (4.1 x 3.1 cm)""}",,,"{""Topic"": ""Portrait female\\bust""}","[1770s, 1780s]","['Caldwell,', 'Peale, Charles Willson']",[Paintings],[],"[Women, Portraits]",1,['https://ids.si.edu/ids/deliveryService?id=SAAM-1999.27.31.2_1'],"https://ids.si.edu/ids/iiif/SAAM-1999.27.31.2_1/full/250,/0/default.jpg",Caldwell,Charles Willson Peale,1782,Women,Civilian,"[[237, 182, 365, 361]]",https://github.com/nmolnar-parsons/revperiod_portraitfaces/blob/main/Portrait_Faces/Image_25_face_0.jpg?raw=true; 
https://collections.si.edu/search/detail/edanmdm:saam_1999.27.31.1,SAAM,Smithsonian American Art Museum,Caldwell Sister,edanmdm:saam_1999.27.31.1,http://n2t.net/ark:/65665/vk77b0ca2a9-3228-468e-a041-c0ff87f836a8,https://americanart.si.edu/collections/search/artwork/?id=38360,2024-11-22,"{""Credit Line"": ""Smithsonian American Art Museum, Bequest of Mary Elizabeth Spencer""}","{""Date"": ""ca. 1782""}","{""Object number"": ""1999.27.31.1""}","{""Artist"": ""Charles Willson Peale, born Queen Anne's County, MD 1741-died Philadelphia, PA 1827"", ""Sitter"": ""Caldwell""}","{""Luce Center Label"": ""Housed together, this pair of miniatures depicts sisters, both of whom are dressed in the fashion of the day, with upswept hair decorated with braids or pearls woven into the curls.""}","{""Type"": ""Painting-Miniature""}","{""Medium"": ""watercolor on ivory"", ""Dimensions"": ""image (oval): 1 5/8 x 1 1/4 in. (4.1 x 3.1 cm)""}",,,"{""Topic"": ""Portrait female\\bust""}","[1770s, 1780s]","['Caldwell,', 'Peale, Charles Willson']",[Paintings],[],"[Women, Portraits]",1,['https://ids.si.edu/ids/deliveryService?id=SAAM-1999.27.31.1_1'],"https://ids.si.edu/ids/iiif/SAAM-1999.27.31.1_1/full/250,/0/default.jpg",Caldwell,Charles Willson Peale,1782,Women,Civilian,"[[252, 208, 375, 373]]",https://github.com/nmolnar-parsons/revperiod_portraitfaces/blob/main/Portrait_Faces/Image_26_face_0.jpg?raw=true; 
https://collections.si.edu/search/detail/edanmdm:saam_1999.27.30,SAAM,Smithsonian American Art Museum,General John Cadwalader,edanmdm:saam_1999.27.30,http://n2t.net/ark:/65665/vk74782bdac-be5f-49c1-8f51-142e93b2dca6,https://americanart.si.edu/collections/search/artwork/?id=38359,2024-11-22,"{""Credit Line"": ""Smithsonian American Art Museum, Bequest of Mary Elizabeth Spencer""}","{""Date"": ""ca. 1788""}","{""Object number"": ""1999.27.30""}","{""Artist"": ""Charles Willson Peale, born Queen Anne's County, MD 1741-died Philadelphia, PA 1827"", ""Sitter"": ""John Cadwalader""}","{""Luce Center Label"": ""During the Revolutionary War, General John Cadwalader (1742-1786) commanded troops at the battles of Brandywine, Germantown, Monmouth, and Princeton. He was much admired by his close friend General George Washington, who referred to him as \""a military genius.\"" Washington offered Cadwalader the position of Continental brigadier general, but his friend declined, preferring to become a state legislator in Maryland after the war. When Charles Willson Peale painted Cadwalader's likeness, it was intended to ornament a woman's bracelet, and in fact the original fittings for an ornamental band---similar to today's watchbands---are visible along the sides of the miniature's case.""}","{""Type"": ""Painting-Miniature""}","{""Medium"": ""watercolor on ivory"", ""Dimensions"": ""sight 1 1/2 x 1 1/4 x 1/4 in. (3.9 x 3.2 x 0.5 cm) oval""}",,,"{""Topic"": ""Occupation\\military\\general\nPortrait male\\bust""}",[1780s],"['Cadwalader, John', 'Peale, Charles Willson']",[Paintings],[],"[Occupations, Men, Portraits, Military]",1,['https://ids.si.edu/ids/deliveryService?id=SAAM-1999.27.30_1'],"https://ids.si.edu/ids/iiif/SAAM-1999.27.30_1/full/250,/0/default.jpg",John Cadwalader,Charles Willson Peale,1788,Men,Military,"[[648, 453, 1141, 1155]]",https://github.com/nmolnar-parsons/revperiod_portraitfaces/blob/main/Portrait_Faces/Image_27_face_0.jpg?raw=true; 
https://collections.si.edu/search/detail/edanmdm:saam_1999.27.27,SAAM,Smithsonian American Art Museum,Susan Poinsett,edanmdm:saam_1999.27.27,http://n2t.net/ark:/65665/vk73d94ab07-a8e1-48e7-b9ef-7f311fd51917,https://americanart.si.edu/collections/search/artwork/?id=38356,2024-11-22,"{""Credit Line"": ""Smithsonian American Art Museum, Bequest of Mary Elizabeth Spencer""}","{""Date"": ""ca. 1801-1802""}","{""Object number"": ""1999.27.27""}","{""Artist"": ""Edward Greene Malbone, born Newport, RI 1777-died Savannah, GA 1807"", ""Sitter"": ""Susan Poinsett""}","{""Luce Center Label"": ""Edward Greene Malbone painted Elisha Poinsett\u2019s daughter, Susan (1782-1804), and other members of the Charleston family in 1801 and 1802. Susan was then recuperating from a lengthy illness, but her recovery was brief and she died two years later.""}","{""Type"": ""Painting-Miniature""}","{""Medium"": ""watercolor on ivory"", ""Dimensions"": ""sight 2 3/4 x 2 1/4 in. (7.0 x 5.7 cm) oval""}",,,"{""Topic"": ""Portrait female\\bust""}",[1800s],"['Poinsett, Susan', 'Malbone, Edward Greene']",[Paintings],[],"[Women, Portraits]",1,['https://ids.si.edu/ids/deliveryService?id=SAAM-1999.27.27_1'],"https://ids.si.edu/ids/iiif/SAAM-1999.27.27_1/full/250,/0/default.jpg",Susan Poinsett,Edward Greene Malbone,1801,Women,Civilian,"[[555, 700, 843, 1106]]",https://github.com/nmolnar-parsons/revperiod_portraitfaces/blob/main/Portrait_Faces/Image_28_face_0.jpg?raw=true; 
https://collections.si.edu/search/detail/edanmdm:saam_1999.27.26,SAAM,Smithsonian American Art Museum,Dr. Elisha Poinsett,edanmdm:saam_1999.27.26,http://n2t.net/ark:/65665/vk71060a497-6a58-4344-86c8-0822ea2281c7,https://americanart.si.edu/collections/search/artwork/?id=38355,2024-11-22,"{""Credit Line"": ""Smithsonian American Art Museum, Bequest of Mary Elizabeth Spencer""}","{""Date"": ""ca. 1801-1802""}","{""Object number"": ""1999.27.26""}","{""Artist"": ""Edward Greene Malbone, born Newport, RI 1777-died Savannah, GA 1807"", ""Sitter"": ""Elisha Poinsett""}","{""Luce Center Label"": ""Edward Greene Malbone painted miniatures of several members of the Poinsett family during his trip to Charleston in 1801-02. Two of those miniatures are in this collection: Dr. Elisha Poinsett (1723-1804), and his daughter, Susan. Dr. Poinsett was the father of Joel R. Poinsett, who was a member of the House of Representatives and secretary of war to President Van Buren.""}","{""Type"": ""Painting-Miniature""}","{""Medium"": ""watercolor on ivory"", ""Dimensions"": ""sight 2 3/4 x 2 1/4 in. (7.1 x 5.7 cm) oval""}",,,"{""Topic"": ""Occupation\\medicine\\doctor\nPortrait male\\bust""}",[1800s],"['Malbone, Edward Greene', 'Poinsett, Elisha']",[Paintings],[],"[Medicine, Physicians, Occupations, Men, Portraits]",1,['https://ids.si.edu/ids/deliveryService?id=SAAM-1999.27.26_1'],"https://ids.si.edu/ids/iiif/SAAM-1999.27.26_1/full/250,/0/default.jpg",Elisha Poinsett,Edward Greene Malbone,1801,Men,Medicine,"[[487, 638, 796, 1110]]",https://github.com/nmolnar-parsons/revperiod_portraitfaces/blob/main/Portrait_Faces/Image_29_face_0.jpg?raw=true; 
https://collections.si.edu/search/detail/edanmdm:saam_1999.27.24,SAAM,Smithsonian American Art Museum,Portrait of the Artist and His Wife,edanmdm:saam_1999.27.24,http://n2t.net/ark:/65665/vk72662b91f-7ac4-4ba2-b6c8-d18d85d31303,https://americanart.si.edu/collections/search/artwork/?id=38352,2024-11-22,"{""Credit Line"": ""Smithsonian American Art Museum, Bequest of Mary Elizabeth Spencer""}","{""Date"": ""ca. 1800-1812""}","{""Object number"": ""1999.27.24""}","{""Artist"": ""William Leslie, English, born England before 1769-died London, England 1812"", ""Sitter"": ""Mrs. William Leslie\nWilliam Leslie""}",,"{""Type"": ""Painting-Miniature""}","{""Medium"": ""pencil and watercolor on paper"", ""Dimensions"": ""image: 5 5/8 x 7 1/4 in. (14.3 x 18.4 cm)""}",,,"{""Topic"": ""Dress\\accessory\\hat\nDress\\accessory\\eye wear\nObject\\written matter\\book\nPortrait group\\family\\spouses\nPortrait female\\waist length\nPortrait male\\waist length""}","[1800s, 1810s]","['Leslie, William', 'Leslie, William, Mrs.']",[Paintings],[],"[Women, Books and reading, Clothing and dress, Men, Dress accessories, Eye wear, Portraits, Family, Spouses, Hats]",1,['https://ids.si.edu/ids/deliveryService?id=SAAM-1999.27.24_1'],"https://ids.si.edu/ids/iiif/SAAM-1999.27.24_1/full/250,/0/default.jpg",Mrs. William Leslie\nWilliam Leslie,William Leslie,1800,Women,Civilian,"[[1165, 637, 1295, 823], [631, 641, 750, 801]]",https://github.com/nmolnar-parsons/revperiod_portraitfaces/blob/main/Portrait_Faces/Image_30_face_0.jpg?raw=true; https://github.com/nmolnar-parsons/revperiod_portraitfaces/blob/main/Portrait_Faces/Image_30_face_1.jpg?raw=true; 
https://collections.si.edu/search/detail/edanmdm:saam_1999.27.22,SAAM,Smithsonian American Art Museum,William McIntyre,edanmdm:saam_1999.27.22,http://n2t.net/ark:/65665/vk78679bbb2-3838-410c-8011-c4fbbc884e9a,https://americanart.si.edu/collections/search/artwork/?id=38350,2024-11-22,"{""Credit Line"": ""Smithsonian American Art Museum, Bequest of Mary Elizabeth Spencer""}","{""Date"": ""early 19th century""}","{""Object number"": ""1999.27.22""}","{""Artist"": ""John Wesley Jarvis, born South Shields, England 1780-died New York City 1840"", ""Sitter"": ""William McIntyre""}",,"{""Type"": ""Painting-Miniature""}","{""Medium"": ""watercolor, pen and ink and pencil on paper"", ""Dimensions"": ""sight 4 1/2 x 3 5/8 in. (11.4 x 9.1 cm) oval""}",,,"{""Topic"": ""Portrait male\\waist length""}","[1800s, 1820s]","['Jarvis, John Wesley', 'McIntyre, William']",[Paintings],[],"[Men, Portraits]",1,['https://ids.si.edu/ids/deliveryService?id=SAAM-1999.27.22_1'],"https://ids.si.edu/ids/iiif/SAAM-1999.27.22_1/full/250,/0/default.jpg",William McIntyre,John Wesley Jarvis,19,Men,Civilian,"[[851, 820, 991, 1012]]",https://github.com/nmolnar-parsons/revperiod_portraitfaces/blob/main/Portrait_Faces/Image_31_face_0.jpg?raw=true; 
https://collections.si.edu/search/detail/edanmdm:saam_1999.27.19,SAAM,Smithsonian American Art Museum,Mrs. Baker,edanmdm:saam_1999.27.19,http://n2t.net/ark:/65665/vk7e6f3ac32-a589-4428-99be-e15e40ca63c9,https://americanart.si.edu/collections/search/artwork/?id=38347,2024-11-22,"{""Credit Line"": ""Smithsonian American Art Museum, Bequest of Mary Elizabeth Spencer""}","{""Date"": ""ca. 1800-1814""}","{""Object number"": ""1999.27.19""}","{""Attributed to"": ""Charles H\u00e9nard, French, born Bourg-en-Bresse, France 1757-died after 1808"", ""Sitter"": ""Mrs. Baker""}","{""Luce Center Label"": ""Although this miniature is undated, Mrs. Baker\u2019s dress and hairstyle are of the fashion favored in Paris during the early 1800s, and in America by the 1810s.""}","{""Type"": ""Painting-Miniature""}","{""Medium"": ""watercolor on ivory"", ""Dimensions"": ""image (oval): 2 3/8 x 1 15/16 in. (6.1 x 4.9 cm)""}",,,"{""Topic"": ""Portrait female\\bust""}","[1800s, 1810s]","['Baker, Mrs.', 'Hénard, Charles']",[Paintings],[],"[Women, Portraits]",1,['https://ids.si.edu/ids/deliveryService?id=SAAM-1999.27.19_1'],"https://ids.si.edu/ids/iiif/SAAM-1999.27.19_1/full/250,/0/default.jpg",Mrs. Baker,Charles H\u00e9nard,1800,Women,Civilian,"[[681, 704, 932, 1063]]",https://github.com/nmolnar-parsons/revperiod_portraitfaces/blob/main/Portrait_Faces/Image_32_face_0.jpg?raw=true; 
https://collections.si.edu/search/detail/edanmdm:saam_1999.27.18,SAAM,Smithsonian American Art Museum,Mr. Baker,edanmdm:saam_1999.27.18,http://n2t.net/ark:/65665/vk798913fdf-3212-4745-b2ed-ef4a55b6fe77,https://americanart.si.edu/collections/search/artwork/?id=38346,2024-11-22,"{""Credit Line"": ""Smithsonian American Art Museum, Bequest of Mary Elizabeth Spencer""}","{""Date"": ""ca. 1800-1814""}","{""Object number"": ""1999.27.18""}","{""Attributed to"": ""Charles H\u00e9nard, French, born Bourg-en-Bresse, France 1757-died after 1808"", ""Sitter"": ""Mr. Baker""}","{""Luce Center Label"": ""Although this miniature is not dated, it was probably painted at the same time as Mrs. Baker\u2019s miniature, either in Paris or Maryland, in the first two decades of the nineteenth century.""}","{""Type"": ""Painting-Miniature""}","{""Medium"": ""watercolor on ivory"", ""Dimensions"": ""image (oval): 2 7/16 x 1 15/16 in. (6.2 x 4.9 cm)""}",,,"{""Topic"": ""Portrait male\\bust""}","[1800s, 1810s]","['Baker, Mr.', 'Hénard, Charles']",[Paintings],[],"[Men, Portraits]",1,['https://ids.si.edu/ids/deliveryService?id=SAAM-1999.27.18_1'],"https://ids.si.edu/ids/iiif/SAAM-1999.27.18_1/full/250,/0/default.jpg",Mr. Baker,Charles H\u00e9nard,1800,Men,Civilian,"[[594, 676, 914, 1108]]",https://github.com/nmolnar-parsons/revperiod_portraitfaces/blob/main/Portrait_Faces/Image_33_face_0.jpg?raw=true; 
https://collections.si.edu/search/detail/edanmdm:saam_1999.27.17,SAAM,Smithsonian American Art Museum,Young Woman of the Chase Family,edanmdm:saam_1999.27.17,http://n2t.net/ark:/65665/vk7bdedf1aa-d73a-42c3-ac67-f98a70f6d3e8,https://americanart.si.edu/collections/search/artwork/?id=38345,2024-11-22,"{""Credit Line"": ""Smithsonian American Art Museum, Bequest of Mary Elizabeth Spencer""}","{""Date"": ""1810""}","{""Object number"": ""1999.27.17""}","{""Artist"": ""Unidentified"", ""Sitter"": ""Chase""}","{""Luce Center Label"": ""This portrait was originally attributed to the artist Sarah Goodridge, but recent research has discovered this not to be the case. It is possibly by Henry Williams, or William Doyle, both of whom are represented in the collection. The Chase family lived in Fall River, Massachusetts, at the beginning of the nineteenth century.""}","{""Type"": ""Painting-Miniature""}","{""Medium"": ""watercolor on ivory"", ""Dimensions"": ""image (oval): 2 7/8 x 2 1/4 in. (7.3 x 5.7 cm)""}",,,"{""Topic"": ""Portrait female\\bust""}",[1810s],"['Chase,']",[Paintings],[],"[Women, Portraits]",1,['https://ids.si.edu/ids/deliveryService?id=SAAM-1999.27.17_1'],"https://ids.si.edu/ids/iiif/SAAM-1999.27.17_1/full/250,/0/default.jpg",Chase,Unidentified,1810,Women,Civilian,"[[669, 829, 840, 1071]]",https://github.com/nmolnar-parsons/revperiod_portraitfaces/blob/main/Portrait_Faces/Image_34_face_0.jpg?raw=true; 
https://collections.si.edu/search/detail/edanmdm:saam_1996.91.2,SAAM,Smithsonian American Art Museum,Isabel O'Daly,edanmdm:saam_1996.91.2,http://n2t.net/ark:/65665/vk702f25792-83e7-4d2c-8684-673a6c65c95c,https://americanart.si.edu/collections/search/artwork/?id=35434,2025-07-19,"{""Credit Line"": ""Smithsonian American Art Museum, Teodoro Vidal Collection""}","{""Date"": ""1808""}","{""Object number"": ""1996.91.2""}","{""Artist"": ""Jos\u00e9 Campeche y Jord\u00e1n, born San Juan, Puerto Rico 1751-died San Juan, Puerto Rico 1809"", ""Sitter"": ""Isabel O'Daly""}","{""Luce Center Label"": ""Jos\u00e9 Campeche made this portrait of Isabel O'Daly (1772-1840) when she was thirty-six years old. Isabel was the daughter of Thomas O'Daly, an Irish engineer who came to San Juan in 1765 to complete the massive fortifications of the city. Campeche had a gift for painting the effects of light and shadow, and his naturalistic modeling captured the indentation above Isabel's upper lip and the prominence of her chin.""}","{""Type"": ""Painting""}","{""Medium"": ""oil on wood"", ""Dimensions"": ""9 7/8 x 7 1/2 in. (25.2 x 19.1 cm.)""}",,,"{""Topic"": ""Portrait female\\waist length""}",[1800s],"['Campeche y Jordán, José', 'O\'Daly, Isabel']",[Paintings],[],"[Women, Portraits]",1,['https://ids.si.edu/ids/deliveryService?id=SAAM-1996.91.2_1'],"https://ids.si.edu/ids/iiif/SAAM-1996.91.2_1/full/250,/0/default.jpg",Isabel O'Daly,Jos\u00e9 Campeche y Jord\u00e1n,1808,Women,Civilian,"[[635, 551, 952, 990]]",https://github.com/nmolnar-parsons/revperiod_portraitfaces/blob/main/Portrait_Faces/Image_35_face_0.jpg?raw=true; 
https://collections.si.edu/search/detail/edanmdm:saam_1996.91.1,SAAM,Smithsonian American Art Museum,Don José Mas Ferrer,edanmdm:saam_1996.91.1,http://n2t.net/ark:/65665/vk7392d12cc-7fdc-499a-998c-8eebfa7f9dc6,https://americanart.si.edu/collections/search/artwork/?id=35433,2024-11-22,"{""Credit Line"": ""Smithsonian American Art Museum, Teodoro Vidal Collection""}","{""Date"": ""ca. 1795""}","{""Object number"": ""1996.91.1""}","{""Artist"": ""Jos\u00e9 Campeche y Jord\u00e1n, born San Juan, Puerto Rico 1751-died San Juan, Puerto Rico 1809"", ""Sitter"": ""Don Jose Mas Ferrer""}",,"{""Type"": ""Painting""}","{""Medium"": ""oil on canvas"", ""Dimensions"": ""21 1/4 x 16 3/8 in. (54.0 x 41.7 cm.)""}",,,"{""Topic"": ""Portrait male\\full length\nObject\\furniture\\cabinet\nObject\\weapon\\sword\nObject\\written matter\\letter""}",[1790s],"['Ferrer, Don Jose Mas', 'Campeche y Jordán, José']",[Paintings],[],"[Weapons, Cabinet, Swords, Letters, Men, Portraits, Furnishings]",1,['https://ids.si.edu/ids/deliveryService?id=SAAM-1996.91.1_1'],"https://ids.si.edu/ids/iiif/SAAM-1996.91.1_1/full/250,/0/default.jpg",Don Jose Mas Ferrer,Jos\u00e9 Campeche y Jord\u00e1n,1795,Men,Civilian,"[[652, 199, 811, 406]]",https://github.com/nmolnar-parsons/revperiod_portraitfaces/blob/main/Portrait_Faces/Image_36_face_0.jpg?raw=true; 
https://collections.si.edu/search/detail/edanmdm:saam_1990.21,SAAM,Smithsonian American Art Museum,Hermia and Helena,edanmdm:saam_1990.21,http://n2t.net/ark:/65665/vk78e20a933-cc58-4706-8e6e-decf255031a5,https://americanart.si.edu/collections/search/artwork/?id=31889,2024-11-22,"{""Credit Line"": ""Smithsonian American Art Museum, Museum purchase through the Smithsonian Institution Collections Acquisition Program and made possible by Ralph Cross Johnson, the Catherine Walden Myer Fund, and the National Institute""}","{""Date"": ""before 1818""}","{""Object number"": ""1990.21""}","{""Artist"": ""Washington Allston, born Georgetown, SC 1779-died Cambridgeport, MA 1843"", ""Sitter"": ""Hermia\nHelena""}","{""Gallery Label"": ""Washington Allston said that this painting represented \""the singleness and unity of friendship.\"" He posed the two women so that they suggest one figure, and they read from a shared book. In Shakespeare's comedy A Midsummer Night's Dream, Helena eloquently describes her friendship with Hermia in the third act: \""So we grew together, / Like to a double cherry . . . / Two lovely berries moulded on one stem.\"" Like many Americans of his time, Allston was educated in the classics. He painted Hermia and Helena in England when the poet Samuel Taylor Coleridge was reviving Shakespeare's plays. A friend of Allston's, Coleridge felt that Shakespeare expressed human sentiment perfectly.Exhibition Label, Smithsonian American Art Museum, 2006""}","{""Type"": ""Painting""}","{""Medium"": ""oil on canvas"", ""Dimensions"": ""30 3/8 x 25 1/4 in. (77.2 x 64.2 cm.)""}",,,"{""Topic"": ""Figure group\\female\nRecreation\\leisure\\reading\nLandscape\\waterfall\nLiterature\\Shakespeare\\Midsummer Night's Dream\nPortrait female\nPortrait female""}","[1810s, 1770s]","[Hermia, Helena, 'Allston, Washington']",[Paintings],[],"[Women, Amusements, Reading, Landscapes, Literature, Recreation, Waterfalls, Shakespeare, Figure group, Portraits, 'Midsummer Night\'s Dream']",1,['https://ids.si.edu/ids/deliveryService?id=SAAM-1990.21_1'],"https://ids.si.edu/ids/iiif/SAAM-1990.21_1/full/250,/0/default.jpg",Hermia\nHelena,Washington Allston,1818,Women,Civilian,"[[963, 596, 1077, 740], [1088, 586, 1207, 742]]",https://github.com/nmolnar-parsons/revperiod_portraitfaces/blob/main/Portrait_Faces/Image_37_face_0.jpg?raw=true; https://github.com/nmolnar-parsons/revperiod_portraitfaces/blob/main/Portrait_Faces/Image_37_face_1.jpg?raw=true; 
https://collections.si.edu/search/detail/edanmdm:saam_1988.2,SAAM,Smithsonian American Art Museum,The Misses Mary and Hannah Murray,edanmdm:saam_1988.2,http://n2t.net/ark:/65665/vk7033a0391-9355-4b37-ad6d-c7523ae99127,https://americanart.si.edu/collections/search/artwork/?id=24250,2024-11-22,"{""Credit Line"": ""Smithsonian American Art Museum, Museum purchase made possible by an anonymous donor and Miss Emily Tuckerman""}","{""Date"": ""1806""}","{""Object number"": ""1988.2""}","{""Artist"": ""John Trumbull, born Lebanon, CT 1756-died New York City 1843"", ""Sitter"": ""Hannah Murray\nMary Murray""}",,"{""Type"": ""Painting""}","{""Medium"": ""oil on canvas"", ""Dimensions"": ""40 1/8 x 50 1/8 in. (101.9 x 127.3 cm.)""}",,,"{""Topic"": ""Portrait group\\family\\siblings\nObject\\art tool\\artist's brush\nObject\\art tool\\easel\nObject\\written matter\\book\nPortrait female\\knee length\nPortrait female\\knee length""}",[1800s],"['Trumbull, John', 'Murray, Hannah', 'Murray, Mary']",[Paintings],[],"[Women, Books and reading, 'Artists\' tools', 'Artist\'s brush', Portraits, Family, Art tool, Siblings]",1,['https://ids.si.edu/ids/deliveryService?id=SAAM-1988.2_1'],"https://ids.si.edu/ids/iiif/SAAM-1988.2_1/full/250,/0/default.jpg",Hannah Murray\nMary Murray,John Trumbull,1806,Women,Art ,"[[732, 265, 898, 535], [1200, 243, 1379, 520]]",https://github.com/nmolnar-parsons/revperiod_portraitfaces/blob/main/Portrait_Faces/Image_38_face_0.jpg?raw=true; https://github.com/nmolnar-parsons/revperiod_portraitfaces/blob/main/Portrait_Faces/Image_38_face_1.jpg?raw=true; 
https://collections.si.edu/search/detail/edanmdm:saam_1986.64.1,SAAM,Smithsonian American Art Museum,John Jauncey Ketchum,edanmdm:saam_1986.64.1,http://n2t.net/ark:/65665/vk729129dc8-bc63-4585-a836-470828737e68,https://americanart.si.edu/collections/search/artwork/?id=21062,2024-11-22,"{""Credit Line"": ""Smithsonian American Art Museum, Gift of Albert A. Best, Edison, N.J.""}","{""Date"": ""ca. 1795""}","{""Object number"": ""1986.64.1""}","{""Artist"": ""Walter Robertson, Irish, born Dublin, Ireland ca. 1750-died Fatehpur, India 1801/02"", ""Sitter"": ""John Jauncey Ketchum""}","{""Luce Center Label"": ""John Jauncey Ketchum (1770-1841) was born on Bermuda, the sixth generation of his family to inhabit that island. In 1795 he married a distant relative, Susannah Jauncey (1772-1861), in New York, which may have been the occasion for which this miniature was painted. The back of this locket is adorned with the initials \u201cJK\u201d in gold filigree, and interwoven locks of hair, possibly those of the newlyweds. The couple returned to Bermuda, raising eight children, and after Ketchum\u2019s death Susannah returned to New York.""}","{""Type"": ""Painting-Miniature""}","{""Medium"": ""watercolor on ivory"", ""Dimensions"": ""3 3/8 x 2 3/8 in. (8.6 x 6.0 cm) oval""}",,,"{""Topic"": ""Portrait male""}",[1790s],"['Ketchum, John Jauncey', 'Robertson, Walter']",[Paintings],[],"[Men, Portraits]",1,['https://ids.si.edu/ids/deliveryService?id=SAAM-1986.64.1_1'],"https://ids.si.edu/ids/iiif/SAAM-1986.64.1_1/full/250,/0/default.jpg",John Jauncey Ketchum,Walter Robertson,1795,Men,Civilian,"[[590, 754, 914, 1201]]",https://github.com/nmolnar-parsons/revperiod_portraitfaces/blob/main/Portrait_Faces/Image_39_face_0.jpg?raw=true; 
https://collections.si.edu/search/detail/edanmdm:saam_1984.2,SAAM,Smithsonian American Art Museum,Joseph Curwen,edanmdm:saam_1984.2,http://n2t.net/ark:/65665/vk73999eeb5-3236-4775-9ca9-5c9e73a7f386,https://americanart.si.edu/collections/search/artwork/?id=15513,2024-11-22,"{""Credit Line"": ""Smithsonian American Art Museum, Museum purchase""}","{""Date"": ""1804""}","{""Object number"": ""1984.2""}","{""Artist"": ""Edward Greene Malbone, born Newport, RI 1777-died Savannah, GA 1807"", ""Sitter"": ""Joseph Curwen""}","{""Luce Center Label"": ""Joseph Curwen (1778-1848) was a British-born businessman who settled in Philadelphia. Edward Greene Malbone maintained an account book in 1804, and the artist was paid for this miniature in April of that year.""}","{""Type"": ""Painting-Miniature""}","{""Medium"": ""watercolor on ivory"", ""Dimensions"": ""sight 2 7/8 x 2 1/4 in. (7.3 x 5.7 cm) oval""}",,,"{""Topic"": ""Portrait male\\bust""}",[1800s],"['Malbone, Edward Greene', 'Curwen, Joseph']",[Paintings],[],"[Men, Portraits]",1,['https://ids.si.edu/ids/deliveryService?id=SAAM-1984.2_1'],"https://ids.si.edu/ids/iiif/SAAM-1984.2_1/full/250,/0/default.jpg",Joseph Curwen,Edward Greene Malbone,1804,Men,Civilian,"[[776, 580, 1098, 1018]]",https://github.com/nmolnar-parsons/revperiod_portraitfaces/blob/main/Portrait_Faces/Image_40_face_0.jpg?raw=true; 
https://collections.si.edu/search/detail/edanmdm:saam_1983.95.57,SAAM,Smithsonian American Art Museum,Portrait of Sea Captain John Murphy,edanmdm:saam_1983.95.57,http://n2t.net/ark:/65665/vk7ceef9b93-d2a4-41e0-a7bc-be10db5c4d29,https://americanart.si.edu/collections/search/artwork/?id=11504,2025-08-06,"{""Credit Line"": ""Smithsonian American Art Museum, Gift of Leonard and Paula Granoff""}","{""Date"": ""ca. 1810""}","{""Object number"": ""1983.95.57""}","{""Artist"": ""Joshua Johnson, born Baltimore County, MD ca.1763-died Ann Arundel County, MD ca. 1825"", ""Sitter"": ""John Murphy""}","{""Exhibition Label"": ""Joshua Johnson, a self-trained artist and former slave, is the earliest documented professional African American painter. His sitters were Captain John Murphy and his wife, Irish immigrants who lived in Baltimore, where Johnson painted many merchants, seamen, and their families. In these portraits--intended to hang side-by-side--the artist delighted in fine details, from the captain's artfully arranged curls to his wife's sheer lace collar.""}","{""Type"": ""Painting\nFolk Art""}","{""Medium"": ""oil on canvas"", ""Dimensions"": ""21 1/2 x 17 1/2 in. (54.6 x 44.5 cm.)""}",,,"{""Topic"": ""Portrait male\nOccupation\\transportation\\captain""}",[1810s],"['Johnson, Joshua', 'Murphy, John']","[Paintings, Folk art]",[],"[Occupations, Transportation, Men, Portraits, Captain]",1,['https://ids.si.edu/ids/deliveryService?id=SAAM-1983.95.57_1'],"https://ids.si.edu/ids/iiif/SAAM-1983.95.57_1/full/250,/0/default.jpg",John Murphy,Joshua Johnson,1810,Men,Transportation,"[[571, 365, 973, 928]]",https://github.com/nmolnar-parsons/revperiod_portraitfaces/blob/main/Portrait_Faces/Image_41_face_0.jpg?raw=true; 
https://collections.si.edu/search/detail/edanmdm:saam_1983.95.56,SAAM,Smithsonian American Art Museum,Portrait of Mrs. Barbara Baker Murphy (Wife of Sea Captain),edanmdm:saam_1983.95.56,http://n2t.net/ark:/65665/vk7047173ae-70c3-4ea0-a9bc-95fde3cb410e,https://americanart.si.edu/collections/search/artwork/?id=11503,2025-08-06,"{""Credit Line"": ""Smithsonian American Art Museum, Gift of Sol and Lillian Koffler""}","{""Date"": ""ca. 1810""}","{""Object number"": ""1983.95.56""}","{""Artist"": ""Joshua Johnson, born Baltimore County, MD ca.1763-died Ann Arundel County, MD ca. 1825"", ""Sitter"": ""Barbara Baker Murphy""}","{""Gallery Label"": ""Joshua Johnson, a self-trained artist and former slave, is the earliest documented professional African American painter. His sitters were Captain John Murphy and his wife, Irish immigrants who lived in Baltimore, where Johnson painted many merchants, seamen, and their families. In these portraits--intended to hang side-by-side--the artist delighted in fine details, from the captain's artfully arranged curls to his wife's sheer lace collar.""}","{""Type"": ""Painting\nFolk Art""}","{""Medium"": ""oil on canvas"", ""Dimensions"": ""21 3/4 x 17 5/8 in. (55.3 x 44.8 cm.)""}",,,"{""Topic"": ""Portrait female\\bust""}",[1810s],"['Johnson, Joshua', 'Murphy, Barbara Baker']","[Paintings, Folk art]",[],"[Women, Portraits]",1,['https://ids.si.edu/ids/deliveryService?id=SAAM-1983.95.56_1'],"https://ids.si.edu/ids/iiif/SAAM-1983.95.56_1/full/250,/0/default.jpg",Barbara Baker Murphy,Joshua Johnson,1810,Women,Civilian,"[[671, 336, 1042, 906]]",https://github.com/nmolnar-parsons/revperiod_portraitfaces/blob/main/Portrait_Faces/Image_42_face_0.jpg?raw=true; 
https://collections.si.edu/search/detail/edanmdm:saam_1983.95.55,SAAM,Smithsonian American Art Museum,Portrait of Adelia Ellender,edanmdm:saam_1983.95.55,http://n2t.net/ark:/65665/vk730581007-5984-410c-80bc-352da44e2b13,https://americanart.si.edu/collections/search/artwork/?id=11502,2025-08-06,"{""Credit Line"": ""Smithsonian American Art Museum, Gift of Mr. and Mrs. Norman Robbins""}","{""Date"": ""ca. 1803-1805""}","{""Object number"": ""1983.95.55""}","{""Artist"": ""Joshua Johnson, born Baltimore County, MD ca.1763-died Ann Arundel County, MD ca. 1825"", ""Sitter"": ""Adelia Ellender""}","{""Luce Center Label"": ""Adelia Ellender lived in Baltimore, Maryland, where her father was a plasterer. Her dress follows the custom in this period of portraying children as miniature adults. The berries in her hand and the butterfly hovering in a rosebush nearby symbolize not only her childhood innocence but her eventual transformation into a lady.""}","{""Type"": ""Painting\nFolk Art""}","{""Medium"": ""oil on canvas"", ""Dimensions"": ""26 1/4 x 21 1/8 in. (66.7 x 53.7 cm.)""}",,,"{""Topic"": ""Portrait female\nPortrait female\\child""}",[1800s],"['Ellender, Adelia', 'Johnson, Joshua']","[Paintings, Folk art]",[],"[Women, Portraits, Children]",1,['https://ids.si.edu/ids/deliveryService?id=SAAM-1983.95.55_1'],"https://ids.si.edu/ids/iiif/SAAM-1983.95.55_1/full/250,/0/default.jpg",Adelia Ellender,Joshua Johnson,1803,Women,Civilian,"[[603, 230, 850, 552]]",https://github.com/nmolnar-parsons/revperiod_portraitfaces/blob/main/Portrait_Faces/Image_43_face_0.jpg?raw=true; 
https://collections.si.edu/search/detail/edanmdm:saam_1983.21,SAAM,Smithsonian American Art Museum,Captain John H. Seward,edanmdm:saam_1983.21,http://n2t.net/ark:/65665/vk78b8c97ff-166b-4bd8-86d4-954d59052ca4,https://americanart.si.edu/collections/search/artwork/?id=25204,2024-11-22,"{""Credit Line"": ""Smithsonian American Art Museum, Gift of Ruth Pondrom""}","{""Date"": ""ca. 1790""}","{""Object number"": ""1983.21""}","{""Artist"": ""Unidentified"", ""Sitter"": ""Captain John H. Seward""}",,"{""Type"": ""Painting-Miniature""}","{""Medium"": ""watercolor on ivory"", ""Dimensions"": ""sight 1 5/8 x 1 1/4 in. (4.2 x 3.3 cm) oval""}",,,"{""Topic"": ""Occupation\\military\\captain\nPortrait male\\bust""}",[1790s],"['Seward, John H., Captain']",[Paintings],[],"[Occupations, Men, Portraits, Captain, Military]",1,['https://ids.si.edu/ids/deliveryService?id=SAAM-1983.21_1'],"https://ids.si.edu/ids/iiif/SAAM-1983.21_1/full/250,/0/default.jpg",Captain John H. Seward,Unidentified,1790,Men,Military,"[[608, 440, 1079, 1085]]",https://github.com/nmolnar-parsons/revperiod_portraitfaces/blob/main/Portrait_Faces/Image_44_face_0.jpg?raw=true; 
https://collections.si.edu/search/detail/edanmdm:saam_1981.32,SAAM,Smithsonian American Art Museum,Master Peters,edanmdm:saam_1981.32,http://n2t.net/ark:/65665/vk7c67d913f-5504-4b13-91be-4c17391edaa4,https://americanart.si.edu/collections/search/artwork/?id=15516,2024-11-22,"{""Credit Line"": ""Smithsonian American Art Museum, Museum purchase and gift of Douglas K.S. Hyland""}","{""Date"": ""1804""}","{""Object number"": ""1981.32""}","{""Artist"": ""Joseph Wood, born Clarkstown, NY 1778-died Washington, DC 1830"", ""Sitter"": ""Master Peters""}","{""Luce Center Label"": ""The Peters family played a prominent role in Philadelphia during the early nineteenth century. This portrait was originally attributed to Edward Greene Malbone, but research has since proved it to be the work of Joseph Wood.""}","{""Type"": ""Painting-Miniature""}","{""Medium"": ""watercolor on ivory"", ""Dimensions"": ""sight 2 11/16 x 2 3/16 in. (6.8 x 5.6 cm) oval""}",,,"{""Topic"": ""Portrait male\\bust""}",[1800s],"[Master Peters, 'Wood, Joseph']",[Paintings],[],"[Men, Portraits]",1,['https://ids.si.edu/ids/deliveryService?id=SAAM-1981.32_1'],"https://ids.si.edu/ids/iiif/SAAM-1981.32_1/full/250,/0/default.jpg",Master Peters,Joseph Wood,1804,Men,Civilian,"[[584, 796, 913, 1256]]",https://github.com/nmolnar-parsons/revperiod_portraitfaces/blob/main/Portrait_Faces/Image_45_face_0.jpg?raw=true; 
https://collections.si.edu/search/detail/edanmdm:saam_1980.93,SAAM,Smithsonian American Art Museum,Mrs. James Smith and Grandson,edanmdm:saam_1980.93,http://n2t.net/ark:/65665/vk7883865ed-eb6a-4ef5-8e64-8d8446ab2c01,https://americanart.si.edu/collections/search/artwork/?id=19292,2024-11-22,"{""Credit Line"": ""Smithsonian American Art Museum, Gift of Mr. and Mrs. Wilson Levering Smith, Jr. and museum purchase""}","{""Date"": ""1776""}","{""Object number"": ""1980.93""}","{""Artist"": ""Charles Willson Peale, born Queen Anne's County, MD 1741-died Philadelphia, PA 1827"", ""Sitter"": ""Mrs. James Smith\nMrs. James Smith\nCampbell Smith""}",,"{""Type"": ""Painting""}","{""Medium"": ""oil on canvas"", ""Dimensions"": ""36 3/8 x 29 1/4 in. (92.4 x 74.3 cm.)""}",,,"{""Topic"": ""Recreation\\leisure\\reading\nHistory\\United States\\Revolution\nPortrait female\\waist length\nPortrait female\\elderly\nPortrait male\\Child""}",[1770s],"['Smith, Campbell', 'Smith, James, Mrs.', 'Peale, Charles Willson']",[Paintings],[United States],"[Women, Amusements, Reading, Recreation, Older people, Men, 'American Revolution (1775-1783)', Portraits, Children, History]",1,['https://ids.si.edu/ids/deliveryService?id=SAAM-1980.93_1'],"https://ids.si.edu/ids/iiif/SAAM-1980.93_1/full/250,/0/default.jpg",Mrs. James Smith\nMrs. James Smith\nCampbell Smith,Charles Willson Peale,1776,Women,Civilian,"[[500, 403, 792, 808], [1017, 638, 1240, 944]]",https://github.com/nmolnar-parsons/revperiod_portraitfaces/blob/main/Portrait_Faces/Image_46_face_0.jpg?raw=true; https://github.com/nmolnar-parsons/revperiod_portraitfaces/blob/main/Portrait_Faces/Image_46_face_1.jpg?raw=true; 
https://collections.si.edu/search/detail/edanmdm:saam_1980.29.2,SAAM,Smithsonian American Art Museum,Mrs. John Corlis (Susannah Condé Russell),edanmdm:saam_1980.29.2,http://n2t.net/ark:/65665/vk70e62a92e-f7c5-4835-9d7c-9c1f9151e6e2,https://americanart.si.edu/collections/search/artwork/?id=15512,2024-11-22,"{""Credit Line"": ""Smithsonian American Art Museum, Museum purchase""}","{""Date"": ""1795""}","{""Object number"": ""1980.29.2""}","{""Artist"": ""Edward Greene Malbone, born Newport, RI 1777-died Savannah, GA 1807"", ""Sitter"": ""Mrs. John Corlis""}","{""Luce Center Label"": ""Susannah Russell was a descendant of the Cond\u00e9 and Bourbon houses, and counted several French kings in her lineage, including Louis IV.""}","{""Type"": ""Painting-Miniature""}","{""Medium"": ""watercolor on ivory"", ""Dimensions"": ""sight 2 7/8 x 2 3/8 in. (7.3 x 6.0 cm) oval""}",,,"{""Topic"": ""Portrait female\\bust""}",[1790s],"['Malbone, Edward Greene', 'Corlis, John, Mrs.']",[Paintings],[],"[Women, Portraits]",1,['https://ids.si.edu/ids/deliveryService?id=SAAM-1980.29.2_1'],"https://ids.si.edu/ids/iiif/SAAM-1980.29.2_1/full/250,/0/default.jpg",Mrs. John Corlis,Edward Greene Malbone,1795,Women,Civilian,"[[603, 748, 894, 1170]]",https://github.com/nmolnar-parsons/revperiod_portraitfaces/blob/main/Portrait_Faces/Image_47_face_0.jpg?raw=true; 
https://collections.si.edu/search/detail/edanmdm:saam_1980.29.1,SAAM,Smithsonian American Art Museum,Mr. John Corlis,edanmdm:saam_1980.29.1,http://n2t.net/ark:/65665/vk783c9459d-bb89-4c90-b9a1-5acbc3783775,https://americanart.si.edu/collections/search/artwork/?id=15511,2024-11-22,"{""Credit Line"": ""Smithsonian American Art Museum, Museum purchase""}","{""Date"": ""1795""}","{""Object number"": ""1980.29.1""}","{""Artist"": ""Edward Greene Malbone, born Newport, RI 1777-died Savannah, GA 1807"", ""Sitter"": ""John Corlis""}","{""Luce Center Label"": ""John Corlis owned a merchant shipping fleet based in Providence, Rhode Island, plying the waters between the United States, the Caribbean islands, and Hamburg, Germany, between 1792 and 1810.""}","{""Type"": ""Painting-Miniature""}","{""Medium"": ""watercolor on ivory"", ""Dimensions"": ""sight 2 7/8 x 2 3/8 in. (7.3 x 6.0 cm) oval""}",,,"{""Topic"": ""Portrait male\\bust""}",[1790s],"['Corlis, John', 'Malbone, Edward Greene']",[Paintings],[],"[Men, Portraits]",1,['https://ids.si.edu/ids/deliveryService?id=SAAM-1980.29.1_1'],"https://ids.si.edu/ids/iiif/SAAM-1980.29.1_1/full/250,/0/default.jpg",John Corlis,Edward Greene Malbone,1795,Men,Civilian,"[[613, 703, 899, 1114]]",https://github.com/nmolnar-parsons/revperiod_portraitfaces/blob/main/Portrait_Faces/Image_48_face_0.jpg?raw=true; 
https://collections.si.edu/search/detail/edanmdm:saam_1980.126.5,SAAM,Smithsonian American Art Museum,Mrs. William Boswell Lamb (Margaret Stuart Kerr),edanmdm:saam_1980.126.5,http://n2t.net/ark:/65665/vk7e760bed0-08d1-4de1-850f-b414fd2f44ea,https://americanart.si.edu/collections/search/artwork/?id=24825,2024-11-22,"{""Credit Line"": ""Smithsonian American Art Museum, Museum purchase""}","{""Date"": ""ca. 1795""}","{""Object number"": ""1980.126.5""}","{""Artist"": ""Unidentified"", ""Sitter"": ""Margaret Lamb\nMrs. R. William Lamb""}","{""Luce Center Label"": ""This miniature was probably painted to commemorate the 1794 marriage of William Boswell Lamb and Margaret Stuart Kerr. Mr. Lamb was an important political figure in Norfolk, Virginia, where he began his service as mayor in 1810. The couple\u2019s son, William Wilson Lamb, was also involved in politics and was known for hiding the city\u2019s silver mace beneath a fireplace hearth to protect it during the Civil War. The artist painted a vivid blue background to highlight the detailed costume of the elder Lamb. In his wife\u2019s portrait, however, the subtle colors and delicate brushwork emphasize her wide eyes and tightly curled hair.""}","{""Type"": ""Painting-Miniature""}","{""Medium"": ""watercolor on ivory"", ""Dimensions"": ""sight 1 5/8 x 1 1/8 in. (4.0 x 3.0 cm) oval""}",,,"{""Topic"": ""Portrait female\\bust\nPortrait female\\bust""}",[1790s],"['Lamb, Margaret', 'Lamb, William, R., Mrs.']",[Paintings],[],"[Women, Portraits]",1,['https://ids.si.edu/ids/deliveryService?id=SAAM-1980.126.5_1'],"https://ids.si.edu/ids/iiif/SAAM-1980.126.5_1/full/250,/0/default.jpg",Margaret Lamb\nMrs. R. William Lamb,Unidentified,1795,Women,Civilian,"[[598, 660, 930, 1126]]",https://github.com/nmolnar-parsons/revperiod_portraitfaces/blob/main/Portrait_Faces/Image_49_face_0.jpg?raw=true; 
https://collections.si.edu/search/detail/edanmdm:saam_1980.126.4,SAAM,Smithsonian American Art Museum,William Boswell Lamb,edanmdm:saam_1980.126.4,http://n2t.net/ark:/65665/vk7a913ae27-416f-4f24-8ffd-63b3ae1c333d,https://americanart.si.edu/collections/search/artwork/?id=24826,2024-11-22,"{""Credit Line"": ""Smithsonian American Art Museum, Museum purchase""}","{""Date"": ""ca. 1795""}","{""Object number"": ""1980.126.4""}","{""Artist"": ""Unidentified"", ""Sitter"": ""William Roswell Lamb""}","{""Luce Center Label"": ""This miniature was probably painted to commemorate the 1794 marriage of William Boswell Lamb and Margaret Stuart Kerr. Mr. Lamb was an important political figure in Norfolk, Virginia, where he began his service as mayor in 1810. The couple\u2019s son, William Wilson Lamb, was also involved in politics and was known for hiding the city\u2019s silver mace beneath a fireplace hearth to protect it during the Civil War. The artist painted a vivid blue background to highlight the detailed costume of the elder Lamb. In his wife\u2019s portrait, however, the subtle colors and delicate brushwork emphasize her wide eyes and tightly curled hair.""}","{""Type"": ""Painting-Miniature""}","{""Medium"": ""watercolor on ivory"", ""Dimensions"": ""1 5/8 x 1 1/8 in. (4.1 x 3.0 cm) oval""}",,,"{""Topic"": ""Portrait male\\bust""}",[1790s],"['Lamb, William Roswell']",[Paintings],[],"[Men, Portraits]",1,['https://ids.si.edu/ids/deliveryService?id=SAAM-1980.126.4_1'],"https://ids.si.edu/ids/iiif/SAAM-1980.126.4_1/full/250,/0/default.jpg",William Roswell Lamb,Unidentified,1795,Men,Civilian,"[[452, 641, 850, 1181]]",https://github.com/nmolnar-parsons/revperiod_portraitfaces/blob/main/Portrait_Faces/Image_50_face_0.jpg?raw=true; 
https://collections.si.edu/search/detail/edanmdm:saam_1980.126.3,SAAM,Smithsonian American Art Museum,Marguerite Repiton (Mrs. Joseph),edanmdm:saam_1980.126.3,http://n2t.net/ark:/65665/vk74a8b4164-917d-411c-9e6d-5610b75fbfa2,https://americanart.si.edu/collections/search/artwork/?id=20308,2024-11-22,"{""Credit Line"": ""Smithsonian American Art Museum, Museum purchase""}","{""Date"": ""ca. 1798""}","{""Object number"": ""1980.126.3""}","{""Artist"": ""Francis Rabineau, active 1791-1808"", ""Sitter"": ""Mrs. Joseph Repiton\nMarguerite Repiton""}","{""Luce Center Label"": ""The Repitons were French Roman Catholics who were also Protestant sympathizers. Their support of Protestantism led them to flee their homeland, and they landed on the island of Santo Domingo (now the Dominican Republic). With the onset of the Great Insurrection there, the Repitons moved again, landing in Williamsburg, Virginia, in 1810. There, they settled into Virginia society and purchased what is now called the Greenhow-Repiton House. Other members of the same family are represented in this museum\u2019s collection of miniatures, including Mr. and Mrs. William Lamb, painted by an unidentified artist <b>[see 1980.126.4 and 1980.126.5]</b>, and William Wilson, painted by George Catlin <b>[see 1980.126.1]</b>.""}","{""Type"": ""Painting-Miniature""}","{""Medium"": ""watercolor on ivory"", ""Dimensions"": ""2 5/8 x 2 1/4 in. (6.7 x 5.7 cm) oval""}",,,"{""Topic"": ""Portrait female\\bust\nPortrait female\\bust""}",[1790s],"['Rabineau, Francis', 'Repiton, Marguerite', 'Repiton, Joseph, Mrs.']",[Paintings],[],"[Women, Portraits]",1,['https://ids.si.edu/ids/deliveryService?id=SAAM-1980.126.3_1'],"https://ids.si.edu/ids/iiif/SAAM-1980.126.3_1/full/250,/0/default.jpg",Mrs. Joseph Repiton\nMarguerite Repiton,Francis Rabineau,1798,Women,Civilian,"[[534, 744, 868, 1175]]",https://github.com/nmolnar-parsons/revperiod_portraitfaces/blob/main/Portrait_Faces/Image_51_face_0.jpg?raw=true; 
https://collections.si.edu/search/detail/edanmdm:saam_1980.126.2,SAAM,Smithsonian American Art Museum,Joseph Lavoir de Repiton,edanmdm:saam_1980.126.2,http://n2t.net/ark:/65665/vk73d1d3cd1-4b13-4cfc-bcc3-ebb78db55eec,https://americanart.si.edu/collections/search/artwork/?id=20307,2024-11-22,"{""Credit Line"": ""Smithsonian American Art Museum, Museum purchase""}","{""Date"": ""ca. 1798""}","{""Object number"": ""1980.126.2""}","{""Artist"": ""Francis Rabineau, active 1791-1808"", ""Sitter"": ""Joseph Repiton""}","{""Luce Center Label"": ""The Repitons were French Roman Catholics who were also Protestant sympathizers. Their support of Protestantism led them to flee their homeland, and they landed on the island of Santo Domingo (now the Dominican Republic). With the onset of the Great Insurrection there, the Repitons moved again, landing in Williamsburg, Virginia, in 1810. There, they settled into Virginia society and purchased what is now called the Greenhow-Repiton House. Other members of the same family are represented in this museum\u2019s collection of miniatures, including Mr. and Mrs. William Lamb, painted by an unidentified artist <b>[see 1980.126.4 and 1980.126.5]</b>, and William Wilson, painted by George Catlin <b>[see 1980.126.1]</b>.""}","{""Type"": ""Painting-Miniature""}","{""Medium"": ""watercolor on ivory"", ""Dimensions"": ""2 5/8 x 2 1/8 in. (6.7 x 5.5 cm) oval""}",,,"{""Topic"": ""Portrait male\\bust""}",[1790s],"['Rabineau, Francis', 'Repiton, Joseph']",[Paintings],[],"[Men, Portraits]",1,['https://ids.si.edu/ids/deliveryService?id=SAAM-1980.126.2_1'],"https://ids.si.edu/ids/iiif/SAAM-1980.126.2_1/full/250,/0/default.jpg",Joseph Repiton,Francis Rabineau,1798,Men,Civilian,"[[610, 654, 939, 1122]]",https://github.com/nmolnar-parsons/revperiod_portraitfaces/blob/main/Portrait_Faces/Image_52_face_0.jpg?raw=true; 
https://collections.si.edu/search/detail/edanmdm:saam_1979.153.1,SAAM,Smithsonian American Art Museum,Susanne Correy,edanmdm:saam_1979.153.1,http://n2t.net/ark:/65665/vk750c7baa8-e6b9-4282-b795-a65518a4556e,https://americanart.si.edu/collections/search/artwork/?id=19296,2024-11-22,"{""Credit Line"": ""Smithsonian American Art Museum, Museum purchase""}","{""Date"": ""ca. 1790""}","{""Object number"": ""1979.153.1""}","{""Artist"": ""James Peale, born Chestertown, MD 1749-died Philadelphia, PA 1831"", ""Sitter"": ""Susan Correy""}","{""Luce Center Label"": ""Susanne Correy (1749-about 1812) married Colonel James Read (1743-1822) in 1770. Read served in the Continental army and fought at the Battle of Camden in South Carolina. He later went on to become head of the Navy Board in 1781. This stickpin miniature also contains a second image in the back of the locket, possibly of Susanne\u2019s older sister, Mary (Mrs. Joseph Carson).""}","{""Type"": ""Painting-Miniature""}","{""Medium"": ""watercolor on ivory"", ""Dimensions"": ""sight 2 x 1 1/2 in. (5.1 x 3.8 cm) oval""}",,,"{""Topic"": ""Portrait female\\bust""}",[1790s],"['Correy, Susan', 'Peale, James']",[Paintings],[],"[Women, Portraits]",1,['https://ids.si.edu/ids/deliveryService?id=SAAM-1979.153.1_1'],"https://ids.si.edu/ids/iiif/SAAM-1979.153.1_1/full/250,/0/default.jpg",Susan Correy,James Peale,1790,Women,Civilian,"[[656, 488, 1051, 1056]]",https://github.com/nmolnar-parsons/revperiod_portraitfaces/blob/main/Portrait_Faces/Image_53_face_0.jpg?raw=true; 
https://collections.si.edu/search/detail/edanmdm:saam_1978.67.2,SAAM,Smithsonian American Art Museum,"Thomas Williams, of Annapolis",edanmdm:saam_1978.67.2,http://n2t.net/ark:/65665/vk7a6f72c4c-e23d-4cb4-9061-4eda719ebe3c,https://americanart.si.edu/collections/search/artwork/?id=8288,2024-11-22,"{""Credit Line"": ""Smithsonian American Art Museum, Museum purchase""}","{""Date"": ""ca. 1800""}","{""Object number"": ""1978.67.2""}","{""Artist"": ""Robert Field, born Gloucestershire, England ca. 1769-died Kingston, Jamaica 1819"", ""Sitter"": ""Thomas Williams""}","{""Luce Center Label"": ""Colonel Thomas Williams was born in 1767, and died in Annapolis, Nova Scotia, where he had been one of the leading figures in civil and military affairs. This portrait shows the distinguished gentleman in his thirties, just a few years before his death.""}","{""Type"": ""Painting-Miniature""}","{""Medium"": ""watercolor on ivory"", ""Dimensions"": ""sight 3 1/4 x 2 1/2 in. (8.2 x 6.3 cm) oval""}",,,"{""Topic"": ""Portrait male\\bust""}",[1800s],"['Field, Robert', 'Williams, Thomas']",[Paintings],[],"[Men, Portraits]",1,['https://ids.si.edu/ids/deliveryService?id=SAAM-1978.67.2_1'],"https://ids.si.edu/ids/iiif/SAAM-1978.67.2_1/full/250,/0/default.jpg",Thomas Williams,Robert Field,1800,Men,Civilian,"[[593, 618, 955, 1103]]",https://github.com/nmolnar-parsons/revperiod_portraitfaces/blob/main/Portrait_Faces/Image_54_face_0.jpg?raw=true; 
https://collections.si.edu/search/detail/edanmdm:saam_1977.104,SAAM,Smithsonian American Art Museum,Emily Smiley Snowden,edanmdm:saam_1977.104,http://n2t.net/ark:/65665/vk76ed25d41-97c1-4398-bebb-80f7f60602e0,https://americanart.si.edu/collections/search/artwork/?id=19764,2024-11-22,"{""Credit Line"": ""Smithsonian American Art Museum, Gift of Mr. Frederick E. Kline""}","{""Date"": ""1793""}","{""Object number"": ""1977.104""}","{""Artist"": ""Charles Peale Polk, born Annapolis, MD 1767-died Richmond Courthouse, VA 1822"", ""Sitter"": ""Emily Snowden""}","{""Luce Center Label"": ""No documentation exists regarding Charles Peale Polk\u2019s commission to paint Emily Smiley Snowden. But it is possible to guess at her social and economic position from the imported silk of her dress, her hand-painted fan, embroidered shawl, and Chippendale chair.""}","{""Type"": ""Painting""}","{""Medium"": ""oil on canvas"", ""Dimensions"": ""35 5/8 x 30 7/8 in. (90.5 x 78.4 cm)""}",,,"{""Topic"": ""Dress\\accessory\\fan\nPortrait female\\waist length""}",[1790s],"['Polk, Charles Peale', 'Snowden, Emily']",[Paintings],[],"[Women, Fans, Clothing and dress, Dress accessories, Portraits]",1,['https://ids.si.edu/ids/deliveryService?id=SAAM-1977.104_1'],"https://ids.si.edu/ids/iiif/SAAM-1977.104_1/full/250,/0/default.jpg",Emily Snowden,Charles Peale Polk,1793,Women,Civilian,"[[763, 342, 1058, 726]]",https://github.com/nmolnar-parsons/revperiod_portraitfaces/blob/main/Portrait_Faces/Image_55_face_0.jpg?raw=true; 
https://collections.si.edu/search/detail/edanmdm:saam_1977.101.2,SAAM,Smithsonian American Art Museum,Matilda Davis Williams,edanmdm:saam_1977.101.2,http://n2t.net/ark:/65665/vk76a26c40f-5b0e-46b8-8605-dc3185bbd755,https://americanart.si.edu/collections/search/artwork/?id=9734,2024-11-22,"{""Credit Line"": ""Smithsonian American Art Museum, Museum purchase""}","{""Date"": ""ca. 1791-1792""}","{""Object number"": ""1977.101.2""}","{""Artist"": ""Christian Gullager, born Copenhagen, Denmark 1759-died Philadelphia, PA 1826"", ""Sitter"": ""Matilda Davis Williams""}","{""Luce Center Label"": ""Matilda Davis was the daughter of Caleb Davis, an important Boston merchant and shipowner and Speaker in the Massachusetts House of Representatives. She married Jeremiah Williams in 1787, just three years before she died at the age of twenty-two, and in this image she wears a miniature portrait of her husband. Christian Gullager created this portrait posthumously, probably from an existing painting of the young woman. He played with different textures in the detailed image, from the delicate lace of the sitter's bodice to her smooth, pale skin and shiny satin bow. Matilda appears ill at ease, as though she felt self-conscious in the elaborate gown and headdress she wore for the occasion.""}","{""Type"": ""Painting""}","{""Medium"": ""oil on canvas"", ""Dimensions"": ""29 5/8 x 24 3/4 in. (75.3 x 63.0 cm)""}",,,"{""Topic"": ""Dress\\accessory\\jewelry\nPortrait female\\waist length""}",[1790s],"['Williams, Matilda Davis', 'Gullager, Christian']",[Paintings],[],"[Women, Clothing and dress, Dress accessories, Jewelry, Portraits]",1,['https://ids.si.edu/ids/deliveryService?id=SAAM-1977.101.2_2'],"https://ids.si.edu/ids/iiif/SAAM-1977.101.2_2/full/250,/0/default.jpg",Matilda Davis Williams,Christian Gullager,1791,Women,Civilian,"[[554, 359, 857, 782]]",https://github.com/nmolnar-parsons/revperiod_portraitfaces/blob/main/Portrait_Faces/Image_56_face_0.jpg?raw=true; 
https://collections.si.edu/search/detail/edanmdm:saam_1977.101.1,SAAM,Smithsonian American Art Museum,Jeremiah Williams,edanmdm:saam_1977.101.1,http://n2t.net/ark:/65665/vk7564c684b-3640-4108-b1e3-7e511be812fb,https://americanart.si.edu/collections/search/artwork/?id=9733,2024-11-22,"{""Credit Line"": ""Smithsonian American Art Museum, Museum purchase""}","{""Date"": ""ca. 1789-1790""}","{""Object number"": ""1977.101.1""}","{""Artist"": ""Christian Gullager, born Copenhagen, Denmark 1759-died Philadelphia, PA 1826"", ""Sitter"": ""Jeremiah Williams""}","{""Luce Center Label"": ""Jeremiah Williams was a merchant from Roxbury, Massachusetts, who dealt in \""a general assortment of West-India Goods,\"" according to the 1789 Massachusetts Centinel. In 1787 he married Matilda Davis, whose father, Caleb Davis, was a significant figure in Boston society. Williams's obituary mentioned his wealthy father-in-law, suggesting that the union with Matilda elevated his own status in society (Sadik, Christian Gullager: Portrait Painter to Federal America, 1976). Christian Gullager painted the young merchant wearing handsome clothing and a stern, imposing expression. The papers in the sitter's hand and books on the table behind were often incorporated into colonial paintings to emphasize the sitter's education and refinement. Williams's portrait projects a social standing that men of his class aspired to, even if they had not yet achieved it.""}","{""Type"": ""Painting""}","{""Medium"": ""oil on canvas"", ""Dimensions"": ""29 5/8 x 24 3/4 in. (75.4 x 62.9 cm)""}",,,"{""Topic"": ""Portrait male\\waist length""}","[1780s, 1790s]","['Williams, Jeremiah', 'Gullager, Christian']",[Paintings],[],"[Men, Portraits]",1,['https://ids.si.edu/ids/deliveryService?id=SAAM-1977.101.1_2'],"https://ids.si.edu/ids/iiif/SAAM-1977.101.1_2/full/250,/0/default.jpg",Jeremiah Williams,Christian Gullager,1789,Men,Civilian,"[[674, 255, 1026, 785]]",https://github.com/nmolnar-parsons/revperiod_portraitfaces/blob/main/Portrait_Faces/Image_57_face_0.jpg?raw=true; 
https://collections.si.edu/search/detail/edanmdm:saam_1976.56,SAAM,Smithsonian American Art Museum,Colonel Benjamin Stephenson,edanmdm:saam_1976.56,http://n2t.net/ark:/65665/vk721b2386a-d356-4b73-a9b5-a63c675963c9,https://americanart.si.edu/collections/search/artwork/?id=25244,2024-11-22,"{""Credit Line"": ""Smithsonian American Art Museum, Museum purchase""}","{""Date"": ""ca. 1800""}","{""Object number"": ""1976.56""}","{""Artist"": ""Unidentified"", ""Sitter"": ""Benjamin Stephenson""}","{""Luce Center Label"": ""It is not always possible to identify the sitter in a miniature portrait, and research is still being done on some of the works in the Museum\u2019s collection. Miniatures became popular in England during the early 1700s, commissioned by wealthy families on the occasions of births, engagements, weddings, and bereavements. These paintings, elaborately set into lockets or brooches, provided the wearer with a sentimental connection to a loved one. The back of the miniature often revealed a lock of the sitter\u2019s hair, symbolizing affection, commitment, or loss. The daguerreotype, invented in 1839, provided a cheaper, faster alternative, and portrait miniatures grew less popular. At the turn of the twentieth century, with the establishment of the American Society of Miniature Painters, miniatures enjoyed a brief revival.""}","{""Type"": ""Painting-Miniature""}","{""Medium"": ""watercolor on ivory"", ""Dimensions"": ""sight 2 7/8 x 2 1/8 in. (7.2 x 5.3 cm) oval""}",,,"{""Topic"": ""Portrait male\\bust""}",[1800s],"['Stephenson, Benjamin']",[Paintings],[],"[Men, Portraits]",1,['https://ids.si.edu/ids/deliveryService?id=SAAM-1976.56_1'],"https://ids.si.edu/ids/iiif/SAAM-1976.56_1/full/250,/0/default.jpg",Benjamin Stephenson,Unidentified,1800,Men,Civilian,"[[586, 741, 883, 1133]]",https://github.com/nmolnar-parsons/revperiod_portraitfaces/blob/main/Portrait_Faces/Image_58_face_0.jpg?raw=true; 
https://collections.si.edu/search/detail/edanmdm:saam_1975.77.2,SAAM,Smithsonian American Art Museum,"Archibald Bulloch, Governor of Georgia",edanmdm:saam_1975.77.2,http://n2t.net/ark:/65665/vk7a903beef-075e-480f-864b-e22012556435,https://americanart.si.edu/collections/search/artwork/?id=24508,2024-11-22,"{""Credit Line"": ""Smithsonian American Art Museum, Gift of an anonymous donor""}","{""Date"": ""ca. 1790""}","{""Object number"": ""1975.77.2""}","{""Artist"": ""Unidentified"", ""Sitter"": ""Archibald Bulloch""}","{""Luce Center Label"": ""Archibald Bulloch was born in 1730 and was the first provisional governor of Georgia. After only eight months as governor in 1777, he died under suspicious circumstances. Recent research suggests that this miniature is not of Bulloch, however, because it was painted several years after his death. It may show one of his sons, James, Archibald Stobo, or William, who were in their late teens and twenties at the time of the portrait.""}","{""Type"": ""Painting-Miniature""}","{""Medium"": ""watercolor on ivory"", ""Dimensions"": ""1 7/8 x 1 1/2 in. (4.8 x 3.8 cm) oval""}",,,"{""Topic"": ""Occupation\\political\\governor\nPortrait male\\bust\nHistory\\United States\\Georgia""}",[1790s],"['Bulloch, Archibald']",[Paintings],"[United States, Georgia]","[Occupations, Men, Portraits, Political, History, Governors]",1,['https://ids.si.edu/ids/deliveryService?id=SAAM-1975.77.2_1'],"https://ids.si.edu/ids/iiif/SAAM-1975.77.2_1/full/250,/0/default.jpg",Archibald Bulloch,Unidentified,1790,Men,Governors,"[[677, 671, 1060, 1179]]",https://github.com/nmolnar-parsons/revperiod_portraitfaces/blob/main/Portrait_Faces/Image_59_face_0.jpg?raw=true; 
https://collections.si.edu/search/detail/edanmdm:saam_1975.75,SAAM,Smithsonian American Art Museum,Portrait of General Giles,edanmdm:saam_1975.75,http://n2t.net/ark:/65665/vk7703180e4-bce8-4e83-acaa-631bf9cca4ad,https://americanart.si.edu/collections/search/artwork/?id=28273,2024-11-22,"{""Credit Line"": ""Smithsonian American Art Museum, Gift of Mrs. David C. Acheson and John W. Castles III""}","{""Date"": ""ca. 1785""}","{""Object number"": ""1975.75""}","{""Artist"": ""Joseph Wright, born Bordentown, NJ 1756-died Philadelphia, PA 1793"", ""Sitter"": ""General Giles""}",,"{""Type"": ""Painting""}","{""Medium"": ""oil on canvas"", ""Dimensions"": ""29 5/8 x 25 1/8 in. (75.2 x 63.9 cm)""}",,,"{""Topic"": ""Occupation\\military\\general\nPortrait male\\waist length""}",[1780s],"['Giles, General', 'Wright, Joseph']",[Paintings],[],"[Occupations, Men, Portraits, Military]",1,['https://ids.si.edu/ids/deliveryService?id=SAAM-1975.75_1'],"https://ids.si.edu/ids/iiif/SAAM-1975.75_1/full/250,/0/default.jpg",General Giles,Joseph Wright,1785,Men,Military,"[[615, 403, 954, 869]]",https://github.com/nmolnar-parsons/revperiod_portraitfaces/blob/main/Portrait_Faces/Image_60_face_0.jpg?raw=true; 
https://collections.si.edu/search/detail/edanmdm:saam_1975.59.2,SAAM,Smithsonian American Art Museum,Theresa Diana Levesque,edanmdm:saam_1975.59.2,http://n2t.net/ark:/65665/vk788ac2535-f784-45f7-955f-5c5cb0690f8f,https://americanart.si.edu/collections/search/artwork/?id=7649,2024-11-22,"{""Credit Line"": ""Smithsonian American Art Museum, Museum purchase""}","{""Date"": ""1810""}","{""Object number"": ""1975.59.2""}","{""Artist"": ""Ambrose Duval, born ca. 1778-died 1860"", ""Sitter"": ""Theresa Diana Levesque""}","{""Luce Center Label"": ""Ambrose Duval painted this portrait a few years after he arrived in New Orleans. It is not clear how he knew the young lady Theresa Diana Levesque, but she appears to have been a woman of fashion, and would have been nearly the same age as the artist.""}","{""Type"": ""Painting-Miniature""}","{""Medium"": ""watercolor on ivory"", ""Dimensions"": ""sight 2 1/2 x 2 in. (6.4 x 5.1 cm)""}",,,"{""Topic"": ""Portrait female\\bust""}",[1810s],"['Duval, Ambrose', 'Levesque, Theresa Diana']",[Paintings],[],"[Women, Portraits]",1,['https://ids.si.edu/ids/deliveryService?id=SAAM-1975.59.2_1'],"https://ids.si.edu/ids/iiif/SAAM-1975.59.2_1/full/250,/0/default.jpg",Theresa Diana Levesque,Ambrose Duval,1810,Women,Civilian,"[[602, 791, 897, 1211]]",https://github.com/nmolnar-parsons/revperiod_portraitfaces/blob/main/Portrait_Faces/Image_61_face_0.jpg?raw=true; 
https://collections.si.edu/search/detail/edanmdm:saam_1975.59.1,SAAM,Smithsonian American Art Museum,Captain Robert Lillibridge,edanmdm:saam_1975.59.1,http://n2t.net/ark:/65665/vk71e843862-5c1f-495e-b58d-0c26a1abed8b,https://americanart.si.edu/collections/search/artwork/?id=25684,2024-11-22,"{""Credit Line"": ""Smithsonian American Art Museum, Museum purchase""}","{""Date"": ""ca. 1795""}","{""Object number"": ""1975.59.1""}","{""Artist"": ""William Verstille, born Boston, MA ca. 1755-died Boston, MA 1803"", ""Sitter"": ""Robert Lillibridge""}","{""Luce Center Label"": ""Robert Lillibridge, a sea captain born in 1767, died aboard his ship of typhoid fever in 1809. His crew buried him at sea off the coast of Africa. This portrait of Captain Lillibridge shows William Verstille\u2019s tendency to portray his subjects with dramatic eyes set closely under the brows, with \u201cbristly\u201d hair and thin lips that appear slightly misplaced.""}","{""Type"": ""Painting-Miniature""}","{""Medium"": ""watercolor on ivory"", ""Dimensions"": ""sight 2 3/8 x 1 3/4 in. (6.0 x 4.4 cm) oval""}",,,"{""Topic"": ""Dress\\historic\\eighteenth century dress\nPortrait male""}","[1700s, 1710s, 1720s, 1770s, 1780s, 1790s, 1730s, 1740s, 1750s, 1760s]","['Lillibridge, Robert', 'Verstille, William']",[Paintings],[],"[Clothing and dress, Men, Portraits, History, Costume and dress]",1,['https://ids.si.edu/ids/deliveryService?id=SAAM-1975.59.1_1'],"https://ids.si.edu/ids/iiif/SAAM-1975.59.1_1/full/250,/0/default.jpg",Robert Lillibridge,William Verstille,1795,Men,Civilian,"[[562, 472, 958, 1009]]",https://github.com/nmolnar-parsons/revperiod_portraitfaces/blob/main/Portrait_Faces/Image_62_face_0.jpg?raw=true; 
https://collections.si.edu/search/detail/edanmdm:saam_1975.49.2,SAAM,Smithsonian American Art Museum,Mrs. Joseph Wright,edanmdm:saam_1975.49.2,http://n2t.net/ark:/65665/vk71b409ff2-5043-4532-89e7-5044e40039f6,https://americanart.si.edu/collections/search/artwork/?id=7717,2024-11-22,"{""Credit Line"": ""Smithsonian American Art Museum, Museum purchase and gift of Joseph Alsop""}","{""Date"": ""1792""}","{""Object number"": ""1975.49.2""}","{""Artist"": ""Ralph Earl, born Worcester County, MA 1751-died Bolton, CT 1801"", ""Sitter"": ""Mrs. Joseph Wright\nHannah Wright""}",,"{""Type"": ""Painting""}","{""Medium"": ""oil on canvas"", ""Dimensions"": ""46 in. x 36 1/8 in. (116.8 x 91.8 cm)""}",,,"{""Topic"": ""Landscape\\river\nDress\\accessory\\hat\nDress\\accessory\\eye wear\nPortrait female\\knee length\nPortrait female\\knee length\nObject\\written matter\\book""}",[1790s],"['Earl, Ralph', 'Wright, Joseph, Mrs.', 'Wright, Hannah']",[Paintings],[],"[Women, Landscapes, Books and reading, Clothing and dress, Dress accessories, Eye wear, Portraits, Hats, Rivers]",1,['https://ids.si.edu/ids/deliveryService?id=SAAM-1975.49.2_1'],"https://ids.si.edu/ids/iiif/SAAM-1975.49.2_1/full/250,/0/default.jpg",Mrs. Joseph Wright\nHannah Wright,Ralph Earl,1792,Women,Civilian,"[[912, 307, 1138, 628]]",https://github.com/nmolnar-parsons/revperiod_portraitfaces/blob/main/Portrait_Faces/Image_63_face_0.jpg?raw=true; 
https://collections.si.edu/search/detail/edanmdm:saam_1975.49.1,SAAM,Smithsonian American Art Museum,Mrs. Richard Alsop,edanmdm:saam_1975.49.1,http://n2t.net/ark:/65665/vk7defa5c58-7698-4953-91a9-df03a459512d,https://americanart.si.edu/collections/search/artwork/?id=7714,2024-11-22,"{""Credit Line"": ""Smithsonian American Art Museum, Museum purchase and gift of Joseph Alsop""}","{""Date"": ""1792""}","{""Object number"": ""1975.49.1""}","{""Artist"": ""Ralph Earl, born Worcester County, MA 1751-died Bolton, CT 1801"", ""Sitter"": ""Mary Alsop\nMrs. Richard Alsop""}",,"{""Type"": ""Painting""}","{""Medium"": ""oil on canvas"", ""Dimensions"": ""45 5/8 x 36 1/8 in. (115.8 x 91.8 cm)""}",,,"{""Topic"": ""Landscape\\river\nDress\\accessory\\hat\nPortrait female\\knee length\nPortrait female\\knee length""}",[1790s],"['Earl, Ralph', 'Alsop, Richard, Mrs.', 'Alsop, Mary']",[Paintings],[],"[Women, Landscapes, Clothing and dress, Dress accessories, Portraits, Hats, Rivers]",1,['https://ids.si.edu/ids/deliveryService?id=SAAM-1975.49.1_1'],"https://ids.si.edu/ids/iiif/SAAM-1975.49.1_1/full/250,/0/default.jpg",Mary Alsop\nMrs. Richard Alsop,Ralph Earl,1792,Women,Civilian,"[[476, 340, 693, 647]]",https://github.com/nmolnar-parsons/revperiod_portraitfaces/blob/main/Portrait_Faces/Image_64_face_0.jpg?raw=true; 
https://collections.si.edu/search/detail/edanmdm:saam_1974.87,SAAM,Smithsonian American Art Museum,Le Duc de Liancourt,edanmdm:saam_1974.87,http://n2t.net/ark:/65665/vk76c1ed099-a949-4d5e-8714-85fe9eaa0f2c,https://americanart.si.edu/collections/search/artwork/?id=19291,2024-11-22,"{""Credit Line"": ""Smithsonian American Art Museum, Museum purchase""}","{""Date"": ""ca.1794-1797""}","{""Object number"": ""1974.87""}","{""Artist"": ""Charles Willson Peale, born Queen Anne's County, MD 1741-died Philadelphia, PA 1827"", ""Sitter"": ""Duc de Liancourt""}","{""Luce Center Label"": ""A staunch advocate of the French Revolution, Liancourt (1747-1827) was considered the French equivalent to Benjamin Franklin. He was part of Lafayette\u2019s entourage, and became friends with George Washington, as both men were farmers interested in new agricultural techniques. Nancy Shippen, a prominent Philadelphian, recorded his remark on American democracy: \u201cIn the days of my power, under the ancient r\u00e9gime of France, I had fifty servants to wait upon me, but yet my coat was never as well brushed as now that I do it myself.\u201d Liancourt wrote a two-volume book titled Travels through the United States of North America, the Country of the Iroquois and Upper Canada in the years 1795, 1796, and 1797, in which he recorded his experiences. His published memoirs made him one of France\u2019s most respected authors.""}","{""Type"": ""Painting-Miniature""}","{""Medium"": ""watercolor on ivory"", ""Dimensions"": ""1 5/8 x 1 3/8 in. (4.1 x 3.4 cm) oval""}",,,"{""Topic"": ""Portrait male\\bust""}",[1790s],"['Liancourt, Duc de', 'Peale, Charles Willson']",[Paintings],[],"[Men, Portraits]",1,['https://ids.si.edu/ids/deliveryService?id=SAAM-1974.87_1'],"https://ids.si.edu/ids/iiif/SAAM-1974.87_1/full/250,/0/default.jpg",Duc de Liancourt,Charles Willson Peale,1794,Men,Civilian,"[[551, 598, 1005, 1222]]",https://github.com/nmolnar-parsons/revperiod_portraitfaces/blob/main/Portrait_Faces/Image_65_face_0.jpg?raw=true; 
https://collections.si.edu/search/detail/edanmdm:saam_1971.3,SAAM,Smithsonian American Art Museum,Portrait of Edward Shippen Burd of Philadelphia,edanmdm:saam_1971.3,http://n2t.net/ark:/65665/vk7a51bb1b3-6dd6-4cc8-8501-ce75d1eb76c6,https://americanart.si.edu/collections/search/artwork/?id=19318,2024-11-22,"{""Credit Line"": ""Smithsonian American Art Museum, Museum purchase""}","{""Date"": ""ca. 1806-1808""}","{""Object number"": ""1971.3""}","{""Artist"": ""Rembrandt Peale, born PA 1778-died Philadelphia, PA 1860"", ""Sitter"": ""Edward Shippen Burd""}","{""Luce Center Label"": ""Edward Shippen Burd (1779-1848) was a well-respected Philadelphia lawyer. In 1810 he married Eliza Howard Sims. The couple had eight children, all of whom died before their parents. After his death in 1848, his widow commissioned a monument to be erected at Philadelphia's St. Stephen's Church and established a school for orphaned girls in his honor. Rembrandt Peale captured Burd in a happier time of life, several years after he had been admitted to the bar. The light bouncing off his forehead, the tip of his nose, and the corner of his chin accentuate his smooth and glowing complexion. Burd's alert gaze and upright posture convey the confidence of a young man whose future, at least at that point, looked bright.""}","{""Type"": ""Painting""}","{""Medium"": ""oil on canvas"", ""Dimensions"": ""26 7/8 x 21 7/8 in. (68.3 x 55.5 cm.)""}",,,"{""Topic"": ""Portrait male\\bust""}",[1800s],"['Burd, Edward Shippen', 'Peale, Rembrandt']",[Paintings],[],"[Men, Portraits]",1,['https://ids.si.edu/ids/deliveryService?id=SAAM-1971.3_1'],"https://ids.si.edu/ids/iiif/SAAM-1971.3_1/full/250,/0/default.jpg",Edward Shippen Burd,Rembrandt Peale,1806,Men,Civilian,"[[627, 463, 1034, 1031]]",https://github.com/nmolnar-parsons/revperiod_portraitfaces/blob/main/Portrait_Faces/Image_66_face_0.jpg?raw=true; 
https://collections.si.edu/search/detail/edanmdm:saam_1970.76,SAAM,Smithsonian American Art Museum,Portrait of Mrs. Robert Kermit,edanmdm:saam_1970.76,http://n2t.net/ark:/65665/vk79ce44b4c-4276-4712-a17b-d0724efe1b43,https://americanart.si.edu/collections/search/artwork/?id=7713,2024-11-22,"{""Credit Line"": ""Smithsonian American Art Museum, Gift of Kermit Roosevelt""}","{""Date"": ""ca. 1790""}","{""Object number"": ""1970.76""}","{""Attributed to"": ""James Earl, born Paxton, MA 1761-died Charleston, SC 1796"", ""Sitter"": ""Mrs. Robert Kermit""}",,"{""Type"": ""Painting""}","{""Medium"": ""oil on canvas"", ""Dimensions"": ""12 x 9 7/8 in. (30.4 x 25.1 cm) oval""}",,,"{""Topic"": ""Portrait female""}",[1790s],"['Earl, James', 'Kermit, Robert, Mrs.']",[Paintings],[],"[Women, Portraits]",1,['https://ids.si.edu/ids/deliveryService?id=SAAM-1970.76_1'],"https://ids.si.edu/ids/iiif/SAAM-1970.76_1/full/250,/0/default.jpg",Mrs. Robert Kermit,James Earl,1790,Women,Civilian,"[[616, 412, 883, 788]]",https://github.com/nmolnar-parsons/revperiod_portraitfaces/blob/main/Portrait_Faces/Image_67_face_0.jpg?raw=true; 
https://collections.si.edu/search/detail/edanmdm:saam_1970.296,SAAM,Smithsonian American Art Museum,Mrs. Joseph Manigault (Charlotte Drayton),edanmdm:saam_1970.296,http://n2t.net/ark:/65665/vk79a8e6d21-7a6e-49b4-9e81-2f6cbc837e6b,https://americanart.si.edu/collections/search/artwork/?id=15515,2024-11-22,"{""Credit Line"": ""Smithsonian American Art Museum, Gift of Pearl G. Manigault""}","{""Date"": ""ca. 1801""}","{""Object number"": ""1970.296""}","{""Artist"": ""Edward Greene Malbone, born Newport, RI 1777-died Savannah, GA 1807"", ""Sitter"": ""Mrs. Joseph Manigault\nCharlotte Drayton""}","{""Luce Center Label"": ""This miniature of Charlotte Drayton (1781-1855) remained in the Manigault family of Charleston, South Carolina, along with a miniature of her husband, which Edward Malbone painted the following year. Joseph Manigault was a plantation owner, a member of the South Carolina legislature, and a trustee of the College of Charleston.""}","{""Type"": ""Painting-Miniature""}","{""Medium"": ""watercolor on ivory"", ""Dimensions"": ""sight 3 x 2 3/8 in. (7.5 x 6.0 cm) oval""}",,,"{""Topic"": ""Portrait female\\bust\nPortrait female\\bust""}",[1800s],"['Malbone, Edward Greene', 'Drayton, Charlotte', 'Manigault, Joseph, Mrs.']",[Paintings],[],"[Women, Portraits]",1,['https://ids.si.edu/ids/deliveryService?id=SAAM-1970.296_1'],"https://ids.si.edu/ids/iiif/SAAM-1970.296_1/full/250,/0/default.jpg",Mrs. Joseph Manigault\nCharlotte Drayton,Edward Greene Malbone,1801,Women,Civilian,"[[629, 677, 951, 1096]]",https://github.com/nmolnar-parsons/revperiod_portraitfaces/blob/main/Portrait_Faces/Image_68_face_0.jpg?raw=true; 
https://collections.si.edu/search/detail/edanmdm:saam_1968.137,SAAM,Smithsonian American Art Museum,Captain Charles McKnight,edanmdm:saam_1968.137,http://n2t.net/ark:/65665/vk7e2fbabdf-7af0-4b9c-9943-fdeba021da70,https://americanart.si.edu/collections/search/artwork/?id=8708,2024-11-22,"{""Credit Line"": ""Smithsonian American Art Museum, Museum purchase""}","{""Date"": ""1800""}","{""Object number"": ""1968.137""}","{""Artist"": ""Jacob Frymire, born Lancaster County, PA ca. 1765-died Hamilton Township, PA 1822"", ""Sitter"": ""Charles Mc Knight""}",,"{""Type"": ""Painting""}","{""Medium"": ""oil on canvas"", ""Dimensions"": ""28 3/4 x 24 in. (73.1 x 61.1 cm.)""}",,,"{""Topic"": ""Occupation\\military\\captain\nPortrait male""}",[1800s],"['Mc Knight, Charles', 'Frymire, Jacob']",[Paintings],[],"[Occupations, Men, Portraits, Captain, Military]",1,['https://ids.si.edu/ids/deliveryService?id=SAAM-1968.137_1'],"https://ids.si.edu/ids/iiif/SAAM-1968.137_1/full/250,/0/default.jpg",Charles Mc Knight,Jacob Frymire,1800,Men,Military,"[[667, 420, 1002, 860]]",https://github.com/nmolnar-parsons/revperiod_portraitfaces/blob/main/Portrait_Faces/Image_69_face_0.jpg?raw=true; 
https://collections.si.edu/search/detail/edanmdm:saam_1961.9.1,SAAM,Smithsonian American Art Museum,Andre Joseph Villard,edanmdm:saam_1961.9.1,http://n2t.net/ark:/65665/vk7837b3e21-f3df-4da0-b54d-eb957944fb9d,https://americanart.si.edu/collections/search/artwork/?id=2655,2024-11-22,"{""Credit Line"": ""Smithsonian American Art Museum, Gift of Frederick W. Cron""}","{""Date"": ""1810-1812""}","{""Object number"": ""1961.9.1""}","{""Artist"": ""David Boudon, Swiss, born Geneva, Switzerland 1748-died 1816; last known residence Chillicothe"", ""Sitter"": ""Andre Joseph Villard""}","{""Luce Center Label"": ""Silverpoint was an unusual medium for a miniaturist, yet more than half of David Boudon\u2019s work incorporates this exacting drawing technique. To draw with silverpoint, the artist took a wooden stick fitted with a silver tip and drew on his prepared paper. The pale, silvery lines quickly tarnished, leaving a darker, warm brown color. Andre Joseph Villard appears to have been a wealthy Virginia planter. In 1794 his daughter Constance married fellow Virginian William Hutt, who moved the family to Chillicothe, Ohio, in 1799.""}","{""Type"": ""Painting-Miniature""}","{""Medium"": ""silverpoint and watercolor on paper"", ""Dimensions"": ""sight 2 7/8 x 2 1/4 in. (7.3 x 5.7 cm) oval""}",,,"{""Topic"": ""Portrait male\\bust""}",[1810s],"['Boudon, David', 'Villard, Andre Joseph']",[Paintings],[],"[Men, Portraits]",1,['https://ids.si.edu/ids/deliveryService?id=SAAM-1961.9.1_1'],"https://ids.si.edu/ids/iiif/SAAM-1961.9.1_1/full/250,/0/default.jpg",Andre Joseph Villard,David Boudon,1810,Men,Civilian,"[[584, 783, 757, 1074]]",https://github.com/nmolnar-parsons/revperiod_portraitfaces/blob/main/Portrait_Faces/Image_70_face_0.jpg?raw=true; 
https://collections.si.edu/search/detail/edanmdm:saam_1960.6.1,SAAM,Smithsonian American Art Museum,William Thornton,edanmdm:saam_1960.6.1,http://n2t.net/ark:/65665/vk784bd9c75-16bf-4562-babe-c639dc727a2a,https://americanart.si.edu/collections/search/artwork/?id=8287,2024-11-22,"{""Credit Line"": ""Smithsonian American Art Museum, Museum purchase through the Catherine Walden Myer Fund""}","{""Date"": ""ca. 1800""}","{""Object number"": ""1960.6.1""}","{""Artist"": ""Robert Field, born Gloucestershire, England ca. 1769-died Kingston, Jamaica 1819"", ""Sitter"": ""William Thornton""}","{""Luce Center Label"": ""William Thornton (1759-1828) was the first architect of the U.S. Capitol, and an inventor and public official as well. He was born in Tortola, British West Indies, and died in Washington. In addition to designing the Capitol, Thornton also designed the Octagon and Tudor Place in Georgetown, Washington. Robert Field and Thornton were friends, and the architect stayed with the artist on his trip to Washington the year this miniature was painted. Thornton held eight patents for improvements to firearms, stills, and boilers, served as commissioner of Washington, and later in life was the superintendent of the Patent Office.""}","{""Type"": ""Painting-Miniature""}","{""Medium"": ""watercolor on ivory"", ""Dimensions"": ""sight 2 7/8 x 2 3/8 in. (7.3 x 6.0 cm) oval""}",,,"{""Topic"": ""Occupation\\art\\architect\nPortrait male\\bust""}",[1800s],"['Thornton, William', 'Field, Robert']",[Paintings],[],"[Art, Architects, Occupations, Men, Portraits]",1,['https://ids.si.edu/ids/deliveryService?id=SAAM-1960.6.1_2'],"https://ids.si.edu/ids/iiif/SAAM-1960.6.1_2/full/250,/0/default.jpg",William Thornton,Robert Field,1800,Men,Civilian,"[[581, 578, 927, 1054]]",https://github.com/nmolnar-parsons/revperiod_portraitfaces/blob/main/Portrait_Faces/Image_71_face_0.jpg?raw=true; 
https://collections.si.edu/search/detail/edanmdm:saam_1959.9.2,SAAM,Smithsonian American Art Museum,Mrs. George Willig,edanmdm:saam_1959.9.2,http://n2t.net/ark:/65665/vk7a7c408fe-976c-44ee-819c-243a99785db5,https://americanart.si.edu/collections/search/artwork/?id=19660,2024-11-22,"{""Credit Line"": ""Smithsonian American Art Museum, Museum purchase through the Catherine Walden Myer Fund""}","{""Date"": ""1804""}","{""Object number"": ""1959.9.2""}","{""Artist"": ""Philippe Abraham Peticolas, born Meziers, France 1760-died Petersburg, VA 1841"", ""Sitter"": ""Mrs. George Willig""}","{""Luce Center Label"": ""George Willig (1764-1851) was a German expatriate who, arriving in Philadelphia in 1794, took over the first music publishing company in America. He published sheet music through the 1840s, and his son, George Jr., ran a Baltimore branch of the firm from 1829 to 1879. Given Peticolas\u2019s serious interest in music, it seems appropriate that he would paint the music publisher\u2019s wife.""}","{""Type"": ""Painting-Miniature""}","{""Medium"": ""watercolor on ivory"", ""Dimensions"": ""sight 1 3/4 x 2 1/8 in. (4.3 x 5.5 cm) oval""}",,,"{""Topic"": ""Portrait female\\bust""}",[1800s],"['Peticolas, Philippe Abraham', 'Willig, George, Mrs.']",[Paintings],[],"[Women, Portraits]",1,['https://ids.si.edu/ids/deliveryService?id=SAAM-1959.9.2_1'],"https://ids.si.edu/ids/iiif/SAAM-1959.9.2_1/full/250,/0/default.jpg",Mrs. George Willig,Philippe Abraham Peticolas,1804,Women,Civilian,"[[674, 582, 1022, 1061]]",https://github.com/nmolnar-parsons/revperiod_portraitfaces/blob/main/Portrait_Faces/Image_72_face_0.jpg?raw=true; 
https://collections.si.edu/search/detail/edanmdm:saam_1959.5.1,SAAM,Smithsonian American Art Museum,Miriam Etting Myers,edanmdm:saam_1959.5.1,http://n2t.net/ark:/65665/vk78c30e11f-6d12-4e0c-ada5-7324d0213b90,https://americanart.si.edu/collections/search/artwork/?id=24232,2024-11-22,"{""Credit Line"": ""Smithsonian American Art Museum, Museum purchase through the Catherine Walden Myer Fund""}","{""Date"": ""ca. 1805""}","{""Object number"": ""1959.5.1""}","{""Artist"": ""Benjamin Trott, born Boston, MA ca. 1770-died Washington, DC 1843"", ""Sitter"": ""Miriam Etting Myers""}","{""Luce Center Label"": ""Miriam Etting Meyers (Mrs. Jacob Meyers) was born in 1787 and died in 1808. Her father, Solomon Etting, whose portrait was also painted by Benjamin Trott, led the movement in Maryland\u2019s statehouse for the \u201cJew Bill,\u201d which permitted Jews in Maryland to hold public office without having to first renounce their faith. This miniature was first attributed to Edward Greene Malbone, a rival portraitist whose success Trott greatly envied. Malbone had approached Trott in 1809 in hopes that the two painters could exchange some of their works and learn from each other\u2019s strengths, but Trott quickly rejected the idea.""}","{""Type"": ""Painting-Miniature""}","{""Medium"": ""watercolor on ivory"", ""Dimensions"": ""3 x 2 1/4 in. (7.7 x 5.7 cm) oval""}",,,"{""Topic"": ""Portrait female\\bust""}",[1800s],"['Myers, Miriam Etting', 'Trott, Benjamin']",[Paintings],[],"[Women, Portraits]",1,['https://ids.si.edu/ids/deliveryService?id=SAAM-1959.5.1_1'],"https://ids.si.edu/ids/iiif/SAAM-1959.5.1_1/full/250,/0/default.jpg",Miriam Etting Myers,Benjamin Trott,1805,Women,Civilian,"[[559, 712, 801, 1055]]",https://github.com/nmolnar-parsons/revperiod_portraitfaces/blob/main/Portrait_Faces/Image_73_face_0.jpg?raw=true; 
https://collections.si.edu/search/detail/edanmdm:saam_1958.5.4,SAAM,Smithsonian American Art Museum,A. Laurason,edanmdm:saam_1958.5.4,http://n2t.net/ark:/65665/vk7c1add3df-bd2c-4305-9f0e-4b4a23c1147f,https://americanart.si.edu/collections/search/artwork/?id=25543,2024-11-22,"{""Credit Line"": ""Smithsonian American Art Museum, Gift of Mary Taylor""}","{""Date"": ""ca. 1805""}","{""Object number"": ""1958.5.4""}","{""Artist"": ""Jean Francois De Vallee, active 1794-1828"", ""Sitter"": ""A. Laurason""}","{""Luce Center Label"": ""There is evidence to suggest that a man named A. Laurason worked for the Southern Pacific Railroad Company in New Orleans. However, the railroad that ran through New Orleans was not absorbed by Southern Pacific until the 1880s, so the man who worked for the railroad may have been a descendant of the gentleman in this portrait.""}","{""Type"": ""Painting-Miniature""}","{""Medium"": ""watercolor on ivory"", ""Dimensions"": ""sight 2 1/2 in. (6.5 cm) diam.""}",,,"{""Topic"": ""Portrait male\\bust""}",[1800s],"['Vallee, Jean Francois De', 'Laurason, A.']",[Paintings],[],"[Men, Portraits]",1,['https://ids.si.edu/ids/deliveryService?id=SAAM-1958.5.4_1'],"https://ids.si.edu/ids/iiif/SAAM-1958.5.4_1/full/250,/0/default.jpg",A. Laurason,Jean Francois De Vallee,1805,Men,Civilian,"[[740, 650, 1064, 1120]]",https://github.com/nmolnar-parsons/revperiod_portraitfaces/blob/main/Portrait_Faces/Image_74_face_0.jpg?raw=true; 
https://collections.si.edu/search/detail/edanmdm:saam_1957.3.3,SAAM,Smithsonian American Art Museum,Col. Josiah Parker,edanmdm:saam_1957.3.3,http://n2t.net/ark:/65665/vk78e1bc174-566f-4718-94f0-96ef2cf5b4df,https://americanart.si.edu/collections/search/artwork/?id=20338,2024-11-22,"{""Credit Line"": ""Smithsonian American Art Museum, Museum purchase through the Catherine Walden Myer Fund""}","{""Date"": ""ca. 1789""}","{""Object number"": ""1957.3.3""}","{""Artist"": ""John Ramage, born Dublin, Ireland ca. 1748-died Montreal, Quebec, Canada 1802"", ""Sitter"": ""Col. Josiah Parker""}","{""Luce Center Label"": ""Josiah Parker was a Revolutionary soldier and politician. He served in Virginia under George Washington, becoming a major in 1776 and a colonel the following year. He saw action at the battles of Trenton, Princeton, and Brandywine. His short temper got the better of him, however, and he resigned from the army in 1778. Thereafter he served as a naval officer for Norfolk, Virginia, and was a member of the Virginia House of Delegates. As a member of the First Congress, he voted to place the U.S. Capitol on the Potomac. Although he appears in his uniform, it is likely this miniature was painted when Parker took his seat in Congress.""}","{""Type"": ""Painting-Miniature""}","{""Medium"": ""watercolor on ivory"", ""Dimensions"": ""1 5/8 x 1 1/4 in. (4.2 x 3.2 cm) oval""}",,,"{""Topic"": ""Occupation\\military\nDress\\uniform\\military uniform\nPortrait male\\bust""}",[1780s],"['Parker, Josiah, Col.', 'Ramage, John']",[Paintings],[],"[Uniforms, Occupations, Clothing and dress, Men, Portraits, Military]",1,['https://ids.si.edu/ids/deliveryService?id=SAAM-1957.3.3_1'],"https://ids.si.edu/ids/iiif/SAAM-1957.3.3_1/full/250,/0/default.jpg",Col. Josiah Parker,John Ramage,1789,Men,Military,"[[427, 608, 827, 1151]]",https://github.com/nmolnar-parsons/revperiod_portraitfaces/blob/main/Portrait_Faces/Image_75_face_0.jpg?raw=true; 
https://collections.si.edu/search/detail/edanmdm:saam_1957.3.2,SAAM,Smithsonian American Art Museum,T. Stanford,edanmdm:saam_1957.3.2,http://n2t.net/ark:/65665/vk7dd5e4e3c-3a4e-4bf1-933f-dbb70a2162c4,https://americanart.si.edu/collections/search/artwork/?id=15354,2024-11-22,"{""Credit Line"": ""Smithsonian American Art Museum, Museum purchase through the Catherine Walden Myer Fund""}","{""Date"": ""ca. 1795""}","{""Object number"": ""1957.3.2""}","{""Artist"": ""Ebenezer Mack, born 1765-died 1833"", ""Sitter"": ""T. Stanford""}","{""Luce Center Label"": ""The inscription \u201cT. Stanford\u201d found on a piece of paper in the back of this locket is the only clue to the sitter\u2019s identity.""}","{""Type"": ""Painting-Miniature""}","{""Medium"": ""watercolor on ivory"", ""Dimensions"": ""sight 2 5/8 x 2 1/8 in. (6.7 x 5.4 cm) oval""}",,,"{""Topic"": ""Portrait male\\bust""}",[1790s],"['Mack, Ebenezer', 'Stanford, T.']",[Paintings],[],"[Men, Portraits]",1,['https://ids.si.edu/ids/deliveryService?id=SAAM-1957.3.2_1'],"https://ids.si.edu/ids/iiif/SAAM-1957.3.2_1/full/250,/0/default.jpg",T. Stanford,Ebenezer Mack,1795,Men,Civilian,"[[575, 602, 897, 1045]]",https://github.com/nmolnar-parsons/revperiod_portraitfaces/blob/main/Portrait_Faces/Image_76_face_0.jpg?raw=true; 
https://collections.si.edu/search/detail/edanmdm:saam_1957.11.2,SAAM,Smithsonian American Art Museum,James Rumsey,edanmdm:saam_1957.11.2,http://n2t.net/ark:/65665/vk74550ab1f-7d6f-45d5-aef4-ea3ad9ce25f1,https://americanart.si.edu/collections/search/artwork/?id=27559,2024-11-22,"{""Credit Line"": ""Smithsonian American Art Museum, Bequest of Eugene A. Rumsey and Brothers""}","{""Date"": ""ca. 1790""}","{""Object number"": ""1957.11.2""}","{""Attributed to"": ""George William West, born St. Andrew's Parish, MD 1770-died 1795"", ""Sitter"": ""James Rumsey""}","{""Luce Center Label"": ""Born in 1743, James Rumsey was a man of many trades. Although not formally educated, he was skilled at science, blacksmithing, cabinetmaking, and milling. In 1784, George Washington commissioned Rumsey to build a house and stable for him at his residence in Bath, Virginia. Washington also supported Rumsey\u2019s vision---realized in 1786---of building a steamboat capable of navigating the Potomac River. The first trial run was not a success, but a reworked design of 1787 fared better. Rumsey spent four years in London in search of financial backers. One day, after showing the latest model, the Columbia Maid, he fell ill and died from what his doctors described as \u201coverstraining his brain.\u201d""}","{""Type"": ""Painting""}","{""Medium"": ""oil on wood"", ""Dimensions"": ""4 7/8 x 4 1/8 in. (12.4 x 10.5 cm) rectangle""}",,,"{""Topic"": ""Occupation\\industry\\engineering\nPortrait male\\bust""}",[1790s],"['Rumsey, James', 'West, George William']",[Paintings],[],"[Engineering, Industrialization, Occupations, Men, Portraits]",1,['https://ids.si.edu/ids/deliveryService?id=SAAM-1957.11.2_1'],"https://ids.si.edu/ids/iiif/SAAM-1957.11.2_1/full/250,/0/default.jpg",James Rumsey,George William West,1790,Men,Civilian,"[[619, 563, 882, 943]]",https://github.com/nmolnar-parsons/revperiod_portraitfaces/blob/main/Portrait_Faces/Image_77_face_0.jpg?raw=true; 
https://collections.si.edu/search/detail/edanmdm:saam_1956.7.1,SAAM,Smithsonian American Art Museum,David McClellan,edanmdm:saam_1956.7.1,http://n2t.net/ark:/65665/vk72153b387-dc5e-43a5-913d-758e971ddd7f,https://americanart.si.edu/collections/search/artwork/?id=24231,2024-11-22,"{""Credit Line"": ""Smithsonian American Art Museum, Museum purchase through the Catherine Walden Myer Fund""}","{""Date"": ""ca. 1805""}","{""Object number"": ""1956.7.1""}","{""Artist"": ""Benjamin Trott, born Boston, MA ca. 1770-died Washington, DC 1843"", ""Sitter"": ""David McClellan""}","{""Luce Center Label"": ""These portraits were painted in 1805, after Benjamin Trott had set out on horseback for a yearlong journey westward. They are two of the many works created as the artist made his way through Pennsylvania, Kentucky, and Ohio, states that then defined the nation\u2019s western borders.""}","{""Type"": ""Painting-Miniature""}","{""Medium"": ""watercolor on ivory"", ""Dimensions"": ""sight 3 x 2 1/2 in. (7.6 x 6.2 cm) oval""}",,,"{""Topic"": ""not dated\nPortrait male\\bust""}",[1800s],"['Trott, Benjamin', 'McClellan, David']",[Paintings],[],"[Men, Portraits, not dated]",1,['https://ids.si.edu/ids/deliveryService?id=SAAM-1956.7.1_1'],"https://ids.si.edu/ids/iiif/SAAM-1956.7.1_1/full/250,/0/default.jpg",David McClellan,Benjamin Trott,1805,Men,Civilian,"[[567, 720, 931, 1195]]",https://github.com/nmolnar-parsons/revperiod_portraitfaces/blob/main/Portrait_Faces/Image_78_face_0.jpg?raw=true; 
https://collections.si.edu/search/detail/edanmdm:saam_1956.1.4,SAAM,Smithsonian American Art Museum,Mrs. Elizabeth Pollock Hartigan,edanmdm:saam_1956.1.4,http://n2t.net/ark:/65665/vk7a74305a2-9826-4e22-81fd-fc1691718c5a,https://americanart.si.edu/collections/search/artwork/?id=21061,2024-11-22,"{""Credit Line"": ""Smithsonian American Art Museum, Museum purchase through the Catherine Walden Myer Fund""}","{""Date"": ""1795""}","{""Object number"": ""1956.1.4""}","{""Artist"": ""Walter Robertson, Irish, born Dublin, Ireland ca. 1750-died Fatehpur, India 1801/02"", ""Sitter"": ""Mrs. Elizabeth Pollock Hartigan""}",,"{""Type"": ""Painting-Miniature""}","{""Medium"": ""watercolor on ivory"", ""Dimensions"": ""2 5/8 x 2 1/8 in. (6.7 x 5.4 cm) oval""}",,,"{""Topic"": ""Portrait female\\waist length""}",[1790s],"['Hartigan, Elizabeth Pollock, Mrs.', 'Robertson, Walter']",[Paintings],[],"[Women, Portraits]",1,['https://ids.si.edu/ids/deliveryService?id=SAAM-1956.1.4_1'],"https://ids.si.edu/ids/iiif/SAAM-1956.1.4_1/full/250,/0/default.jpg",Mrs. Elizabeth Pollock Hartigan,Walter Robertson,1795,Women,Civilian,"[[753, 667, 983, 978]]",https://github.com/nmolnar-parsons/revperiod_portraitfaces/blob/main/Portrait_Faces/Image_79_face_0.jpg?raw=true; 
https://collections.si.edu/search/detail/edanmdm:saam_1956.1.3,SAAM,Smithsonian American Art Museum,Lawrence Reid Yates,edanmdm:saam_1956.1.3,http://n2t.net/ark:/65665/vk71fe1dbd5-5737-4ce5-a50f-fe5a4b4f84b8,https://americanart.si.edu/collections/search/artwork/?id=21064,2024-11-22,"{""Credit Line"": ""Smithsonian American Art Museum, Museum purchase through the Catherine Walden Myer Fund""}","{""Date"": ""ca. 1794""}","{""Object number"": ""1956.1.3""}","{""Artist"": ""Walter Robertson, Irish, born Dublin, Ireland ca. 1750-died Fatehpur, India 1801/02"", ""Copy after"": ""Gilbert Stuart, born Saunderstown, Rhode Island Colony (now North Kingstown, RI) 1755-died Bosto"", ""Sitter"": ""Lawrence Reid Yates""}","{""Luce Center Label"": ""Lawrence Reid Yates (died 1796) was a New York merchant who had his portrait painted by Gilbert Stuart. Walter Robertson, who came to the United States at Stuart\u2019s urging, often copied in miniature his mentor\u2019s paintings, and this image of Yates is such a copy. The full-scale portrait hangs in the National Gallery of Art in Washington, and was painted in 1793 or 1794. A miniature of Richard Yates\u2019s wife, by an unknown artist, is also in this collection <b>[see 1956.1.2]</b>.""}","{""Type"": ""Painting-Miniature""}","{""Medium"": ""watercolor on ivory"", ""Dimensions"": ""sight 3 x 2 3/8 in. (7.5 x 6.0 cm) oval""}",,,"{""Topic"": ""Portrait male\\bust""}",[1790s],"['Robertson, Walter', 'Yates, Lawrence Reid', 'Stuart, Gilbert']",[Paintings],[],"[Men, Portraits]",1,['https://ids.si.edu/ids/deliveryService?id=SAAM-1956.1.3_1'],"https://ids.si.edu/ids/iiif/SAAM-1956.1.3_1/full/250,/0/default.jpg",Lawrence Reid Yates,Walter Robertson,1794,Men,Civilian,"[[557, 694, 838, 1122]]",https://github.com/nmolnar-parsons/revperiod_portraitfaces/blob/main/Portrait_Faces/Image_80_face_0.jpg?raw=true; 
https://collections.si.edu/search/detail/edanmdm:saam_1956.1.2,SAAM,Smithsonian American Art Museum,Mrs. Richard Yates,edanmdm:saam_1956.1.2,http://n2t.net/ark:/65665/vk78acd056e-f6d5-4b68-89fb-486ac2a3fa79,https://americanart.si.edu/collections/search/artwork/?id=25458,2024-11-22,"{""Credit Line"": ""Smithsonian American Art Museum, Museum purchase through the Catherine Walden Myer Fund""}","{""Date"": ""ca. 1790""}","{""Object number"": ""1956.1.2""}","{""Artist"": ""Unidentified"", ""Sitter"": ""Mrs. Richard Yates\nCatherine Brass""}","{""Luce Center Label"": ""Catherine Brass Yates was the wife of Richard Yates, a senior partner with the New York law firm Yates & Pollock. In this miniature, Mrs. Yates wears a dress and fichu (a scarf worn to fill in a neckline), and her hair is mostly hidden beneath a large bonnet. The painter focused on the sitter\u2019s eyes, which are downcast to suggest a moment of reflection.""}","{""Type"": ""Painting-Miniature""}","{""Medium"": ""watercolor on ivory"", ""Dimensions"": ""sight 1 7/8 x 1 1/2 in. (4.7 x 3.8 cm) oval""}",,,"{""Topic"": ""Portrait female\\bust\nPortrait female\\bust""}",[1790s],"['Brass, Catherine', 'Yates, Richard, Mrs.']",[Paintings],[],"[Women, Portraits]",1,['https://ids.si.edu/ids/deliveryService?id=SAAM-1956.1.2_1'],"https://ids.si.edu/ids/iiif/SAAM-1956.1.2_1/full/250,/0/default.jpg",Mrs. Richard Yates\nCatherine Brass,Unidentified,1790,Women,Civilian,"[[587, 838, 843, 1205]]",https://github.com/nmolnar-parsons/revperiod_portraitfaces/blob/main/Portrait_Faces/Image_81_face_0.jpg?raw=true; 
https://collections.si.edu/search/detail/edanmdm:saam_1956.1.1,SAAM,Smithsonian American Art Museum,Member of the Yates Family,edanmdm:saam_1956.1.1,http://n2t.net/ark:/65665/vk797f50775-a877-4268-99d9-a923bfbfb69e,https://americanart.si.edu/collections/search/artwork/?id=25457,2024-11-22,"{""Credit Line"": ""Smithsonian American Art Museum, Museum purchase through the Catherine Walden Myer Fund""}","{""Date"": ""ca. 1780""}","{""Object number"": ""1956.1.1""}","{""Artist"": ""Unidentified"", ""Sitter"": ""Yates""}","{""Luce Center Label"": ""Mr. Yates\u2019s hair, with its two curls above each ear, reflects the style of the late eighteenth century when men made the transition from wigs to their own, often powdered, hair. The sitter\u2019s elongated nose, thin lips, sad eyes, and weak jawline give him a feeble appearance, and he may have chosen to wear a vibrantly colored coat in his portrait to compensate for these timid features.""}","{""Type"": ""Painting-Miniature""}","{""Medium"": ""watercolor on ivory"", ""Dimensions"": ""sight 1 5/8 x 1 3/8 in. (4.1 x 3.5 cm) oval""}",,,"{""Topic"": ""Portrait male\\bust""}",[1780s],[Yates],[Paintings],[],"[Men, Portraits]",1,['https://ids.si.edu/ids/deliveryService?id=SAAM-1956.1.1_1'],"https://ids.si.edu/ids/iiif/SAAM-1956.1.1_1/full/250,/0/default.jpg",Yates,Unidentified,1780,Men,Civilian,"[[599, 776, 827, 1100]]",https://github.com/nmolnar-parsons/revperiod_portraitfaces/blob/main/Portrait_Faces/Image_82_face_0.jpg?raw=true; 
https://collections.si.edu/search/detail/edanmdm:saam_1953.7.4,SAAM,Smithsonian American Art Museum,Member of the Mayfield Family,edanmdm:saam_1953.7.4,http://n2t.net/ark:/65665/vk7dc272470-ed09-4401-a6c4-de08f798f9b1,https://americanart.si.edu/collections/search/artwork/?id=19751,2024-11-22,"{""Credit Line"": ""Smithsonian American Art Museum, Museum purchase through the Catherine Walden Myer Fund""}","{""Date"": ""ca. 1805""}","{""Object number"": ""1953.7.4""}","{""Artist"": ""George Place, Irish, born Dublin, Ireland 1760 or 1775-died Lucknow, India 1805 or 1809"", ""Sitter"": ""Mayfield""}","{""Luce Center Label"": ""Until we learn more about George Place\u2019s life and career, it is impossible to know if the artist painted this member of the Mayfield family in the United Kingdom, the United States, or in India. The gentleman\u2019s features appear lifelike, but his disproportionally large head and wide eyes create an unnatural composition.""}","{""Type"": ""Painting-Miniature""}","{""Medium"": ""watercolor on ivory"", ""Dimensions"": ""2 7/8 x 2 1/4 in. (7.3 x 5.8 cm.)""}",,,"{""Topic"": ""Portrait male\\bust""}",[1800s],"['Place, George', 'Mayfield,']",[Paintings],[],"[Men, Portraits]",1,['https://ids.si.edu/ids/deliveryService?id=SAAM-1953.7.4_1'],"https://ids.si.edu/ids/iiif/SAAM-1953.7.4_1/full/250,/0/default.jpg",Mayfield,George Place,1805,Men,Civilian,"[[445, 412, 660, 709]]",https://github.com/nmolnar-parsons/revperiod_portraitfaces/blob/main/Portrait_Faces/Image_83_face_0.jpg?raw=true; 
https://collections.si.edu/search/detail/edanmdm:saam_1952.3.3,SAAM,Smithsonian American Art Museum,James Wilson,edanmdm:saam_1952.3.3,http://n2t.net/ark:/65665/vk77785276e-e54d-4bd8-8faf-bf244bcc6775,https://americanart.si.edu/collections/search/artwork/?id=8019,2024-11-22,"{""Credit Line"": ""Smithsonian American Art Museum, Museum purchase through the Catherine Walden Myer Fund""}","{""Date"": ""ca. 1792""}","{""Object number"": ""1952.3.3""}","{""Artist"": ""Jean Pierre Henri Elouis, French, born Caen, France 1755-died Caen, France 1840"", ""Sitter"": ""James Wilson""}","{""Luce Center Label"": ""James Wilson (1742-1798) was a famous American statesman, lawyer, Supreme Court justice, and land speculator. He was born in Carskerdo, Scotland, and immigrated in 1766 to the colonies. He settled in Carlisle, Pennsylvania, where he practiced law. He promoted the idea that the British parliament held no authority over the colonies, and in 1775 was elected to the Second Continental Congress and penned his signature on the Declaration of Independence. He served a second term in Congress from 1785 to 1787, during which time he won praise for his draft of the federal Constitution. In his last years, land speculations ruined him, and he was remembered as much for his bad business instincts as his impressive contributions to the development of American law. In this portrait the elderly Wilson is shown wearing glasses. The frames must have been imported, as no manufacturer existed in the United States until 1815.""}","{""Type"": ""Painting-Miniature""}","{""Medium"": ""watercolor on ivory"", ""Dimensions"": ""sight 2 5/8 x 2 in. (6.7 x 5.2 cm) oval""}",,,"{""Topic"": ""Portrait male\\bust""}",[1790s],"['Wilson, James', 'Elouis, Jean Pierre Henri']",[Paintings],[],"[Men, Portraits]",1,['https://ids.si.edu/ids/deliveryService?id=SAAM-1952.3.3_1'],"https://ids.si.edu/ids/iiif/SAAM-1952.3.3_1/full/250,/0/default.jpg",James Wilson,Jean Pierre Henri Elouis,1792,Men,Civilian,"[[527, 577, 907, 1090]]",https://github.com/nmolnar-parsons/revperiod_portraitfaces/blob/main/Portrait_Faces/Image_84_face_0.jpg?raw=true; 
https://collections.si.edu/search/detail/edanmdm:saam_1952.12.2,SAAM,Smithsonian American Art Museum,Josiah Hewes Anthony,edanmdm:saam_1952.12.2,http://n2t.net/ark:/65665/vk7c0f404b6-9725-4722-8c25-e9ab8d293d76,https://americanart.si.edu/collections/search/artwork/?id=19295,2024-11-22,"{""Credit Line"": ""Smithsonian American Art Museum, Gift of Mr. and Mrs. Ruel P. Tolman""}","{""Date"": ""1790""}","{""Object number"": ""1952.12.2""}","{""Artist"": ""James Peale, born Chestertown, MD 1749-died Philadelphia, PA 1831"", ""Sitter"": ""Josiah Hewes Anthony""}","{""Luce Center Label"": ""Josiah Hewes Anthony (born about 1769) was the son of the Philadelphia merchant Captain Joseph Anthony, and named for Captain Anthony\u2019s business partner, Josiah Hewes. Josiah\u2019s brother, Joseph Anthony Jr., was a silversmith. Josiah was in his early twenties when this miniature was painted, and later became a wealthy merchant who owned a wharf in Philadelphia. This museum also owns a miniature of Captain Anthony, painted by Walter Robertson <b>[see 1952.12.1]</b>.""}","{""Type"": ""Painting-Miniature""}","{""Medium"": ""watercolor on ivory"", ""Dimensions"": ""1 3/4 x 1 1/2 in. (4.6 x 3.7 cm) oval""}",,,"{""Topic"": ""Portrait male\\bust""}",[1790s],"['Anthony, Josiah Hewes', 'Peale, James']",[Paintings],[],"[Men, Portraits]",1,['https://ids.si.edu/ids/deliveryService?id=SAAM-1952.12.2_1'],"https://ids.si.edu/ids/iiif/SAAM-1952.12.2_1/full/250,/0/default.jpg",Josiah Hewes Anthony,James Peale,1790,Men,Civilian,"[[561, 662, 1011, 1243]]",https://github.com/nmolnar-parsons/revperiod_portraitfaces/blob/main/Portrait_Faces/Image_85_face_0.jpg?raw=true; 
https://collections.si.edu/search/detail/edanmdm:saam_1952.12.1,SAAM,Smithsonian American Art Museum,Captain Joseph Anthony,edanmdm:saam_1952.12.1,http://n2t.net/ark:/65665/vk7ea41f660-da43-4375-8a4a-d7259411f23b,https://americanart.si.edu/collections/search/artwork/?id=21060,2024-11-22,"{""Credit Line"": ""Smithsonian American Art Museum, Gift of Mr. and Mrs. Ruel P. Tolman""}","{""Date"": ""ca. 1794""}","{""Object number"": ""1952.12.1""}","{""Artist"": ""Walter Robertson, Irish, born Dublin, Ireland ca. 1750-died Fatehpur, India 1801/02"", ""Sitter"": ""Joseph Anthony""}","{""Luce Center Label"": ""Captain Joseph Anthony (1738-1798) was a prosperous Philadelphia merchant. His son Joseph Jr. became a prominent silversmith, and his son Josiah, a fellow merchant. The miniature of Josiah Hewes Anthony is in this collection <b>[see 1952.12.2]</b>. On the back of Captain Anthony\u2019s miniature is a second painting---a mourning scene, with two female figures holding two bluebirds and a red rose. They sit next to a large funerary urn under a massive tree, a temple behind them in the rolling landscape. The tree and grass are made with clippings of hair, and braided locks---perhaps from the captain himself---adorn the perimeter of the image. This second painting is clearly by a different artist, and was probably added to the miniature after the captain\u2019s death.""}","{""Type"": ""Painting-Miniature""}","{""Medium"": ""watercolor on ivory"", ""Dimensions"": ""sight 2 3/4 x 2 1/4 in. (7.0 x 5.7 cm) oval""}",,,"{""Topic"": ""Occupation\\military\\captain\nPortrait male\\waist length""}",[1790s],"['Robertson, Walter', 'Anthony, Joseph']",[Paintings],[],"[Occupations, Men, Portraits, Captain, Military]",1,['https://ids.si.edu/ids/deliveryService?id=SAAM-1952.12.1_1'],"https://ids.si.edu/ids/iiif/SAAM-1952.12.1_1/full/250,/0/default.jpg",Joseph Anthony,Walter Robertson,1794,Men,Military,"[[632, 709, 945, 1116]]",https://github.com/nmolnar-parsons/revperiod_portraitfaces/blob/main/Portrait_Faces/Image_86_face_0.jpg?raw=true; 
https://collections.si.edu/search/detail/edanmdm:saam_1951.3.8,SAAM,Smithsonian American Art Museum,"James Cunningham, Last Earl of Glencairn",edanmdm:saam_1951.3.8,http://n2t.net/ark:/65665/vk71d18e8b1-b8ce-4aa7-84ef-8505082634f0,https://americanart.si.edu/collections/search/artwork/?id=24605,2024-11-22,"{""Credit Line"": ""Smithsonian American Art Museum, Gift of William Mouat Hannay""}","{""Date"": ""ca. 1790""}","{""Object number"": ""1951.3.8""}","{""Artist"": ""Unidentified (British)"", ""Sitter"": ""James Cunningham""}","{""Luce Center Label"": ""Born in Scotland, James Cunningham was the fourteenth Earl of Glencairn from 1775 until his death in 1791. Because James had no children, his brother John succeeded him, making John the last earl of Glencairn, rather than James as the title of this piece suggests. After James\u2019s death, his friend the Scottish poet Robert Burns wrote \u201cLament for James Cunningham, 14th Earl of Glencairn.\u201d The last lines of the poem read: \u201cThe mother may forget the child/ that smiles sae sweetly on her knee;/ But I\u2019ll remember thee Glencairn/ and a\u2019 that thou hast done for me.\u201d The intricately woven hair on the reverse of the portrait is probably Cunningham\u2019s, suggesting that this was a piece of mourning jewelry.""}","{""Type"": ""Painting-Miniature""}","{""Medium"": ""watercolor on ivory"", ""Dimensions"": ""sight 2 1/2 x 1 7/8 in. (6.3 x 4.8 cm) oval""}",,,"{""Topic"": ""Occupation\\other\\aristocrat\nPortrait male\\bust""}",[1790s],"['Cunningham, James']",[Paintings],[],"[Occupations, Men, Portraits, 'Aristocracy (Social class)']",1,['https://ids.si.edu/ids/deliveryService?id=SAAM-1951.3.8_1'],"https://ids.si.edu/ids/iiif/SAAM-1951.3.8_1/full/250,/0/default.jpg",James Cunningham,Unidentified (British),1790,Men,Civilian,"[[420, 547, 609, 836]]",https://github.com/nmolnar-parsons/revperiod_portraitfaces/blob/main/Portrait_Faces/Image_87_face_0.jpg?raw=true; 
https://collections.si.edu/search/detail/edanmdm:saam_1950.7.10,SAAM,Smithsonian American Art Museum,Augustus Fricke,edanmdm:saam_1950.7.10,http://n2t.net/ark:/65665/vk74d57a7ad-6096-42ec-b837-77bc4d7cc47d,https://americanart.si.edu/collections/search/artwork/?id=8018,2024-11-22,"{""Credit Line"": ""Smithsonian American Art Museum, Museum purchase through the Catherine Walden Myer Fund""}","{""Date"": ""ca. 1795""}","{""Object number"": ""1950.7.10""}","{""Artist"": ""Jean Pierre Henri Elouis, French, born Caen, France 1755-died Caen, France 1840"", ""Sitter"": ""Augustus Fricke""}","{""Luce Center Label"": ""Born in Krakow, Poland, in 1763, Augustus Fricke (or Fritsche) lived much of his adult life in Philadelphia. He was a cloth merchant, specializing in imported lace, and served in the Second City Troop in 1808. He applied for a passport in 1810, and lived in Havana until his death the following year from yellow fever.""}","{""Type"": ""Painting-Miniature""}","{""Medium"": ""watercolor on ivory"", ""Dimensions"": ""sight 2 3/4 x 3 in. (7.0 x 7.5 cm) oval""}",,,"{""Topic"": ""Portrait male\\bust""}",[1790s],"['Elouis, Jean Pierre Henri', 'Fricke, Augustus']",[Paintings],[],"[Men, Portraits]",1,['https://ids.si.edu/ids/deliveryService?id=SAAM-1950.7.10_1'],"https://ids.si.edu/ids/iiif/SAAM-1950.7.10_1/full/250,/0/default.jpg",Augustus Fricke,Jean Pierre Henri Elouis,1795,Men,Civilian,"[[565, 686, 903, 1146]]",https://github.com/nmolnar-parsons/revperiod_portraitfaces/blob/main/Portrait_Faces/Image_88_face_0.jpg?raw=true; 
https://collections.si.edu/search/detail/edanmdm:saam_1950.4.40,SAAM,Smithsonian American Art Museum,Elizabeth Du Hamel?,edanmdm:saam_1950.4.40,http://n2t.net/ark:/65665/vk70b4ef225-4bf9-4be1-a3ba-e511720d5371,https://americanart.si.edu/collections/search/artwork/?id=3103,2024-11-22,"{""Credit Line"": ""Smithsonian American Art Museum, Gift of Mrs. Henry L. Milmore""}","{""Date"": ""ca. 1805""}","{""Object number"": ""1950.4.40""}","{""Artist"": ""Henry Jacob Burch, Jr., English, born 1763-died after 1834"", ""Sitter"": ""Elizabeth Du Hamel""}","{""Luce Center Label"": ""Little is known about the artist Henry Jacob Burch, and it is unclear whether this young lady is English, French, or American. On the back of the locket is a floral design, made from the sitter\u2019s hair.""}","{""Type"": ""Painting-Miniature""}","{""Medium"": ""watercolor on ivory"", ""Dimensions"": ""2 3/4 x 2 1/4 in. (7.0 x 5.7 cm) oval""}",,,"{""Topic"": ""Portrait female\\bust""}",[1800s],"['Du Hamel, Elizabeth', 'Burch, Henry Jacob']",[Paintings],[],"[Women, Portraits]",1,['https://ids.si.edu/ids/deliveryService?id=SAAM-1950.4.40_1'],"https://ids.si.edu/ids/iiif/SAAM-1950.4.40_1/full/250,/0/default.jpg",Elizabeth Du Hamel,Henry Jacob Burch,1805,Women,Civilian,"[[445, 447, 624, 688]]",https://github.com/nmolnar-parsons/revperiod_portraitfaces/blob/main/Portrait_Faces/Image_89_face_0.jpg?raw=true; 
https://collections.si.edu/search/detail/edanmdm:saam_1950.4.3,SAAM,Smithsonian American Art Museum,Mary Thayer Holden,edanmdm:saam_1950.4.3,http://n2t.net/ark:/65665/vk7c2df9f0d-db98-485e-bd52-08e153051592,https://americanart.si.edu/collections/search/artwork/?id=28323,2024-11-22,"{""Credit Line"": ""Smithsonian American Art Museum, Gift of Mrs. Henry L. Milmore""}","{""Date"": ""ca. 1805""}","{""Object number"": ""1950.4.3""}","{""Artist"": ""Thomas Young, born 1765-died 1821"", ""Sitter"": ""Mary Thayer Holden""}","{""Luce Center Label"": ""Mary Thayer Holden was the wife of Captain John Pierce, who served in the artillery at Beaver County, Pennsylvania. The initials \u201cMH\u201d are monogrammed in gold over hairwork on the reverse of the miniature.""}","{""Type"": ""Painting-Miniature""}","{""Medium"": ""watercolor on ivory"", ""Dimensions"": ""2 3/4 x 2 3/8 in. (7.0 x 5.9 cm) oval""}",,,"{""Topic"": ""Portrait female\\bust""}",[1800s],"['Young, Thomas', 'Holden, Mary Thayer']",[Paintings],[],"[Women, Portraits]",1,['https://ids.si.edu/ids/deliveryService?id=SAAM-1950.4.3_1'],"https://ids.si.edu/ids/iiif/SAAM-1950.4.3_1/full/250,/0/default.jpg",Mary Thayer Holden,Thomas Young,1805,Women,Civilian,"[[620, 646, 945, 1103]]",https://github.com/nmolnar-parsons/revperiod_portraitfaces/blob/main/Portrait_Faces/Image_90_face_0.jpg?raw=true; 
https://collections.si.edu/search/detail/edanmdm:saam_1950.4.29,SAAM,Smithsonian American Art Museum,Miss Lettie Stanley,edanmdm:saam_1950.4.29,http://n2t.net/ark:/65665/vk7f2610cd8-4a76-4664-bb07-7afa43a5912f,https://americanart.si.edu/collections/search/artwork/?id=25238,2024-11-22,"{""Credit Line"": ""Smithsonian American Art Museum, Gift of Mrs. Henry L. Milmore""}","{""Date"": ""ca. 1810""}","{""Object number"": ""1950.4.29""}","{""Artist"": ""Unidentified"", ""Sitter"": ""Lettie Stanley""}","{""Luce Center Label"": ""It is not always possible to identify the sitter in a miniature portrait, and research is still being done on some of the works in the Museum\u2019s collection. Miniatures became popular in England during the early 1700s, commissioned by wealthy families on the occasions of births, engagements, weddings, and bereavements. These paintings, elaborately set into lockets or brooches, provided the wearer with a sentimental connection to a loved one. The back of the miniature often revealed a lock of the sitter\u2019s hair, symbolizing affection, commitment, or loss. The daguerreotype, invented in 1839, provided a cheaper, faster alternative, and portrait miniatures grew less popular. At the turn of the twentieth century, with the establishment of the American Society of Miniature Painters, miniatures enjoyed a brief revival. Conservation of this miniature was made possible through a generous grant provided by the Smithsonian Women\u2019s Committee.""}","{""Type"": ""Painting-Miniature""}","{""Medium"": ""watercolor on ivory"", ""Dimensions"": ""3 x 2 3/8 in. (7.6 x 5.9 cm) oval""}",,,"{""Topic"": ""Dress\\accessory\\hat\nFigure female\\elderly\\bust\nPortrait female\\bust""}",[1810s],"['Stanley, Lettie']",[Paintings],[],"[Women, Figure female, Older people, Clothing and dress, Dress accessories, Portraits, Hats]",1,['https://ids.si.edu/ids/deliveryService?id=SAAM-1950.4.29_1'],"https://ids.si.edu/ids/iiif/SAAM-1950.4.29_1/full/250,/0/default.jpg",Lettie Stanley,Unidentified,1810,Women,Civilian,"[[694, 618, 995, 1060]]",https://github.com/nmolnar-parsons/revperiod_portraitfaces/blob/main/Portrait_Faces/Image_91_face_0.jpg?raw=true; 
https://collections.si.edu/search/detail/edanmdm:saam_1950.4.24,SAAM,Smithsonian American Art Museum,George Fisher,edanmdm:saam_1950.4.24,http://n2t.net/ark:/65665/vk724e7b8e2-e784-4998-a3ce-fc96080a217e,https://americanart.si.edu/collections/search/artwork/?id=19310,2024-11-22,"{""Credit Line"": ""Smithsonian American Art Museum, Gift of Mrs. Henry L. Milmore""}","{""Date"": ""ca. 1795""}","{""Object number"": ""1950.4.24""}","{""Artist"": ""Raphaelle Peale, born Annapolis, MD 1774-died Philadelphia, PA 1825"", ""Sitter"": ""George Fisher\nGeorge Fisher\nGeorge Fisher""}","{""Luce Center Label"": ""George Fisher\u2019s father was a Quaker who founded the borough of Middletown in Dauphin County, Pennsylvania, in 1755. Located on the east bank of the Susquehanna River, the settlement lay nine miles below Harrisburg. Fisher passed the bar in 1787 and practiced law there until he retired to Pineford Farm, in Middletown. He died at the age of eighty-seven, and is buried in Harrisburg.""}","{""Type"": ""Painting-Miniature""}","{""Medium"": ""watercolor on ivory"", ""Dimensions"": ""sight 2 1/2 x 2 1/4 in. (6.2 x 5.7 cm) oval""}",,,"{""Topic"": ""Occupation\\art\\painter\nOccupation\\art\\sculptor\nPortrait male\nPortrait male\\bust\nPortrait male\\miniature""}",[1790s],"['Fisher, George', 'Peale, Raphaelle']","[Miniatures, Paintings]",[],"[Art, Painters, Occupations, Men, Portraits, Sculptors]",1,['https://ids.si.edu/ids/deliveryService?id=SAAM-1950.4.24_1'],"https://ids.si.edu/ids/iiif/SAAM-1950.4.24_1/full/250,/0/default.jpg",George Fisher\nGeorge Fisher\nGeorge Fisher,Raphaelle Peale,1795,Men,Civilian,"[[570, 546, 948, 1096]]",https://github.com/nmolnar-parsons/revperiod_portraitfaces/blob/main/Portrait_Faces/Image_92_face_0.jpg?raw=true; 
https://collections.si.edu/search/detail/edanmdm:saam_1950.4.20,SAAM,Smithsonian American Art Museum,Sir Guy Carelton,edanmdm:saam_1950.4.20,http://n2t.net/ark:/65665/vk7743162ae-df96-4d01-b28c-819fa0e28ec0,https://americanart.si.edu/collections/search/artwork/?id=24526,2024-11-22,"{""Credit Line"": ""Smithsonian American Art Museum, Gift of Mrs. Henry L. Milmore""}","{""Date"": ""ca. 1770""}","{""Object number"": ""1950.4.20""}","{""Artist"": ""Unidentified (British)"", ""Sitter"": ""Guy Carleton""}","{""Luce Center Label"": ""It is not always possible to identify the sitter in a miniature portrait, and research is still being done on some of the works in the Museum\u2019s collection. Miniatures became popular in England during the early 1700s, commissioned by wealthy families on the occasions of births, engagements, weddings, and bereavements. These paintings, elaborately set into lockets or brooches, provided the wearer with a sentimental connection to a loved one. The back of the miniature often revealed a lock of the sitter\u2019s hair, symbolizing affection, commitment, or loss. The daguerreotype, invented in 1839, provided a cheaper, faster alternative, and portrait miniatures grew less popular. At the turn of the twentieth century, with the establishment of the American Society of Miniature Painters, miniatures enjoyed a brief revival.""}","{""Type"": ""Painting-Miniature""}","{""Medium"": ""watercolor on ivory"", ""Dimensions"": ""sight 1 1/2 x 1 1/4 in. (3.8 x 3.2 cm) oval""}",,,"{""Topic"": ""Portrait male\\bust""}",[1770s],"['Carleton, Guy']",[Paintings],[],"[Men, Portraits]",1,['https://ids.si.edu/ids/deliveryService?id=SAAM-1950.4.20_1'],"https://ids.si.edu/ids/iiif/SAAM-1950.4.20_1/full/250,/0/default.jpg",Guy Carleton,Unidentified (British),1770,Men,Civilian,"[[360, 403, 637, 774]]",https://github.com/nmolnar-parsons/revperiod_portraitfaces/blob/main/Portrait_Faces/Image_93_face_0.jpg?raw=true; 
https://collections.si.edu/search/detail/edanmdm:saam_1950.4.18,SAAM,Smithsonian American Art Museum,Mrs. Abraham Van Santvoort of New York,edanmdm:saam_1950.4.18,http://n2t.net/ark:/65665/vk78479c0d2-7871-49a6-97fe-31619b5f42d2,https://americanart.si.edu/collections/search/artwork/?id=376,2024-11-22,"{""Credit Line"": ""Smithsonian American Art Museum, Gift of Mrs. Henry L. Milmore""}","{""Date"": ""ca. 1805""}","{""Object number"": ""1950.4.18""}","{""Artist"": ""Ezra Ames, born Framingham, MA 1768-died Albany, NY 1836"", ""Sitter"": ""Mrs. Abraham Van Santvoort""}","{""Luce Center Label"": ""The Van Santvoort family of Albany, New York, founded the Hudson River Day Line in 1828, a steamship company that provided transportation along the Hudson River between New York City and upstate New York. The steamboat Robert Fulton made its last run on this line in 1948. We do not yet know anything about the young Mrs. Abraham van Santvoort shown in this miniature.""}","{""Type"": ""Painting-Miniature""}","{""Medium"": ""watercolor on ivory"", ""Dimensions"": ""image: sight 3 1/8 x 2 1/2 in. (8.0 x 6.4 cm) oval""}",,,"{""Topic"": ""Portrait female\nHistory\\United States\\New York""}",[1800s],"['Van Santvoort, Abraham, Mrs.', 'Ames, Ezra']",[Paintings],"[New York, United States]","[Women, Portraits, History]",1,['https://ids.si.edu/ids/deliveryService?id=SAAM-1950.4.18_1'],"https://ids.si.edu/ids/iiif/SAAM-1950.4.18_1/full/250,/0/default.jpg",Mrs. Abraham Van Santvoort,Ezra Ames,1805,Women,Civilian,"[[753, 648, 940, 959]]",https://github.com/nmolnar-parsons/revperiod_portraitfaces/blob/main/Portrait_Faces/Image_94_face_0.jpg?raw=true; 
https://collections.si.edu/search/detail/edanmdm:saam_1950.4.15,SAAM,Smithsonian American Art Museum,Isaac Praul,edanmdm:saam_1950.4.15,http://n2t.net/ark:/65665/vk7639842fa-2716-4342-ad76-7cbaf3114d89,https://americanart.si.edu/collections/search/artwork/?id=662,2024-11-22,"{""Credit Line"": ""Smithsonian American Art Museum, Gift of Mrs. Henry L. Milmore""}","{""Date"": ""ca. 1805""}","{""Object number"": ""1950.4.15""}","{""Artist"": ""Lewis Aubineau, active 1799-1814"", ""Sitter"": ""Isaac Praul""}","{""Luce Center Label"": ""Isaac Praul was a British-born businessman who lived first in New York before moving to Nova Scotia, Canada, in hopes of improving his frail health.""}","{""Type"": ""Painting-Miniature""}","{""Medium"": ""watercolor on ivory"", ""Dimensions"": ""2 3/8 x 1 7/8 in. (6.0 x 4.9 cm) oval""}",,,"{""Topic"": ""Portrait male\\bust""}",[1800s],"['Praul, Isaac', 'Aubineau, Lewis']",[Paintings],[],"[Men, Portraits]",1,['https://ids.si.edu/ids/deliveryService?id=SAAM-1950.4.15_1'],"https://ids.si.edu/ids/iiif/SAAM-1950.4.15_1/full/250,/0/default.jpg",Isaac Praul,Lewis Aubineau,1805,Men,Civilian,"[[588, 765, 895, 1153]]",https://github.com/nmolnar-parsons/revperiod_portraitfaces/blob/main/Portrait_Faces/Image_95_face_0.jpg?raw=true; 
https://collections.si.edu/search/detail/edanmdm:saam_1950.12.3,SAAM,Smithsonian American Art Museum,Mrs. John McCluney,edanmdm:saam_1950.12.3,http://n2t.net/ark:/65665/vk752343170-b184-4b7b-b35b-67a7ea6fff4e,https://americanart.si.edu/collections/search/artwork/?id=19299,2024-11-22,"{""Credit Line"": ""Smithsonian American Art Museum, Museum purchase through the Catherine Walden Myer Fund""}","{""Date"": ""ca. 1795""}","{""Object number"": ""1950.12.3""}","{""Artist"": ""James Peale, born Chestertown, MD 1749-died Philadelphia, PA 1831"", ""Sitter"": ""Mrs. John Mc Cluney""}","{""Luce Center Label"": ""It is not clear whether this woman is Elizabeth Purviance, who was married to Major John McCluney of Pennsylvania in 1804, or if she is Isabella Shearer of Virginia, who married a John McCluney in 1779. With luck, further research will eventually reveal her identity.""}","{""Type"": ""Painting-Miniature""}","{""Medium"": ""watercolor on ivory"", ""Dimensions"": ""sight 2 5/8 x 2 1/8 in. (6.7 x 5.4 cm) oval""}",,,"{""Topic"": ""Portrait female\\bust""}",[1790s],"['Mc Cluney, John, Mrs.', 'Peale, James']",[Paintings],[],"[Women, Portraits]",1,['https://ids.si.edu/ids/deliveryService?id=SAAM-1950.12.3_1'],"https://ids.si.edu/ids/iiif/SAAM-1950.12.3_1/full/250,/0/default.jpg",Mrs. John Mc Cluney,James Peale,1795,Women,Civilian,"[[552, 597, 928, 1076]]",https://github.com/nmolnar-parsons/revperiod_portraitfaces/blob/main/Portrait_Faces/Image_96_face_0.jpg?raw=true; 
https://collections.si.edu/search/detail/edanmdm:saam_1948.5.1,SAAM,Smithsonian American Art Museum,Howes Goldsborough,edanmdm:saam_1948.5.1,http://n2t.net/ark:/65665/vk7e37d4b8a-9797-43ae-9006-e484d46cdf8c,https://americanart.si.edu/collections/search/artwork/?id=19297,2024-11-22,"{""Credit Line"": ""Smithsonian American Art Museum, Museum purchase through the Catherine Walden Myer Fund""}","{""Date"": ""1799""}","{""Object number"": ""1948.5.1""}","{""Artist"": ""James Peale, born Chestertown, MD 1749-died Philadelphia, PA 1831"", ""Sitter"": ""Howes Goldsborough""}","{""Luce Center Label"": ""Howes Goldsborough (1775-1841) was twenty-four years old when he sat for this miniature. He married Mary Rodgers, daughter of Commodore Rodgers of Sion Hall, Harford County, Maryland, in 1812. Mary Rodgers was George Washington Rodgers\u2019 sister, and his miniature, painted by an unidentified artist, is in this collection <b>[see 1950.4.32]</b>.""}","{""Type"": ""Painting-Miniature""}","{""Medium"": ""watercolor on ivory"", ""Dimensions"": ""sight 2 7/8 x 2 1/4 in. (7.3 x 5.7 cm) oval""}",,,"{""Topic"": ""Portrait male\\bust""}",[1790s],"['Peale, James', 'Goldsborough, Howes']",[Paintings],[],"[Men, Portraits]",1,['https://ids.si.edu/ids/deliveryService?id=SAAM-1948.5.1_1'],"https://ids.si.edu/ids/iiif/SAAM-1948.5.1_1/full/250,/0/default.jpg",Howes Goldsborough,James Peale,1799,Men,Civilian,"[[627, 616, 973, 1165]]",https://github.com/nmolnar-parsons/revperiod_portraitfaces/blob/main/Portrait_Faces/Image_97_face_0.jpg?raw=true; 
https://collections.si.edu/search/detail/edanmdm:saam_1948.2.1,SAAM,Smithsonian American Art Museum,Robert Broome,edanmdm:saam_1948.2.1,http://n2t.net/ark:/65665/vk74aaddff1-de80-4f22-bdb6-983930c7b54f,https://americanart.si.edu/collections/search/artwork/?id=6803,2024-11-22,"{""Credit Line"": ""Smithsonian American Art Museum, Gift of Helen Munroe""}","{""Date"": ""ca. 1810""}","{""Object number"": ""1948.2.1""}","{""Artist"": ""Anson Dickinson, born Milton, CT 1779-died Litchfied, CT 1852"", ""Sitter"": ""Robert Broome""}","{""Luce Center Label"": ""Robert Broome was the uncle of Robert Munroe, who in turn was the great-uncle of the donor, Helen Munroe. Helen Munroe was at one time the director of publications at the Smithsonian Institution. This miniature was worn as a stickpin by the well-dressed owner. Stickpins were among the flashiest accessories available to a gentleman of this time, and this one, in particular, would have drawn attention because of the unusual close-up profile of the sitter.""}","{""Type"": ""Painting-Miniature""}","{""Medium"": ""watercolor on ivory"", ""Dimensions"": ""sight 7/8 x 7/8 in. (2.3 x 2.1 cm) oval""}",,,"{""Topic"": ""Portrait male\\head""}",[1810s],"['Broome, Robert', 'Dickinson, Anson']",[Paintings],[],"[Men, Portraits]",1,['https://ids.si.edu/ids/deliveryService?id=SAAM-1948.2.1_1'],"https://ids.si.edu/ids/iiif/SAAM-1948.2.1_1/full/250,/0/default.jpg",Robert Broome,Anson Dickinson,1810,Men,Civilian,"[[384, 427, 932, 1191]]",https://github.com/nmolnar-parsons/revperiod_portraitfaces/blob/main/Portrait_Faces/Image_98_face_0.jpg?raw=true; 
https://collections.si.edu/search/detail/edanmdm:saam_1946.3.16,SAAM,Smithsonian American Art Museum,Henry B. Bounetheau's Aunt,edanmdm:saam_1946.3.16,http://n2t.net/ark:/65665/vk7c6cccadf-aa68-498b-95b3-b4f5f9edecd6,https://americanart.si.edu/collections/search/artwork/?id=15510,2024-11-22,"{""Credit Line"": ""Smithsonian American Art Museum, Gift of Mrs. Henry Du Pr\u00e9 Bounetheau""}","{""Date"": ""ca. 1804""}","{""Object number"": ""1946.3.16""}","{""Artist"": ""Edward Greene Malbone, born Newport, RI 1777-died Savannah, GA 1807"", ""Sitter"": ""aunt Henry B. Bounetheau""}","{""Luce Center Label"": ""Henry Bounetheau was a leading miniaturist in Charleston, South Carolina. It is not clear which of his aunts appears in this miniature.""}","{""Type"": ""Painting-Miniature""}","{""Medium"": ""watercolor on ivory"", ""Dimensions"": ""3 3/8 x 2 3/4 in. (8.6 x 7.0 cm) oval""}",,,"{""Topic"": ""Portrait female\\bust""}",[1800s],"['Malbone, Edward Greene', 'Bounetheau, Henry B., aunt']",[Paintings],[],"[Women, Portraits]",1,['https://ids.si.edu/ids/deliveryService?id=SAAM-1946.3.16_1'],"https://ids.si.edu/ids/iiif/SAAM-1946.3.16_1/full/250,/0/default.jpg",aunt Henry B. Bounetheau,Edward Greene Malbone,1804,Women,Civilian,"[[583, 629, 896, 1090]]",https://github.com/nmolnar-parsons/revperiod_portraitfaces/blob/main/Portrait_Faces/Image_99_face_0.jpg?raw=true; 
https://collections.si.edu/search/detail/edanmdm:saam_1946.11.6,SAAM,Smithsonian American Art Museum,Alexander Rose,edanmdm:saam_1946.11.6,http://n2t.net/ark:/65665/vk7b48adbdf-ce84-4f2f-b914-e089f08fdb7d,https://americanart.si.edu/collections/search/artwork/?id=10299,2024-11-22,"{""Credit Line"": ""Smithsonian American Art Museum, Museum purchase through the Catherine Walden Myer Fund""}","{""Date"": ""ca. 1788""}","{""Object number"": ""1946.11.6""}","{""Artist"": ""Pierre Henri, born Paris, France ca. 1760-died NY 1822"", ""Sitter"": ""Alexander Rose""}","{""Luce Center Label"": ""Born in Scotland, Alexander Rose (about 1733-?) immigrated with his family to the colonies before the Revolutionary War. He became a merchant and shipowner in Charleston, and an ardent patriot. The Roses have owned Kilravok (pronounced \u201cKilrock\u201d) Castle, near Inverness, since it was built more than 750 years ago, and are distantly related to the Windsors of England.""}","{""Type"": ""Painting-Miniature""}","{""Medium"": ""watercolor on ivory"", ""Dimensions"": ""sight 1 5/8 x 1 1/4 in. (4.1 x 3.2 cm) oval""}",,,"{""Topic"": ""Portrait male\\bust""}",[1780s],"['Henri, Pierre', 'Rose, Alexander']",[Paintings],[],"[Men, Portraits]",1,['https://ids.si.edu/ids/deliveryService?id=SAAM-1946.11.6_1'],"https://ids.si.edu/ids/iiif/SAAM-1946.11.6_1/full/250,/0/default.jpg",Alexander Rose,Pierre Henri,1788,Men,Civilian,"[[469, 530, 919, 1152]]",https://github.com/nmolnar-parsons/revperiod_portraitfaces/blob/main/Portrait_Faces/Image_100_face_0.jpg?raw=true; 
https://collections.si.edu/search/detail/edanmdm:saam_1944.7.5,SAAM,Smithsonian American Art Museum,Mrs. Thomas Wilson,edanmdm:saam_1944.7.5,http://n2t.net/ark:/65665/vk7806fc959-cf71-4557-8a25-544ff15328bb,https://americanart.si.edu/collections/search/artwork/?id=21053,2024-11-22,"{""Credit Line"": ""Smithsonian American Art Museum, Museum purchase through the Catherine Walden Myer Fund""}","{""Date"": ""ca. 1800""}","{""Object number"": ""1944.7.5""}","{""Artist"": ""Charles Robertson, Irish, born Dublin, Ireland 1759-died Dublin, Ireland 1821"", ""Sitter"": ""Mrs. Thomas Wilson""}","{""Luce Center Label"": ""Mrs. Thomas Wilson is shown here with a slightly mournful appearance. This may mean that the miniature was painted to commemorate the passing of a loved one.""}","{""Type"": ""Painting-Miniature""}","{""Medium"": ""watercolor on ivory"", ""Dimensions"": ""2 7/8 x 2 1/4 in. (7.2 x 5.8 cm) oval""}",,,"{""Topic"": ""Portrait female\\bust""}",[1800s],"['Robertson, Charles', 'Wilson, Thomas, Mrs.']",[Paintings],[],"[Women, Portraits]",1,['https://ids.si.edu/ids/deliveryService?id=SAAM-1944.7.5_1'],"https://ids.si.edu/ids/iiif/SAAM-1944.7.5_1/full/250,/0/default.jpg",Mrs. Thomas Wilson,Charles Robertson,1800,Women,Civilian,"[[397, 482, 600, 790]]",https://github.com/nmolnar-parsons/revperiod_portraitfaces/blob/main/Portrait_Faces/Image_101_face_0.jpg?raw=true; 
https://collections.si.edu/search/detail/edanmdm:saam_1944.7.2,SAAM,Smithsonian American Art Museum,William Mather Smith,edanmdm:saam_1944.7.2,http://n2t.net/ark:/65665/vk79914e648-f345-45c7-9e9e-ef75f3435ba4,https://americanart.si.edu/collections/search/artwork/?id=21051,2024-11-22,"{""Credit Line"": ""Smithsonian American Art Museum, Museum purchase through the Catherine Walden Myer Fund""}","{""Date"": ""ca. 1810""}","{""Object number"": ""1944.7.2""}","{""Artist"": ""Archibald Robertson, born Moneymusk, Scotland-died New York City 1835"", ""Sitter"": ""William Mather Smith""}","{""Luce Center Label"": ""William Mather Smith (1787-1864) was the only son of Connecticut governor and congressman John Cotton Smith (1765-1845), of Sharon, Connecticut. William was a precocious boy, entering Yale at the age of twelve and graduating in the class of 1805. A lay preacher, Smith founded one of the nation\u2019s first Sunday schools, which he ran for fifty years. He also conducted services in the Sharon church for three decades. This miniature was painted the year Smith married Helen Livingston, and was probably to commemorate that milestone in his life. Her miniature, painted by an unknown artist, is also in this collection <b>[see 1944.7.3]</b>.""}","{""Type"": ""Painting-Miniature""}","{""Medium"": ""watercolor on ivory"", ""Dimensions"": ""3 x 2 1/4 in. (7.6 x 5.8 cm) oval, irregular""}",,,"{""Topic"": ""Portrait male\\bust""}",[1810s],"['Robertson, Archibald', 'Smith, William Mather']",[Paintings],[],"[Men, Portraits]",1,['https://ids.si.edu/ids/deliveryService?id=SAAM-1944.7.2_1'],"https://ids.si.edu/ids/iiif/SAAM-1944.7.2_1/full/250,/0/default.jpg",William Mather Smith,Archibald Robertson,1810,Men,Civilian,"[[522, 703, 853, 1200]]",https://github.com/nmolnar-parsons/revperiod_portraitfaces/blob/main/Portrait_Faces/Image_102_face_0.jpg?raw=true; 
https://collections.si.edu/search/detail/edanmdm:saam_1943.3.2,SAAM,Smithsonian American Art Museum,Mrs. Cornelius Baldwin (Mary Briscoe),edanmdm:saam_1943.3.2,http://n2t.net/ark:/65665/vk70be8206d-5460-496a-9fde-3590920bf772,https://americanart.si.edu/collections/search/artwork/?id=19659,2024-11-22,"{""Credit Line"": ""Smithsonian American Art Museum, Museum purchase through the Catherine Walden Myer Fund""}","{""Date"": ""1797""}","{""Object number"": ""1943.3.2""}","{""Artist"": ""Philippe Abraham Peticolas, born Meziers, France 1760-died Petersburg, VA 1841"", ""Sitter"": ""Mary Briscoe Baldwin""}","{""Luce Center Label"": ""Philippe Abraham Peticolas painted Mary Baldwin (1767-1808) in Winchester, Virginia, at age thirty, twelve or thirteen years after her marriage to Dr. Cornelius Baldwin. She was the daughter of Gerard and Margaret Briscoe, whose portraits were painted by Charles Peale Polk. Mary had ten children and was the grandmother of Mary Julia Baldwin, for whom Mary Baldwin College, in Staunton, Virginia, was named.""}","{""Type"": ""Painting-Miniature""}","{""Medium"": ""watercolor on ivory"", ""Dimensions"": ""2 1/2 x 2 1/8 in. (6.5 x 5.4 cm) oval""}",,,"{""Topic"": ""Portrait female\\bust""}",[1790s],"['Peticolas, Philippe Abraham', 'Baldwin, Mary Briscoe']",[Paintings],[],"[Women, Portraits]",1,['https://ids.si.edu/ids/deliveryService?id=SAAM-1943.3.2_1'],"https://ids.si.edu/ids/iiif/SAAM-1943.3.2_1/full/250,/0/default.jpg",Mary Briscoe Baldwin,Philippe Abraham Peticolas,1797,Women,Civilian,"[[655, 581, 923, 942]]",https://github.com/nmolnar-parsons/revperiod_portraitfaces/blob/main/Portrait_Faces/Image_103_face_0.jpg?raw=true; 
https://collections.si.edu/search/detail/edanmdm:saam_1942.7.2,SAAM,Smithsonian American Art Museum,Portrait of a Gentleman with Initials G. D.,edanmdm:saam_1942.7.2,http://n2t.net/ark:/65665/vk7e4fa22bb-f36e-487a-b599-056ad27db64c,https://americanart.si.edu/collections/search/artwork/?id=19316,2024-11-22,"{""Credit Line"": ""Smithsonian American Art Museum, Museum purchase through the Catherine Walden Myer Fund""}","{""Date"": ""ca. 1805""}","{""Object number"": ""1942.7.2""}","{""Artist"": ""Raphaelle Peale, born Annapolis, MD 1774-died Philadelphia, PA 1825"", ""Sitter"": ""G. D.""}","{""Luce Center Label"": ""The intertwined initials \u201cGD\u201d on the back of this locket are the only clue to the gentleman\u2019s identity. His hair reflects the change at the end of the eighteenth century, when many younger men rejected wigs in favor of natural hair. The short top and curled sides of this sitter\u2019s hair were styled to accommodate a top hat.""}","{""Type"": ""Painting-Miniature""}","{""Medium"": ""watercolor on ivory"", ""Dimensions"": ""sight 2 1/2 x 2 in. (6.4 x 5.2 cm) oval""}",,,"{""Topic"": ""Portrait male\\bust""}",[1800s],"['D., G.', 'Peale, Raphaelle']",[Paintings],[],"[Men, Portraits]",1,['https://ids.si.edu/ids/deliveryService?id=SAAM-1942.7.2_1'],"https://ids.si.edu/ids/iiif/SAAM-1942.7.2_1/full/250,/0/default.jpg",G. D.,Raphaelle Peale,1805,Men,Civilian,"[[527, 751, 907, 1270]]",https://github.com/nmolnar-parsons/revperiod_portraitfaces/blob/main/Portrait_Faces/Image_104_face_0.jpg?raw=true; 
https://collections.si.edu/search/detail/edanmdm:saam_1942.2.3,SAAM,Smithsonian American Art Museum,Elizabeth Oliphant,edanmdm:saam_1942.2.3,http://n2t.net/ark:/65665/vk7f9db049a-f812-4c49-af89-6fd7a0652066,https://americanart.si.edu/collections/search/artwork/?id=19300,2024-11-22,"{""Credit Line"": ""Smithsonian American Art Museum, Bequest of Bertha E. Jaques""}","{""Date"": ""1795""}","{""Object number"": ""1942.2.3""}","{""Artist"": ""James Peale, born Chestertown, MD 1749-died Philadelphia, PA 1831"", ""Sitter"": ""Elizabeth Oliphant""}","{""Luce Center Label"": ""Elizabeth Oliphant was the sister of Robert Oliphant, whose miniature, painted by Raphaelle Peale, is also in this collection. They were the eldest children of William Oliphant, a wealthy Philadelphia landowner. The year after this miniature was painted, Elizabeth married William Flintham, and it is likely that this painting commemorated her engagement. This miniature remained in the family for several generations, until it passed to a close friend who bequeathed it, and the miniature of her brother, to this museum.""}","{""Type"": ""Painting-Miniature""}","{""Medium"": ""watercolor on ivory"", ""Dimensions"": ""image: sight 2 3/4 x 2 1/4 in. (7.0 x 5.8 cm) oval""}",,,"{""Topic"": ""Portrait female\\bust""}",[1790s],"['Oliphant, Elizabeth', 'Peale, James']",[Paintings],[],"[Women, Portraits]",1,['https://ids.si.edu/ids/deliveryService?id=SAAM-1942.2.3_1'],"https://ids.si.edu/ids/iiif/SAAM-1942.2.3_1/full/250,/0/default.jpg",Elizabeth Oliphant,James Peale,1795,Women,Civilian,"[[551, 633, 881, 1090]]",https://github.com/nmolnar-parsons/revperiod_portraitfaces/blob/main/Portrait_Faces/Image_105_face_0.jpg?raw=true; 
https://collections.si.edu/search/detail/edanmdm:saam_1942.2.2,SAAM,Smithsonian American Art Museum,Robert Oliphant,edanmdm:saam_1942.2.2,http://n2t.net/ark:/65665/vk71edc016a-5650-4abc-82a9-89b9ac6c397a,https://americanart.si.edu/collections/search/artwork/?id=19312,2024-11-22,"{""Credit Line"": ""Smithsonian American Art Museum, Bequest of Bertha E. Jaques""}","{""Date"": ""1799""}","{""Object number"": ""1942.2.2""}","{""Artist"": ""Raphaelle Peale, born Annapolis, MD 1774-died Philadelphia, PA 1825"", ""Sitter"": ""Robert Oliphant""}","{""Luce Center Label"": ""Robert Oliphant was the oldest son of William Oliphant, a wealthy Philadelphia landowner. Robert\u2019s sister had her miniature painted by James Peale in 1795 <b>[see 1942.2.3]</b>. Some time after this miniature was painted, Robert moved to Norfolk, Virginia, but his whereabouts after that are unknown. Both miniatures descended in his sister Elizabeth\u2019s family until they were given to a close family friend, who in turn bequeathed them to this museum.""}","{""Type"": ""Painting-Miniature""}","{""Medium"": ""watercolor on ivory"", ""Dimensions"": ""image: sight 3 x 2 3/8 in. (7.7 x 6.1 cm) oval""}",,,"{""Topic"": ""Portrait male\\bust""}",[1790s],"['Oliphant, Robert', 'Peale, Raphaelle']",[Paintings],[],"[Men, Portraits]",1,['https://ids.si.edu/ids/deliveryService?id=SAAM-1942.2.2_1'],"https://ids.si.edu/ids/iiif/SAAM-1942.2.2_1/full/250,/0/default.jpg",Robert Oliphant,Raphaelle Peale,1799,Men,Civilian,"[[526, 787, 821, 1218]]",https://github.com/nmolnar-parsons/revperiod_portraitfaces/blob/main/Portrait_Faces/Image_106_face_0.jpg?raw=true; 
https://collections.si.edu/search/detail/edanmdm:saam_1942.2.1,SAAM,Smithsonian American Art Museum,Mr. Nichol,edanmdm:saam_1942.2.1,http://n2t.net/ark:/65665/vk70f1eb1ca-087b-4c2f-b9c1-c99afb6debe0,https://americanart.si.edu/collections/search/artwork/?id=11388,2024-11-22,"{""Credit Line"": ""Smithsonian American Art Museum, Museum purchase through the Catherine Walden Myer Fund""}","{""Date"": ""1809""}","{""Object number"": ""1942.2.1""}","{""Artist"": ""John Wesley Jarvis, born South Shields, England 1780-died New York City 1840"", ""Sitter"": ""Mr. Nichol""}","{""Luce Center Label"": ""This may be a portrait of William Nichol, whose wife was painted by Gilbert Stuart in 1809, the same year as this portrait. Conservation of this miniature was made possible through a generous grant provided by the Smithsonian Women\u2019s Committee.</span>""}","{""Type"": ""Painting-Miniature""}","{""Medium"": ""watercolor on ivory"", ""Dimensions"": ""sight 3 x 2 3/8 in. (7.5 x 6.0 cm) oval""}",,,"{""Topic"": ""Portrait male\\bust""}",[1800s],"['Jarvis, John Wesley', 'Nichol, Mr.']",[Paintings],[],"[Men, Portraits]",1,['https://ids.si.edu/ids/deliveryService?id=SAAM-1942.2.1_1'],"https://ids.si.edu/ids/iiif/SAAM-1942.2.1_1/full/250,/0/default.jpg",Mr. Nichol,John Wesley Jarvis,1809,Men,Civilian,"[[514, 640, 877, 1191]]",https://github.com/nmolnar-parsons/revperiod_portraitfaces/blob/main/Portrait_Faces/Image_107_face_0.jpg?raw=true; 
https://collections.si.edu/search/detail/edanmdm:saam_1942.11.8,SAAM,Smithsonian American Art Museum,Dr. William Beekman,edanmdm:saam_1942.11.8,http://n2t.net/ark:/65665/vk77000e505-60ba-453f-8b8e-fa275095c6d6,https://americanart.si.edu/collections/search/artwork/?id=21047,2024-11-22,"{""Credit Line"": ""Smithsonian American Art Museum, Museum purchase through the Catherine Walden Myer Fund""}","{""Date"": ""ca. 1795""}","{""Object number"": ""1942.11.8""}","{""Artist"": ""Alexander Robertson, born Aberdeen, Scotland-died New York City 1841"", ""Sitter"": ""William Beekman""}","{""Luce Center Label"": ""There were numerous William Beekmans living in New York and New England during the late eighteenth century, but few who obtained medical degrees. The subject of this portrait may have been the Beekman who served as a doctor and is on record as having witnessed at least one patient\u2019s will on Long Island during the 1750s.""}","{""Type"": ""Painting-Miniature""}","{""Medium"": ""watercolor on ivory"", ""Dimensions"": ""sight 2 7/8 x 2 3/8 in. (7.3 x 5.9 cm) oval""}",,,"{""Topic"": ""Occupation\\medicine\\doctor\nPortrait male\\bust""}",[1790s],"['Beekman, William', 'Robertson, Alexander']",[Paintings],[],"[Medicine, Physicians, Occupations, Men, Portraits]",1,['https://ids.si.edu/ids/deliveryService?id=SAAM-1942.11.8_1'],"https://ids.si.edu/ids/iiif/SAAM-1942.11.8_1/full/250,/0/default.jpg",William Beekman,Alexander Robertson,1795,Men,Medicine,"[[477, 706, 794, 1162]]",https://github.com/nmolnar-parsons/revperiod_portraitfaces/blob/main/Portrait_Faces/Image_108_face_0.jpg?raw=true; 
https://collections.si.edu/search/detail/edanmdm:saam_1942.10.4,SAAM,Smithsonian American Art Museum,"Samuel Love, Jr.",edanmdm:saam_1942.10.4,http://n2t.net/ark:/65665/vk7ecb9de67-fe37-466d-8ca3-1e46447ecc97,https://americanart.si.edu/collections/search/artwork/?id=8286,2024-11-22,"{""Credit Line"": ""Smithsonian American Art Museum, Bequest of Richard Graham Davenport""}","{""Date"": ""1800""}","{""Object number"": ""1942.10.4""}","{""Artist"": ""Robert Field, born Gloucestershire, England ca. 1769-died Kingston, Jamaica 1819"", ""Sitter"": ""Jr. Samuel Love""}","{""Luce Center Label"": ""This miniature of Samuel Love Jr. (1755?-1800), a member of the landed gentry in Virginia, was bequeathed to the Museum by the sitter\u2019s great-great-grandson. Love was born in Charles County, Maryland, and grew up at Salisbury Plantation in Loudoun County, Virginia. His likeness was painted in the artist\u2019s Washington, D.C., studio in 1800, the year of Love\u2019s death.""}","{""Type"": ""Painting-Miniature""}","{""Medium"": ""watercolor on ivory"", ""Dimensions"": ""sight 2 7/8 x 2 3/8 in. (7.3 x 5.9 cm) oval""}",,,"{""Topic"": ""Portrait male\\bust""}",[1800s],"['Love, Samuel, Jr.', 'Field, Robert']",[Paintings],[],"[Men, Portraits]",1,['https://ids.si.edu/ids/deliveryService?id=SAAM-1942.10.4_1'],"https://ids.si.edu/ids/iiif/SAAM-1942.10.4_1/full/250,/0/default.jpg",Jr. Samuel Love,Robert Field,1800,Men,Civilian,"[[548, 656, 901, 1117]]",https://github.com/nmolnar-parsons/revperiod_portraitfaces/blob/main/Portrait_Faces/Image_109_face_0.jpg?raw=true; 
https://collections.si.edu/search/detail/edanmdm:saam_1941.9.1,SAAM,Smithsonian American Art Museum,Rubens Peale,edanmdm:saam_1941.9.1,http://n2t.net/ark:/65665/vk731453f72-127d-4c1f-a527-8f437e1e7338,https://americanart.si.edu/collections/search/artwork/?id=19313,2024-11-22,"{""Credit Line"": ""Smithsonian American Art Museum, Gift of Edwin Kirk""}","{""Date"": ""ca. 1800""}","{""Object number"": ""1941.9.1""}","{""Artist"": ""Raphaelle Peale, born Annapolis, MD 1774-died Philadelphia, PA 1825"", ""Sitter"": ""Rubens Peale""}","{""Luce Center Label"": ""This small drawing of Rubens Peale (1784-1864) resembles many of the silhouettes made during this period, showing the artist\u2019s brother in profile. Rubens was a favorite subject for his artistic family, and several members painted his likeness. Designed to be framed and hung on a wall rather than in a closed locket worn on the body, this piece demonstrates how the line between miniatures and small-scale drawings was beginning to blur.""}","{""Type"": ""Painting-Miniature""}","{""Medium"": ""watercolor on paper"", ""Dimensions"": ""sight 3 3/4 x 2 5/8 in. (9.5 x 6.7 cm) rectangle""}",,,"{""Topic"": ""Occupation\\art\\artist\nPortrait male\\bust""}",[1800s],"['Peale, Rubens', 'Peale, Raphaelle']",[Paintings],[],"[Art, Occupations, Men, Portraits, Artists]",1,['https://ids.si.edu/ids/deliveryService?id=SAAM-1941.9.1_1'],"https://ids.si.edu/ids/iiif/SAAM-1941.9.1_1/full/250,/0/default.jpg",Rubens Peale,Raphaelle Peale,1800,Men,Civilian,"[[391, 436, 521, 656]]",https://github.com/nmolnar-parsons/revperiod_portraitfaces/blob/main/Portrait_Faces/Image_110_face_0.jpg?raw=true; 
https://collections.si.edu/search/detail/edanmdm:saam_1937.11.1,SAAM,Smithsonian American Art Museum,Elizabeth Knapp,edanmdm:saam_1937.11.1,http://n2t.net/ark:/65665/vk747ec0e8f-f781-4b20-96f5-f9228c7e4089,https://americanart.si.edu/collections/search/artwork/?id=19298,2024-11-22,"{""Credit Line"": ""Smithsonian American Art Museum, Museum purchase through the Catherine Walden Myer Fund""}","{""Date"": ""1802""}","{""Object number"": ""1937.11.1""}","{""Artist"": ""James Peale, born Chestertown, MD 1749-died Philadelphia, PA 1831"", ""Sitter"": ""Elizabeth Knapp""}","{""Luce Center Label"": ""There are numerous women by this name who lived during the time James Peale was painting miniatures, making it difficult to determine exactly who this sitter might be. However, an Elizabeth Knapp of Danbury, Connecticut, died about 1802, and it is possible that this miniature was painted to commemorate her passing. The back of the locket contains a lock of her hair, bound in gold thread and set with pearls.""}","{""Type"": ""Painting-Miniature""}","{""Medium"": ""watercolor on ivory"", ""Dimensions"": ""sight 2 5/8 x 2 in. (6.7 x 5.1 cm) oval""}",,,"{""Topic"": ""Portrait female\\bust""}",[1800s],"['Knapp, Elizabeth', 'Peale, James']",[Paintings],[],"[Women, Portraits]",1,['https://ids.si.edu/ids/deliveryService?id=SAAM-1937.11.1_1'],"https://ids.si.edu/ids/iiif/SAAM-1937.11.1_1/full/250,/0/default.jpg",Elizabeth Knapp,James Peale,1802,Women,Civilian,"[[562, 665, 847, 1049]]",https://github.com/nmolnar-parsons/revperiod_portraitfaces/blob/main/Portrait_Faces/Image_111_face_0.jpg?raw=true; 
https://collections.si.edu/search/detail/edanmdm:saam_1934.11.1,SAAM,Smithsonian American Art Museum,Jane Stone,edanmdm:saam_1934.11.1,http://n2t.net/ark:/65665/vk74f024b1a-d84c-46ef-b70c-b59d4fc814a8,https://americanart.si.edu/collections/search/artwork/?id=24235,2024-11-22,"{""Credit Line"": ""Smithsonian American Art Museum, Museum purchase through the Catherine Walden Myer Fund""}","{""Date"": ""ca. 1805""}","{""Object number"": ""1934.11.1""}","{""Artist"": ""Benjamin Trott, born Boston, MA ca. 1770-died Washington, DC 1843"", ""Sitter"": ""Jane Stone""}","{""Luce Center Label"": ""These portraits were painted in 1805, after Benjamin Trott had set out on horseback for a yearlong journey westward. They are two of the many works created as the artist made his way through Pennsylvania, Kentucky, and Ohio, states that then defined the nation\u2019s western borders.""}","{""Type"": ""Painting-Miniature""}","{""Medium"": ""watercolor on ivory"", ""Dimensions"": ""sight 3 1/4 x 2 1/2 in. (8.2 x 6.3 cm) oval""}",,,"{""Topic"": ""Portrait female\\bust""}",[1800s],"['Stone, Jane', 'Trott, Benjamin']",[Paintings],[],"[Women, Portraits]",1,['https://ids.si.edu/ids/deliveryService?id=SAAM-1934.11.1_1'],"https://ids.si.edu/ids/iiif/SAAM-1934.11.1_1/full/250,/0/default.jpg",Jane Stone,Benjamin Trott,1805,Women,Civilian,"[[572, 668, 873, 1077]]",https://github.com/nmolnar-parsons/revperiod_portraitfaces/blob/main/Portrait_Faces/Image_112_face_0.jpg?raw=true; 
https://collections.si.edu/search/detail/edanmdm:saam_1933.7.2,SAAM,Smithsonian American Art Museum,Brother-in-law of Mrs. Alexander Rose,edanmdm:saam_1933.7.2,http://n2t.net/ark:/65665/vk77aa661d4-b791-41d1-9139-82c441776b2e,https://americanart.si.edu/collections/search/artwork/?id=21050,2024-11-22,"{""Credit Line"": ""Smithsonian American Art Museum, Museum purchase through the Catherine Walden Myer Fund""}","{""Date"": ""ca. 1795""}","{""Object number"": ""1933.7.2""}","{""Artist"": ""Archibald Robertson, born Moneymusk, Scotland-died New York City 1835"", ""Sitter"": ""Brother-in-Law of Mrs. Alex. Rose""}","{""Luce Center Label"": ""Alexander Rose and his wife, the former Margaret Smith, both had their portraits painted in miniature by Pierre Henri, and both are in this collection <b>[see 1946.11.6 and 1933.7.1]</b>. Mrs. Rose\u2019s father was a prominent New York Loyalist, Judge William Smith, and Margaret was his thirteenth child. This sitter may be the husband of one of Margaret\u2019s sisters. The miniature was meant to be worn as part of a bracelet, and the pierced edges of the mount were used to attach the wristband much like today\u2019s wristwatch. Conservation of this miniature was made possible through a generous grant provided by the Smithsonian Women\u2019s Committee.""}","{""Type"": ""Painting-Miniature""}","{""Medium"": ""watercolor on ivory"", ""Dimensions"": ""sight 1 5/8 x 1 1/8 in. (4.0 x 3.0 cm) oval""}",,,"{""Topic"": ""Portrait male\\bust""}",[1790s],"['Robertson, Archibald', 'Rose, Alex., Mrs., Brother-in-Law of']",[Paintings],[],"[Men, Portraits]",1,['https://ids.si.edu/ids/deliveryService?id=SAAM-1933.7.2_1'],"https://ids.si.edu/ids/iiif/SAAM-1933.7.2_1/full/250,/0/default.jpg",Brother-in-Law of Mrs. Alex. Rose,Archibald Robertson,1795,Men,Civilian,"[[517, 359, 1078, 1165]]",https://github.com/nmolnar-parsons/revperiod_portraitfaces/blob/main/Portrait_Faces/Image_113_face_0.jpg?raw=true; 
https://collections.si.edu/search/detail/edanmdm:saam_1933.7.1,SAAM,Smithsonian American Art Museum,Mrs. Alexander Rose (Margaret Smith),edanmdm:saam_1933.7.1,http://n2t.net/ark:/65665/vk743f5a2f9-2efc-4c9f-8392-5aad9416f158,https://americanart.si.edu/collections/search/artwork/?id=10300,2024-11-22,"{""Credit Line"": ""Smithsonian American Art Museum, Museum purchase through the Catherine Walden Myer Fund""}","{""Date"": ""ca. 1788""}","{""Object number"": ""1933.7.1""}","{""Artist"": ""Pierre Henri, born Paris, France ca. 1760-died NY 1822"", ""Sitter"": ""Mrs. Alexander Rose\nMargaret Smith""}","{""Luce Center Label"": ""Margaret Smith (1747-?) was the thirteenth child of a prominent New York Loyalist, Judge William Smith (1728-1793), and his first wife, Mary Hett. Her marriage in 1779 to the South Carolina merchant and patriot Alexander Rose likely put great strain on both families. The Roses remained in South Carolina and had at least two miniatures painted by Pierre Henri for family members. This one remained in her daughter\u2019s family. The other version, given to her parents, is in the Yale University Art Gallery. Both miniatures feature plaited hairwork visible through the back of the locket.""}","{""Type"": ""Painting-Miniature""}","{""Medium"": ""watercolor on ivory"", ""Dimensions"": ""sight 2 x 1 5/8 in. (5.1 x 4.0 cm) oval""}",,,"{""Topic"": ""Portrait female\\bust\nPortrait female\\bust""}",[1780s],"['Henri, Pierre', 'Rose, Alexander, Mrs.', 'Smith, Margaret']",[Paintings],[],"[Women, Portraits]",1,['https://ids.si.edu/ids/deliveryService?id=SAAM-1933.7.1_1'],"https://ids.si.edu/ids/iiif/SAAM-1933.7.1_1/full/250,/0/default.jpg",Mrs. Alexander Rose\nMargaret Smith,Pierre Henri,1788,Women,Civilian,"[[598, 607, 1011, 1175]]",https://github.com/nmolnar-parsons/revperiod_portraitfaces/blob/main/Portrait_Faces/Image_114_face_0.jpg?raw=true; 
https://collections.si.edu/search/detail/edanmdm:saam_1931.5.1,SAAM,Smithsonian American Art Museum,Mrs. Fenno Knight (née du Clois),edanmdm:saam_1931.5.1,http://n2t.net/ark:/65665/vk71520fe8d-2630-4610-a052-4f080c5bc452,https://americanart.si.edu/collections/search/artwork/?id=24808,2024-11-22,"{""Credit Line"": ""Smithsonian American Art Museum, Gift of Mrs. William Knight Crick""}","{""Date"": ""1799""}","{""Object number"": ""1931.5.1""}","{""Artist"": ""Unidentified (French)"", ""Sitter"": ""Mrs. Fenno Knight""}","{""Luce Center Label"": ""Mrs. Fenno Knight sat for her portrait at age eighteen in a stylish high-waisted dress, wearing simple necklaces, earrings, and a hair ornament. Her playful eyes and slight smile suggest a pride and excitement in being painted.""}","{""Type"": ""Painting-Miniature""}","{""Medium"": ""watercolor on ivory in gilt wooden frame"", ""Dimensions"": ""image: sight 2 5/8 x 2 1/8 in. (6.7 x 5.4 cm) oval""}",,,"{""Topic"": ""Portrait female\\bust""}",[1790s],"['Knight, Mrs. Fenno']",[Paintings],[],"[Women, Portraits]",1,['https://ids.si.edu/ids/deliveryService?id=SAAM-1931.5.1_1'],"https://ids.si.edu/ids/iiif/SAAM-1931.5.1_1/full/250,/0/default.jpg",Mrs. Fenno Knight,Unidentified (French),1799,Women,Civilian,"[[720, 875, 892, 1106]]",https://github.com/nmolnar-parsons/revperiod_portraitfaces/blob/main/Portrait_Faces/Image_115_face_0.jpg?raw=true; 
https://collections.si.edu/search/detail/edanmdm:saam_1929.8.352,SAAM,Smithsonian American Art Museum,Nur Jahan,edanmdm:saam_1929.8.352,http://n2t.net/ark:/65665/vk70c8aa114-fdc5-4c40-bf78-37fd382cc193,https://americanart.si.edu/collections/search/artwork/?id=24997,2024-11-22,"{""Credit Line"": ""Smithsonian American Art Museum, Gift of John Gellatly""}","{""Date"": ""ca. 1770""}","{""Object number"": ""1929.8.352""}","{""Artist"": ""Unidentified"", ""Sitter"": ""Nur Jahan""}",,"{""Type"": ""Painting""}","{""Medium"": ""opaque watercolor on paper"", ""Dimensions"": ""11 3/8 x 7 5/8 in. (28.9 x 19.3 cm)""}",,,"{""Topic"": ""Indian\nPortrait female\\profile""}",[1770s],[Nur Jahan],[Paintings],[],"[Women, Portraits, Profile]",1,['https://ids.si.edu/ids/deliveryService?id=SAAM-1929.8.352_1'],"https://ids.si.edu/ids/iiif/SAAM-1929.8.352_1/full/250,/0/default.jpg",Nur Jahan,Unidentified,1770,Women,Civilian,"[[235, 401, 619, 1036]]",https://github.com/nmolnar-parsons/revperiod_portraitfaces/blob/main/Portrait_Faces/Image_116_face_0.jpg?raw=true; 
https://collections.si.edu/search/detail/edanmdm:saam_1929.6.71,SAAM,Smithsonian American Art Museum,Mr. Lawrence of Boston,edanmdm:saam_1929.6.71,http://n2t.net/ark:/65665/vk710b563d5-3c81-425e-abaa-afe9ef693276,https://americanart.si.edu/collections/search/artwork/?id=15514,2024-11-22,"{""Credit Line"": ""Smithsonian American Art Museum, Gift of John Gellatly""}","{""Date"": ""1803""}","{""Object number"": ""1929.6.71""}","{""Artist"": ""Edward Greene Malbone, born Newport, RI 1777-died Savannah, GA 1807"", ""Sitter"": ""Mr. Lawrence""}","{""Luce Center Label"": ""According to Edward Malbone\u2019s account book, he painted Lawrence in December 1803, and was paid seventy dollars for his efforts on Christmas Day.""}","{""Type"": ""Painting-Miniature""}","{""Medium"": ""watercolor on ivory"", ""Dimensions"": ""sight 2 3/4 x 2 1/4 in. (7.0 x 5.6 cm) oval""}",,,"{""Topic"": ""Portrait male\\bust\nHistory\\United States\\Massachusetts""}",[1800s],"['Malbone, Edward Greene', 'Lawrence, Mr.']",[Paintings],"[United States, Massachusetts]","[Men, Portraits, History]",1,['https://ids.si.edu/ids/deliveryService?id=SAAM-1929.6.71_1'],"https://ids.si.edu/ids/iiif/SAAM-1929.6.71_1/full/250,/0/default.jpg",Mr. Lawrence,Edward Greene Malbone,1803,Men,Civilian,"[[510, 671, 874, 1176]]",https://github.com/nmolnar-parsons/revperiod_portraitfaces/blob/main/Portrait_Faces/Image_117_face_0.jpg?raw=true; 
https://collections.si.edu/search/detail/edanmdm:saam_1926.6.4,SAAM,Smithsonian American Art Museum,Mary Abigail Willing Coale,edanmdm:saam_1926.6.4,http://n2t.net/ark:/65665/vk7ce886385-4aa5-4e0a-bb85-7159311537e5,https://americanart.si.edu/collections/search/artwork/?id=23478,2024-11-22,"{""Credit Line"": ""Smithsonian American Art Museum, George Buchanan Coale Collection""}","{""Date"": ""1809""}","{""Object number"": ""1926.6.4""}","{""Artist"": ""Thomas Sully, born Horncastle, England 1783-died Philadelphia, PA 1872"", ""Sitter"": ""Mary Abigail Willing Coale""}","{""Luce Center Label"": ""Thomas Sully painted Abigail Willing Coale with rosy cheeks, an alluring gaze, and supple white skin, which he accentuated with the low neckline of her gown. The artist painted her in a fur wrap that captures the color of her luminous gray-green eyes and softens the transition from the figure to the background. Sully, a skilled and successful portrait painter, wrote that \u201cFrom long experience I know that resemblance in a portrait is essential; but no fault will be found with the artist, (at least by the sitter,) if he improve the appearance.\u201d""}","{""Type"": ""Painting""}","{""Medium"": ""oil on wood"", ""Dimensions"": ""28 7/8 x 23 7/8 in. (73.2 x 60.8 cm)""}",,,"{""Topic"": ""Portrait female""}",[1800s],"['Sully, Thomas', 'Coale, Mary Abigail Willing']",[Paintings],[],"[Women, Portraits]",1,['https://ids.si.edu/ids/deliveryService?id=SAAM-1926.6.4_1'],"https://ids.si.edu/ids/iiif/SAAM-1926.6.4_1/full/250,/0/default.jpg",Mary Abigail Willing Coale,Thomas Sully,1809,Women,Civilian,"[[718, 385, 1046, 837]]",https://github.com/nmolnar-parsons/revperiod_portraitfaces/blob/main/Portrait_Faces/Image_118_face_0.jpg?raw=true; 
https://collections.si.edu/search/detail/edanmdm:saam_1906.9.17,SAAM,Smithsonian American Art Museum,Miss Kirkpatrick,edanmdm:saam_1906.9.17,http://n2t.net/ark:/65665/vk70a5f0157-9966-4d4c-8876-ee8ae7b5dbe4,https://americanart.si.edu/collections/search/artwork/?id=21194,2024-11-22,"{""Credit Line"": ""Smithsonian American Art Museum, Bequest of Harriet Lane Johnston""}","{""Date"": ""ca. 1772""}","{""Object number"": ""1906.9.17""}","{""Artist"": ""George Romney, English, born Dalton-le-Furness, England 1734-died Kendal, England 1802"", ""Sitter"": ""Miss Kirkpatrick""}",,"{""Type"": ""Painting""}","{""Medium"": ""oil on canvas"", ""Dimensions"": ""29 x 24 in. (73.6 x 60.9 cm)""}",,,"{""Topic"": ""Portrait female""}",[1770s],"['Romney, George', 'Kirkpatrick, Miss']",[Paintings],[],"[Women, Portraits]",1,['https://ids.si.edu/ids/deliveryService?id=SAAM-1906.9.17_1'],"https://ids.si.edu/ids/iiif/SAAM-1906.9.17_1/full/250,/0/default.jpg",Miss Kirkpatrick,George Romney,1772,Women,Civilian,"[[682, 379, 1002, 813]]",https://github.com/nmolnar-parsons/revperiod_portraitfaces/blob/main/Portrait_Faces/Image_119_face_0.jpg?raw=true; 
https://collections.si.edu/search/detail/edanmdm:npg_S_NPG.97.191,NPG,National Portrait Gallery,Elizabeth Grimké Rutledge,edanmdm:npg_S_NPG.97.191,http://n2t.net/ark:/65665/sm4bbdc5f56-a96f-4a54-8a49-134302ae7a02,https://npg.si.edu/object/npg_S_NPG.97.191,2025-03-13,"{""Credit Line"": ""National Portrait Gallery, Smithsonian Institution""}","{""Date"": ""c. 1791""}","{""Object number"": ""S/NPG.97.191""}","{""Attribution"": ""John Trumbull, 6 Jun 1756 - 10 Nov 1843"", ""Sitter"": ""Elizabeth Grimk\u00e9 Rutledge, ? - 1792""}",,"{""Type"": ""Painting""}","{""Medium"": ""Oil on mahogany panel"", ""Dimensions"": ""10.3 x 7.6 x .3 cm (4 1/16 x 3 x 1/8\"" )""}",,,"{""Topic"": ""Miniature\nElizabeth Grimk\u00e9 Rutledge: Female\nPortrait""}",[1790s],"['Trumbull, John', 'Rutledge, Elizabeth Grimke']","[Miniatures, Paintings]",[],"[Women, Portraits]",1,['https://ids.si.edu/ids/deliveryService?id=NPG-S_NPG_97_191Rutledgealt-000002'],"https://ids.si.edu/ids/iiif/NPG-S_NPG_97_191Rutledgealt-000002/full/250,/0/default.jpg",Elizabeth Grimk\u00e9 Rutledge,John Trumbull,1791,Women,Civilian,"[[690, 614, 1043, 1078]]",https://github.com/nmolnar-parsons/revperiod_portraitfaces/blob/main/Portrait_Faces/Image_120_face_0.jpg?raw=true; 
https://collections.si.edu/search/detail/edanmdm:npg_S_NPG.95.116,NPG,National Portrait Gallery,Ann Elliott Morris,edanmdm:npg_S_NPG.95.116,http://n2t.net/ark:/65665/sm4ed60d1a7-0f3b-4534-8966-a6efe5a345bf,https://npg.si.edu/object/npg_S_NPG.95.116,2024-12-03,"{""Credit Line"": ""National Portrait Gallery, Smithsonian Institution; bequest of Herbert Leldon Kirk in memory of his wife, Ruth Chapman Kirk""}","{""Date"": ""c. 1800""}","{""Object number"": ""S/NPG.95.116""}","{""Artist"": ""Unidentified Artist"", ""Sitter"": ""Ann Elliott Morris, 1763 - 1848""}",,"{""Type"": ""Painting""}","{""Medium"": ""Watercolor on ivory"", ""Dimensions"": ""8.1cm x 6.3cm (3 3/16\"" x 2 1/2\"")""}",,,"{""Topic"": ""Costume\\Headgear\\Hat\\Bonnet\nMiniature\nAnn Elliott Morris: Female\nPortrait""}","[1800s, 1790s]","['Morris, Ann Elliott']","[Miniatures, Paintings]",[],"[Women, Bonnet, Costume, Portraits, Hats, Headgear]",1,['https://ids.si.edu/ids/deliveryService?id=NPG-S_NPG_95_116Morris_int'],"https://ids.si.edu/ids/iiif/NPG-S_NPG_95_116Morris_int/full/250,/0/default.jpg",Ann Elliott Morris,Unidentified Artist,1800,Women,Civilian,"[[624, 640, 990, 1118]]",https://github.com/nmolnar-parsons/revperiod_portraitfaces/blob/main/Portrait_Faces/Image_121_face_0.jpg?raw=true; 
https://collections.si.edu/search/detail/edanmdm:npg_S_NPG.95.115,NPG,National Portrait Gallery,"Col. Lewis Morris, IV",edanmdm:npg_S_NPG.95.115,http://n2t.net/ark:/65665/sm4052cb3ca-d15c-40ac-b28c-f6eb8a0fe24d,https://npg.si.edu/object/npg_S_NPG.95.115,2024-12-03,"{""Credit Line"": ""National Portrait Gallery, Smithsonian Institution; bequest of Herbert Leldon Kirk in memory of his wife, Ruth Chapman Kirk""}","{""Date"": ""c. 1800""}","{""Object number"": ""S/NPG.95.115""}","{""Artist"": ""Unidentified Artist"", ""Sitter"": ""Col. Lewis Morris IV, 1752? - 1824""}",,"{""Type"": ""Painting""}","{""Medium"": ""Watercolor on ivory"", ""Dimensions"": ""8.1cm x 6.5cm (3 3/16\"" x 2 9/16\"")""}",,,"{""Topic"": ""Miniature\nCol. Lewis Morris IV: Male\nCol. Lewis Morris IV: Military and Intelligence\\Soldier\\Revolutionary War\nPortrait""}","[1800s, 1790s]","['Morris, Lewis']","[Miniatures, Paintings]",[],"[Soldiers, Military and Intelligence, Men, Portraits, 'American Revolution (1775-1783)']",1,['https://ids.si.edu/ids/deliveryService?id=NPG-9500236A_1'],"https://ids.si.edu/ids/iiif/NPG-9500236A_1/full/250,/0/default.jpg",Col. Lewis Morris IV,Unidentified Artist,1800,Men,Military,"[[572, 380, 1034, 1111]]",https://github.com/nmolnar-parsons/revperiod_portraitfaces/blob/main/Portrait_Faces/Image_122_face_0.jpg?raw=true; 
https://collections.si.edu/search/detail/edanmdm:npg_S_NPG.94.84,NPG,National Portrait Gallery,Elizabeth Linn Brown,edanmdm:npg_S_NPG.94.84,http://n2t.net/ark:/65665/sm47cb3e983-9d79-45f5-843c-5a32df5d077c,https://npg.si.edu/object/npg_S_NPG.94.84,2024-12-03,"{""Credit Line"": ""National Portrait Gallery, Smithsonian Institution; given in loving memory of Katharine Lea Hancock by her children, grandchildren and great grandchildren Conserved with funds from the Smithsonian Women's Committee""}","{""Date"": ""c. 1806""}","{""Object number"": ""S/NPG.94.84""}","{""Artist"": ""William Dunlap, 18 Feb 1766 - 28 Sep 1839"", ""Sitter"": ""Elizabeth Linn Brown, 1775 - 1834""}",,"{""Type"": ""Painting""}","{""Medium"": ""Watercolor on ivory"", ""Dimensions"": ""6.7cm x 5.3cm (2 5/8\"" x 2 1/16\"")""}","{""Place"": ""United States\\Pennsylvania\\Philadelphia\\Philadelphia""}",,"{""Topic"": ""Miniature\nElizabeth Linn Brown: Female\nPortrait""}","[1800s, 1810s]","['Brown, Elizabeth Linn', 'Dunlap, William']","[Miniatures, Paintings]","[United States, North America, Philadelphia, Pennsylvania]","[Women, Portraits]",1,['https://ids.si.edu/ids/deliveryService?id=NPG-S_NPG_94_84_int'],"https://ids.si.edu/ids/iiif/NPG-S_NPG_94_84_int/full/250,/0/default.jpg",Elizabeth Linn Brown,William Dunlap,1806,Women,Civilian,"[[550, 838, 770, 1173]]",https://github.com/nmolnar-parsons/revperiod_portraitfaces/blob/main/Portrait_Faces/Image_123_face_0.jpg?raw=true; 
https://collections.si.edu/search/detail/edanmdm:npg_S_NPG.89.12,NPG,National Portrait Gallery,Elizabeth Washington Gamble Wirt,edanmdm:npg_S_NPG.89.12,http://n2t.net/ark:/65665/sm41bb3734a-81b2-45a2-9ce2-9bd44260e1e8,https://npg.si.edu/object/npg_S_NPG.89.12,2025-03-19,"{""Credit Line"": ""National Portrait Gallery, Smithsonian Institution""}","{""Date"": ""c. 1809-10""}","{""Object number"": ""S/NPG.89.12""}","{""Artist"": ""Cephas Thompson, 1 Jul 1775 - 6 Nov 1856"", ""Former attribution"": ""John Vanderlyn, 15 Oct 1775 - 23 Sep 1852"", ""Sitter"": ""Elizabeth Washington Gamble Wirt, 30 Jan 1784 - 24 Jan 1857""}","{""Exhibition Label"": ""Born Richmond, Virginia\nElizabeth Washington Gamble, daughter of Robert and Catherine Gamble of Richmond, Virginia, became William Wirt\u2019s second wife in 1802. They inherited a house in Richmond in 1808, around the time these portraits were painted. Originally in the rectangular format typical of Cephas Thompson\u2019s work, the paintings were later trimmed to their present oval shape and reframed.\nElizabeth Wirt was highly educated. She later utilized her knowledge of Latin to prepare a manuscript of favorite quotations about flowers, which she published anonymously as Flora\u2019s Dictionary in 1829. The book contributed to the popularization of floriography, the language of flowers in which specific meanings are attributed to different blooms. Subsequent editions identified the author as \u201cMrs. E. W. Wirt of Virginia.\u201d""}","{""Type"": ""Painting""}","{""Medium"": ""Oil on canvas"", ""Dimensions"": ""Frame: 111.1 x 94.6 x 6.4cm (43 3/4 x 37 1/4 x 2 1/2\"")""}",,,"{""Topic"": ""Interior\nElizabeth Washington Gamble Wirt: Female\nElizabeth Washington Gamble Wirt: Arts and Culture\\Literature\\Writer\nPortrait""}","[1800s, 1810s]","['Wirt, Elizabeth Washington Gamble', 'Vanderlyn, John', 'Thompson, Cephas']",[Paintings],[],"[Design, Women, Arts and Culture, Literature, Writers, Interior decoration, Portraits]",1,['https://ids.si.edu/ids/deliveryService?id=NPG-S_NPG_89_12-000001'],"https://ids.si.edu/ids/iiif/NPG-S_NPG_89_12-000001/full/250,/0/default.jpg",Elizabeth Washington Gamble Wirt,Cephas Thompson,1809,Women,Civilian,"[[701, 364, 1038, 862]]",https://github.com/nmolnar-parsons/revperiod_portraitfaces/blob/main/Portrait_Faces/Image_124_face_0.jpg?raw=true; 
https://collections.si.edu/search/detail/edanmdm:npg_S_NPG.66.64,NPG,National Portrait Gallery,Margaret Spear Smith,edanmdm:npg_S_NPG.66.64,http://n2t.net/ark:/65665/sm460c8d3d9-904d-48de-aa4b-d634bab951bb,https://npg.si.edu/object/npg_S_NPG.66.64,2025-03-13,"{""Credit Line"": ""National Portrait Gallery, Smithsonian Institution; gift of Dr. and Mrs. B. Noland Carter in memory of the Misses Mary Coles Carter and Sally Randolph Carter""}","{""Date"": ""c. 1800""}","{""Object number"": ""S/NPG.66.64""}","{""Artist"": ""Gilbert Stuart, 3 Dec 1755 - 9 Jul 1828"", ""Sitter"": ""Margaret Spear Smith, 1758 - 1842""}",,"{""Type"": ""Painting""}","{""Medium"": ""Oil on canvas"", ""Dimensions"": ""Accurate: 73.7 x 61 cm (29 x 24\"")\nFrame: 92.4 \u00d7 79.3 \u00d7 5.7 cm (36 3/8 \u00d7 31 1/4 \u00d7 2 1/4\"")""}",,,"{""Topic"": ""Printed Material\\Book\nCostume\\Jewelry\\Pendant\nMargaret Spear Smith: Female\nPortrait""}","[1800s, 1790s]","['Smith, Margaret Spear', 'Stuart, Gilbert']",[Paintings],[],"[Women, Books and reading, Pendant, Costume, Jewelry, Portraits, Printed Material]",1,['https://ids.si.edu/ids/deliveryService?id=NPG-S_NPG_66_64'],"https://ids.si.edu/ids/iiif/NPG-S_NPG_66_64/full/250,/0/default.jpg",Margaret Spear Smith,Gilbert Stuart,1800,Women,Civilian,"[[658, 429, 991, 908]]",https://github.com/nmolnar-parsons/revperiod_portraitfaces/blob/main/Portrait_Faces/Image_125_face_0.jpg?raw=true; 
https://collections.si.edu/search/detail/edanmdm:npg_S_NPG.65.109,NPG,National Portrait Gallery,"Benjamin Harrison, Jr.",edanmdm:npg_S_NPG.65.109,http://n2t.net/ark:/65665/sm4f54cd6ae-3a81-4a40-af3e-87ec8ce39b36,https://npg.si.edu/object/npg_S_NPG.65.109,2024-12-03,"{""Credit Line"": ""National Portrait Gallery, Smithsonian Institution; transfer from the National Gallery of Art; gift of the A.W. Mellon Educational and Charitable Trust, 1942""}","{""Date"": ""1783""}","{""Object number"": ""S/NPG.65.109""}","{""Artist"": ""Charles Willson Peale, 15 Apr 1741 - 22 Feb 1827"", ""Sitter"": ""Benjamin Harrison, Jr., 1750? - 1799"", ""Formerly identified as"": ""Benjamin Harrison, Sr., 1726 - 1791""}",,"{""Type"": ""Painting""}","{""Medium"": ""Oil on canvas"", ""Dimensions"": ""Stretcher: 76.2 x 33cm (30 x 13\"")\nFrame: 90.2 x 76.8 x 6.4cm (35 1/2 x 30 1/4 x 2 1/2\"")""}",,,"{""Topic"": ""Interior\nHome Furnishings\\Furniture\\Seating\\Chair\nPrinted Material\\Book\nHome Furnishings\\Furniture\\Table\nEquipment\\Drafting & Writing Implements\\Writing implement\\Pen\\Quill\nEquipment\\Drafting & Writing Implements\\Inkstand\nPrinted Material\\Papers\\Envelope\nBenjamin Harrison, Jr.: Male\nBenjamin Harrison, Jr.: Social Welfare and Reform\\Reformer\\Revolutionary\nPortrait""}",[1780s],"['Harrison, Benjamin', 'Peale, Charles Willson']",[Paintings],[],"[Social Welfare and Reform, Books and reading, Interior decoration, Papers, Quill, Portraits, Home Furnishings, Drafting & Writing Implements, Furnishings, 'Envelopes (Stationery)', Reformers, Printed Material, Design, Inkstand, Chairs, Seating, Men, Revolutionary, Tables, Pens]",1,['https://ids.si.edu/ids/deliveryService?id=NPG-S_NPG_65_109Harrison-000004'],"https://ids.si.edu/ids/iiif/NPG-S_NPG_65_109Harrison-000004/full/250,/0/default.jpg",Benjamin Harrison,Charles Willson Peale,1783,Men,Civilian,"[[706, 347, 1049, 842]]",https://github.com/nmolnar-parsons/revperiod_portraitfaces/blob/main/Portrait_Faces/Image_126_face_0.jpg?raw=true; 
https://collections.si.edu/search/detail/edanmdm:npg_S_NPG.2009.49,NPG,National Portrait Gallery,Elizabeth Depeyster Peale,edanmdm:npg_S_NPG.2009.49,http://n2t.net/ark:/65665/sm440feb918-974d-4798-961d-160ef7a1e708,https://npg.si.edu/object/npg_S_NPG.2009.49,2024-12-03,"{""Credit Line"": ""National Portrait Gallery, Smithsonian Institution; transfer from the National Museum of American History, gift of the CIGNA Corporation Conserved with funds from the Smithsonian Women's Committee""}","{""Date"": ""1795""}","{""Object number"": ""S/NPG.2009.49""}","{""Artist"": ""James Peale, 1749 - 24 May 1831"", ""Sitter"": ""Elizabeth Depeyster Peale, 1765 - 1804""}",,"{""Type"": ""Painting""}","{""Medium"": ""Watercolor on ivory"", ""Dimensions"": ""Ivory: 7 x 5.9cm (2 3/4 x 2 5/16\"")""}",,,"{""Topic"": ""Miniature\nElizabeth Depeyster Peale: Female\nPortrait""}",[1790s],"['Peale, Elizabeth Depeyster', 'Peale, James']","[Miniatures, Paintings]",[],"[Women, Portraits]",1,['https://ids.si.edu/ids/deliveryService?id=NPG-S_NPG_2009_49Depeyster-000004'],"https://ids.si.edu/ids/iiif/NPG-S_NPG_2009_49Depeyster-000004/full/250,/0/default.jpg",Elizabeth Depeyster Peale,James Peale,1795,Women,Civilian,"[[691, 601, 998, 1001]]",https://github.com/nmolnar-parsons/revperiod_portraitfaces/blob/main/Portrait_Faces/Image_127_face_0.jpg?raw=true; 
https://collections.si.edu/search/detail/edanmdm:npg_S_NPG.2007.12,NPG,National Portrait Gallery,William Linn,edanmdm:npg_S_NPG.2007.12,http://n2t.net/ark:/65665/sm41dc3922b-19f1-4ada-9ed1-6d7009178481,https://npg.si.edu/object/npg_S_NPG.2007.12,2024-12-03,"{""Credit Line"": ""National Portrait Gallery, Smithsonian Institution; gift of DeWitt Linn Sage""}","{""Date"": ""1805""}","{""Object number"": ""S/NPG.2007.12""}","{""Artist"": ""John Wesley Jarvis, 1780 - 14 Jan 1840"", ""Sitter"": ""William Linn, 27 Feb 1752 - 8 Jan 1808""}",,"{""Type"": ""Painting""}","{""Medium"": ""Oil on canvas"", ""Dimensions"": ""Stretcher: 74.9 x 55.9cm (29 1/2 x 22\"")""}",,,"{""Topic"": ""William Linn: Male\nWilliam Linn: Religion and Spirituality\\Clergy\\Minister\nPortrait""}",[1800s],"['Jarvis, John Wesley', 'Linn, William']",[Paintings],[],"[Religion and Spirituality, Men, Portraits, Clergy, Minister]",1,['https://ids.si.edu/ids/deliveryService?id=NPG-S_NPG_2007_12Linn-000001'],"https://ids.si.edu/ids/iiif/NPG-S_NPG_2007_12Linn-000001/full/250,/0/default.jpg",William Linn,John Wesley Jarvis,1805,Men,Clergy,"[[561, 466, 954, 1015]]",https://github.com/nmolnar-parsons/revperiod_portraitfaces/blob/main/Portrait_Faces/Image_128_face_0.jpg?raw=true; 
https://collections.si.edu/search/detail/edanmdm:npg_NPG.99.66,NPG,National Portrait Gallery,Thomas Jefferson,edanmdm:npg_NPG.99.66,http://n2t.net/ark:/65665/sm48ff09ed3-ede7-4ee8-b6dc-9a56921712a6,https://npg.si.edu/object/npg_NPG.99.66,2025-03-19,"{""Credit Line"": ""National Portrait Gallery, Smithsonian Institution; bequest of Charles Francis Adams; frame conserved with funds from the Smithsonian Women's Committee""}","{""Date"": ""1786""}","{""Object number"": ""NPG.99.66""}","{""Artist"": ""Mather Brown, 7 Oct 1761 - 25 May 1831"", ""Sitter"": ""Thomas Jefferson, 13 Apr 1743 - 4 Jul 1826""}","{""Exhibition Label"": ""Third president, 1801\u20131809\nA scientist, an Enlightenment philosopher, and one of the most accomplished\u2014and complicated\u2014 personalities in American history, Thomas Jefferson authored the Declaration of Independence and served his country as statesman, diplomat, and president. In 1803, during his first term as president, he orchestrated the Louisiana Purchase, which doubled the size of the United States and established the nation as a continental power. This expansion, more than any other, forced politicians to confront the U.S. economy\u2019s dependence on slavery. Jefferson, who enslaved more than six hundred African Americans in his adult life, wrestled with the rift between his philosophical beliefs and his reliance on bondage.\nIn 1786, when Jefferson was serving as the United States minister to France, he paid a visit to see his friend John Adams, then the United States minister to Great Britain. Adams suggested that Jefferson pose for the Boston-born artist Mather Brown, who was living in London at the time. This is the earliest known likeness of Jefferson.\n3er presidente, 1801\u20131809\nCient\u00edfico, fil\u00f3sofo ilustrado y una de las personalidades m\u00e1s talentosas y complejas de la historia estadounidense, Thomas Jefferson redact\u00f3 de la Declaraci\u00f3n de Independencia y sirvi\u00f3 a su pa\u00eds como estadista, diplom\u00e1tico y presidente. En 1803, durante su primer t\u00e9rmino presidencial, gestion\u00f3 la compra de Luisiana, lo cual duplic\u00f3 el territorio de EE.UU. y estableci\u00f3 al pa\u00eds como potencia continental. Esta expansi\u00f3n, m\u00e1s que ninguna otra, forz\u00f3 a los pol\u00edticos a confrontar el grado en que la econom\u00eda estadounidense depend\u00eda de la esclavitud. Jefferson, quien en su adultez tuvo esclavizados a m\u00e1s 600 afroamericanos, vivi\u00f3 luchando con el dilema entre sus convicciones filos\u00f3ficas y su relaci\u00f3n con la labor esclava.\nEn 1786, siendo embajador de EE.UU. en Francia, Jefferson visit\u00f3 a su amigo John Adams, entonces embajador de EE.UU. en Gran Breta\u00f1a. Adams sugiri\u00f3 que Jefferson posara para el artista bostoniano Mather Brown, radicado en Londres para esa \u00e9poca. Este es el primer retrato de Jefferson que se conoce."", ""Provenance"": ""John Adams; by descent to Charles Francis Adams, Dover, Mass.; bequest to NPG 1999\nSee David Meschutt, \u201cThe Adams-Jefferson Portrait Exchange,\u201d American Art Journal, Spring 1982, 53-4, n. 47""}","{""Type"": ""Painting""}","{""Medium"": ""Oil on canvas"", ""Dimensions"": ""Stretcher: 90.8 \u00d7 72.4 cm (35 3/4 \u00d7 28 1/2\"")\nFrame: 102.4 \u00d7 81.9 \u00d7 8.3 cm (40 5/16 \u00d7 32 1/4 \u00d7 3 1/4\"")""}","{""Place"": ""United Kingdom\\England\\Greater London\\London""}",,"{""Topic"": ""Interior\nPrinted Material\\Papers\nArtwork\\Sculpture\\Statue\nCostume\\Headgear\\Hat\\Cap\\Phrygian cap\nSymbols & Motifs\\Symbolic Figure\\Liberty\nThomas Jefferson: Male\nThomas Jefferson: Law and Crime\\Lawyer\nThomas Jefferson: Politics and Government\\Government official\\Congressman\\Continental congressman\nThomas Jefferson: Politics and Government\\Statesman\\Colonial statesman\\Signer of Declaration\nThomas Jefferson: Politics and Government\\Vice-President of US\nThomas Jefferson: Business and Finance\\Natural resources commerce\\Agriculturist\\Farmer\nThomas Jefferson: Arts and Culture\\Visual Arts\\Architect\nThomas Jefferson: Politics and Government\\Government official\\President of US\nThomas Jefferson: Politics and Government\\Government official\\Cabinet member\\Secretary of State\nThomas Jefferson: Politics and Government\\Diplomat\\Minister\nThomas Jefferson: Science and Technology\\Inventor\nThomas Jefferson: Politics and Government\\Government official\\US Congressman\\Virginia\nThomas Jefferson: Politics and Government\\Government official\\Governor\\Virginia\nThomas Jefferson: Arts and Culture\\Education and Scholarship\\Founder\\University\nPortrait""}",[1780s],"['Jefferson, Thomas', 'Brown, Mather']",[Paintings],"[Greater London, United States, Europe, England, United Kingdom, Virginia]","[Business and Finance, Legislators, Art, Artwork, Arts and Culture, Phrygian cap, Architects, Papers, Natural resources commerce, Statues, Secretary of State, Liberty, Governors, Founder, Printed Material, Universities, Design, Symbols & Motifs, Symbolic Figure, Colonial statesman, Sculpture, Statesman, Signer of Declaration, Public officers, Vice-Presidents, Diplomats, Presidents, Minister, Cabinet member, Congressmen, Farmers, Government, Diplomacy, Interior decoration, Portraits, Lawyers, Headgear, Continental congressman, Science and Technology, Agriculturists, Inventors, Costume, Men, Hats, Law and Crime, Politics, Education and Scholarship]",1,['https://ids.si.edu/ids/deliveryService?id=NPG-NPG_99_66Jefferson_d1'],"https://ids.si.edu/ids/iiif/NPG-NPG_99_66Jefferson_d1/full/250,/0/default.jpg",Thomas Jefferson,Mather Brown,1786,Men,President,"[[573, 383, 873, 794], [1277, 167, 1368, 282]]",https://github.com/nmolnar-parsons/revperiod_portraitfaces/blob/main/Portrait_Faces/Image_129_face_0.jpg?raw=true; https://github.com/nmolnar-parsons/revperiod_portraitfaces/blob/main/Portrait_Faces/Image_129_face_1.jpg?raw=true; 
https://collections.si.edu/search/detail/edanmdm:npg_NPG.98.73,NPG,National Portrait Gallery,David Rittenhouse,edanmdm:npg_NPG.98.73,http://n2t.net/ark:/65665/sm418d66994-3ab6-4367-b696-b41df60247ca,https://npg.si.edu/object/npg_NPG.98.73,2025-03-19,"{""Credit Line"": ""National Portrait Gallery, Smithsonian Institution; bequest of Stanley P. Sax""}","{""Date"": ""1796""}","{""Object number"": ""NPG.98.73""}","{""Artist"": ""Charles Willson Peale, 15 Apr 1741 - 22 Feb 1827"", ""Sitter"": ""David Rittenhouse, 8 Apr 1732 - 26 Jun 1796""}","{""Exhibition Label"": ""Born near Germantown, Pennsylvania\nA child prodigy who received no formal education, David Rittenhouse became one of the American colonies\u2019 most respected scientists. He made his living as a clock and instrument-maker but became famous for the astronomical work he is shown pursuing in this portrait. The observations Rittenhouse made during the transit of Venus in 1769 enabled him to measure the distance from Earth to the sun and contributed to international recognition of American scientific achievement.\nRittenhouse turned his engineering expertise to military purposes during the American Revolution, which he strongly supported. As a member of Pennsylvania\u2019s Committee of Safety, he surveyed the location of forts, developed experimental telescopic sights for rifles, and supervised the casting of cannon. After joining Rittenhouse to review defensive measures on the Delaware River, John Adams described him as \u201ca tall, slender Man, plain, soft, modest, no remarkable Depth, or thoughtfullness in his Face\u2014yet cool, attentive, and clear.\u201d\nNacido cerca de Germantown, Pensilvania\nDavid Rittenhouse fue un ni\u00f1o prodigio que, sin educaci\u00f3n formal, lleg\u00f3 a ser uno de los cient\u00edficos m\u00e1s respetados de las colonias americanas. Se ganaba la vida fabricando relojes e instrumentos, pero cobr\u00f3 fama por su trabajo de astronom\u00eda, como se ilustra en este retrato. Sus observaciones durante el tr\u00e1nsito de Venus en 1769 le permitieron medir la distancia desde la Tierra hasta el Sol y fomentaron el reconocimiento mundial de los logros cient\u00edficos norteamericanos.\nRittenhouse aplic\u00f3 sus conocimientos de ingenier\u00eda a fines militares durante la Guerra de Independencia, la cual apoy\u00f3 con fervor. Como miembro del Comit\u00e9 de Seguridad de Pensilvania, estudi\u00f3 la ubicaci\u00f3n de los fuertes, desarroll\u00f3 mirillas telesc\u00f3picas experimentales para los rifles y supervis\u00f3 la fundici\u00f3n de los ca\u00f1ones. Luego de acompa\u00f1ar a Rittenhouse en una inspecci\u00f3n de las defensas en el r\u00edo Delaware, John Adams lo describi\u00f3 como \u201cun Hombre alto, delgado, suave, modesto, sin Profundidad notable ni aire reflexivo en su Rostro, aunque sereno, atento y directo\u201d."", ""Provenance"": ""Purchased from artist by Edward Savage, 1796-1817; probably purchased with the contents of Savage's Museum by Ethan Allen Greenwood for his New England Museum, Boston, 1818; purchased by Moses Kimball for his Boston Museum, 1839. The Brook Club, New York City, by 1907; purchased by Thomas Sovreign Gates by 1945 for his wife, Emma Barton Waller Gates, a Rittenhouse descendant; her son, James Waller; his estate; (Robert Eldred Auction House, Hyannis, Mass.), March 29, 1986; purchased by (Schwarz Gallery, Philadelphia) for Stanley P. Sax; bequest to NPG 1998.""}","{""Type"": ""Painting""}","{""Medium"": ""Oil on canvas"", ""Dimensions"": ""Sight: 124.5 x 100.3 x 2.5cm (49 x 39 1/2 x 1\"")\nFrame: 147.3 x 121.9 x 8.9cm (58 x 48 x 3 1/2\"")""}","{""Place"": ""United States\\Pennsylvania\\Philadelphia\\Philadelphia""}",,"{""Topic"": ""Interior\nPrinted Material\\Book\nPrinted Material\\Papers\nEquipment\\Optical Devices\\Telescope\nCostume\\Robe\\Banyan\nDavid Rittenhouse: Male\nDavid Rittenhouse: Arts and Culture\\Education and Scholarship\\Educator\\Professor\\University\nDavid Rittenhouse: Arts and Culture\\Education and Scholarship\\Administrator\\University administrator\\University trustee\nDavid Rittenhouse: Science and Technology\\Scientist\\Mathematician\nDavid Rittenhouse: Science and Technology\\Scientist\\Astronomer\nDavid Rittenhouse: Business and Finance\\Tradesman\\Mechanic\nDavid Rittenhouse: Business and Finance\\Tradesman\\Clockmaker\nPortrait""}",[1790s],"['Peale, Charles Willson', 'Rittenhouse, David']",[Paintings],"[United States, North America, Philadelphia, Pennsylvania]","[Business and Finance, Optical Devices, Books and reading, Arts and Culture, Robe, Papers, Printed Material, Universities, Design, Clockmaker, Astronomers, University administrator, University trustee, Interior decoration, Portraits, Tradesman, Educators, Mathematician, Science and Technology, Costume, Men, Telescopes, Administrators, Education and Scholarship, Scientists, Banyan]",1,['https://ids.si.edu/ids/deliveryService?id=NPG-NPG_98_73Rittenhouse_d1'],"https://ids.si.edu/ids/iiif/NPG-NPG_98_73Rittenhouse_d1/full/250,/0/default.jpg",David Rittenhouse,Charles Willson Peale,1796,Men,Civilian,"[[862, 543, 1062, 853]]",https://github.com/nmolnar-parsons/revperiod_portraitfaces/blob/main/Portrait_Faces/Image_130_face_0.jpg?raw=true; 
https://collections.si.edu/search/detail/edanmdm:npg_NPG.98.33,NPG,National Portrait Gallery,Carter Braxton,edanmdm:npg_NPG.98.33,http://n2t.net/ark:/65665/sm436f1c5b4-3af1-46a0-93ba-577fab20f0c5,https://npg.si.edu/object/npg_NPG.98.33,2025-03-19,"{""Credit Line"": ""National Portrait Gallery, Smithsonian Institution""}","{""Date"": ""c. 1775""}","{""Object number"": ""NPG.98.33""}","{""Artist"": ""Unidentified Artist"", ""Sitter"": ""Carter Braxton, 10 Sep 1736 - 10 Oct 1797""}","{""Provenance"": ""Douglas M. Braxton; his wife Frances T. Braxton [Mrs. Douglas M. Braxton]; their son James Philips Braxton, Richmond; her grandson Douglas M. Braxton II; purchased 1998 NPG""}","{""Type"": ""Painting""}","{""Medium"": ""Watercolor on ivory"", ""Dimensions"": ""Frame: 6 x 4.1 x 0.8cm (2 3/8 x 1 5/8 x 5/16\"")""}",,,"{""Topic"": ""Miniature\nCarter Braxton: Male\nCarter Braxton: Politics and Government\\Statesman\\Colonial statesman\\Signer of Declaration\nCarter Braxton: Business and Finance\\Natural resources commerce\\Agriculturist\\Planter\nPortrait""}",[1770s],"['Braxton, Carter']","[Miniatures, Paintings]",[],"[Business and Finance, Planter, Colonial statesman, Agriculturists, Statesman, Government, Men, Signer of Declaration, Natural resources commerce, Portraits, Politics]",1,['https://ids.si.edu/ids/deliveryService?id=NPG-NPG_98_33Braxton-000001'],"https://ids.si.edu/ids/iiif/NPG-NPG_98_33Braxton-000001/full/250,/0/default.jpg",Carter Braxton,Unidentified Artist,1775,Men,Government,"[[530, 571, 936, 1194]]",https://github.com/nmolnar-parsons/revperiod_portraitfaces/blob/main/Portrait_Faces/Image_131_face_0.jpg?raw=true; 
https://collections.si.edu/search/detail/edanmdm:npg_NPG.97.190,NPG,National Portrait Gallery,John Rutledge,edanmdm:npg_NPG.97.190,http://n2t.net/ark:/65665/sm4de68b338-7a6d-4216-9b0b-ed220f40391e,https://npg.si.edu/object/npg_NPG.97.190,2025-03-13,"{""Credit Line"": ""National Portrait Gallery, Smithsonian Institution""}","{""Date"": ""c. 1791""}","{""Object number"": ""NPG.97.190""}","{""Attribution"": ""John Trumbull, 6 Jun 1756 - 10 Nov 1843"", ""Sitter"": ""John Rutledge, 1739 - 18 Jul 1800""}","{""Provenance"": ""(Christie\u2019s East, New York, June 23, 1995, lot 25: \u201cProperty from an East Coast Educational Institution\u201d); Purchased with Marvin Sadik (Samuel Herrup, Sheffield, Mass.); purchased 1997 NPG""}","{""Type"": ""Painting""}","{""Medium"": ""Oil on mahogany panel"", ""Dimensions"": ""Sight: 8.6 x 7.6cm (3 3/8 x 3\"")\nFrame: 17.5 x 16.5 x 3.8cm (6 7/8 x 6 1/2 x 1 1/2\"")""}",,,"{""Topic"": ""Miniature\nJohn Rutledge: Male\nJohn Rutledge: Politics and Government\\Statesman\\Signer of Constitution\nJohn Rutledge: Law and Crime\\Judge\\Justice\\US Supreme Court Justice\\Chief Justice of US\nPortrait""}",[1790s],"['Rutledge, John', 'Trumbull, John']","[Miniatures, Paintings]",[],"[Justice, Statesman, Government, Chief Justice of US, Men, Portraits, Politics, Law and Crime, Judges, US Supreme Court Justice, Signer of Constitution]",1,['https://ids.si.edu/ids/deliveryService?id=NPG-9700390A_1'],"https://ids.si.edu/ids/iiif/NPG-9700390A_1/full/250,/0/default.jpg",John Rutledge,John Trumbull,1791,Men,Government,"[[732, 549, 1053, 1037]]",https://github.com/nmolnar-parsons/revperiod_portraitfaces/blob/main/Portrait_Faces/Image_132_face_0.jpg?raw=true; 
https://collections.si.edu/search/detail/edanmdm:npg_NPG.97.189,NPG,National Portrait Gallery,Jonas Phillips,edanmdm:npg_NPG.97.189,http://n2t.net/ark:/65665/sm44fba9e65-19ee-4eac-a74d-6712810bf112,https://npg.si.edu/object/npg_NPG.97.189,2025-06-13,"{""Credit Line"": ""National Portrait Gallery, Smithsonian Institution""}","{""Date"": ""c. 1790""}","{""Object number"": ""NPG.97.189""}","{""Artist"": ""Unidentified Artist"", ""Sitter"": ""Jonas Phillips, 1736 - 29 Jan 1803""}","{""Exhibition Label"": ""Born Buseck, Germany\nJonas Phillips immigrated to Charleston, South Carolina, in 1756, as an indentured servant. He ultimately rose to become a prominent businessperson and advocate for the Jewish faith. By 1758 he had worked off his debt and moved to Albany, New York, as a freeman. The next year, he started his first of many businesses: selling goods during the French and Indian War (1754\u201363). Ever entrepreneurial, though not always successful, he started new ventures, moved between cities, married, and eventually had twenty-one children. In 1782, in the midst of the Revolutionary War (1775\u201383), he helped found Congregation Mikveh Israel in Philadelphia.\nDuring the war, Phillips found success as a merchant-shipper. A patriot, he was mustered into service in 1778. Afterward, he urged the new government to endorse religious freedom. In 1787, he wrote to George Washington to ask that all Americans, \u201clive under a government where all Religious societys [sic] are on an Eaquel [sic] footing.\u201d\nUnidentified artist\nNacido en Buseck, Alemania\nJonas Phillips inmigr\u00f3 en 1756 a Charleston, Carolina del Sur, con un contrato de servidumbre. Con el tiempo lleg\u00f3 a ser un prominente hombre de negocios y defensor de la fe jud\u00eda. Para 1758 hab\u00eda pagado su contrato con su trabajo y, ya libre, se mud\u00f3 a Albany, Nueva York. Al a\u00f1o siguiente inici\u00f3 su primer negocio: venta de mercanc\u00edas durante la Guerra Franco-Ind\u00edgena (1754\u201363). Emprendedor, aunque no siempre exitoso, inici\u00f3 diversas empresas, vivi\u00f3 en varias ciudades, se cas\u00f3 y tuvo 21 hijos.\nEn 1782, en medio de la Guerra de Independencia (1775\u201383), colabor\u00f3 en la fundaci\u00f3n de la Congregaci\u00f3n Mikveh Israel en Filadelfia.\nDurante la guerra, Phillips tuvo \u00e9xito como exportador. En 1778 se alist\u00f3 en el servicio militar del lado de los patriotas. Luego instar\u00eda al nuevo gobierno a endosar la libertad religiosa. En 1787 escribi\u00f3 a George Washington pidiendo que todos los estadunidenses vivieran \u201cbajo un gobierno donde todas las sociedades religiosas existan en un plano de igualdad\u201d."", ""Provenance"": ""Mrs. Amelia Mayhoff, descendant; (Argosy Gallery, New York); purchased c. 1953 by Mark Bortman, Boston; his daughter, Jane Bortman Larus, Sarasota, Flor.; purchased 1997 NPG""}","{""Type"": ""Painting""}","{""Medium"": ""Oil on wood panel"", ""Dimensions"": ""35.6 x 27.3 cm (14 x 10 3/4\"")\nFrame: 53.3 \u00d7 45.1 \u00d7 5.7 cm (21 \u00d7 17 3/4 \u00d7 2 1/4\"")""}",,,"{""Topic"": ""Jonas Phillips: Male\nJonas Phillips: Business and Finance\\Businessperson\\Merchant\nPortrait""}","[1780s, 1790s]","['Phillips, Jonas']",[Paintings],[],"[Business and Finance, Merchants, Businessperson, Men, Portraits]",1,['https://ids.si.edu/ids/deliveryService?id=NPG-NPG_97_189-000001'],"https://ids.si.edu/ids/iiif/NPG-NPG_97_189-000001/full/250,/0/default.jpg",Jonas Phillips,Unidentified Artist,1790,Men,Civilian,"[[545, 381, 963, 952]]",https://github.com/nmolnar-parsons/revperiod_portraitfaces/blob/main/Portrait_Faces/Image_133_face_0.jpg?raw=true; 
https://collections.si.edu/search/detail/edanmdm:npg_NPG.96.28,NPG,National Portrait Gallery,James Smithson,edanmdm:npg_NPG.96.28,http://n2t.net/ark:/65665/sm4883b5e56-c45d-4db0-bd57-6502f5841d68,https://npg.si.edu/object/npg_NPG.96.28,2025-03-19,"{""Credit Line"": ""National Portrait Gallery, Smithsonian Institution""}","{""Date"": ""1786""}","{""Object number"": ""NPG.96.28""}","{""Artist"": ""James Roberts, 1753 - c. 1809"", ""Sitter"": ""James Smithson, c. 1765 - 1829""}","{""Exhibition Label"": ""Born Paris, France\nBritish scientist James Smithson laid the groundwork for the largest museum and research complex in the world, the Smithsonian Institution. Although Smithson had no apparent connection to the United States, he bequeathed most of his fortune \u201cto found at Washington, under the name of the Smithsonian Institution, an Establishment for the increase & diffusion of knowledge.\u201d\nDuring a career dedicated to the study of chemistry and mineralogy, Smithson published dozens of scientific papers. In 1787, he became the youngest person admitted to the Royal Society, Britain\u2019s premier scientific academy. This portrait represents Smithson at the age of twenty-one, dressed in academic robes after receiving a master\u2019s degree from Oxford University. It was once owned by his servant, John Fitall, who shares with the United States the distinction of being named in Smithson\u2019s will. Smithson bequeathed him an annual sum of one hundred pounds \u201cin consideration of his attachment & fidelity to me.\u201d\nNacido en Par\u00eds, Francia\nEl cient\u00edfico brit\u00e1nico James Smithson sent\u00f3 las bases para el museo y complejo de investigaci\u00f3n m\u00e1s grande del mundo, la Smithsonian Institution. Aunque sin v\u00ednculos aparentes con Estados Unidos, leg\u00f3 la mayor parte de su fortuna \u201cpara fundar en Washington, con el nombre de Smithsonian Institution, una entidad destinada al cultivo y la difusi\u00f3n del conocimiento\u201d.\nDurante una carrera dedicada al estudio de la qu\u00edmica y la mineralog\u00eda, Smithson public\u00f3 docenas de art\u00edculos cient\u00edficos. En 1787 pas\u00f3 a ser la persona m\u00e1s joven admitida a la Royal Society, principal academia cient\u00edfica brit\u00e1nica. Este retrato lo muestra a los 21 a\u00f1os con su toga acad\u00e9mica, despu\u00e9s de recibir un t\u00edtulo de maestr\u00eda de la Universidad de Oxford. La obra perteneci\u00f3 una vez al sirviente de Smithson, John Fitall, quien comparte con Estados Unidos la distinci\u00f3n de haber sido nombrado en su testamento. Smithson le leg\u00f3 una suma anual de 100 libras \u201cen consideraci\u00f3n de su apego y fidelidad hacia m\u00ed\u201d."", ""Provenance"": ""Mrs. Fitall, widow of Smithson\u2019s servant John; sold through (H.P. Bohn) to Smithsonian,1849; accessioned by NPG 1996""}","{""Type"": ""Painting""}","{""Medium"": ""Oil on canvas"", ""Dimensions"": ""Frame: 59.7 x 47 x 7.6cm (23 1/2 x 18 1/2 x 3\"")""}","{""Place"": ""United Kingdom\\England""}",,"{""Topic"": ""Home Furnishings\\Furniture\\Seating\\Chair\nPrinted Material\\Book\nExterior\\Landscape\nCostume\\Academic\\Cap and gown\nJames Smithson: Male\nJames Smithson: Arts and Culture\\Education and Scholarship\\Founder\nJames Smithson: Science and Technology\\Scientist\\Chemist\nPortrait""}",[1780s],"['Smithson, James', 'Roberts, James']","[Paintings, Exterior views]","[Europe, England, United Kingdom]","[Books and reading, Arts and Culture, Chemist, Portraits, Home Furnishings, Founder, Furnishings, Printed Material, Science and Technology, Landscapes, Chairs, Seating, Costume, Men, Cap and gown, Education and Scholarship, Scientists]",1,['https://ids.si.edu/ids/deliveryService?id=NPG-NPG_96_28Smithson1L-000001'],"https://ids.si.edu/ids/iiif/NPG-NPG_96_28Smithson1L-000001/full/250,/0/default.jpg",James Smithson,James Roberts,1786,Men,Civilian,"[[545, 636, 674, 794]]",https://github.com/nmolnar-parsons/revperiod_portraitfaces/blob/main/Portrait_Faces/Image_134_face_0.jpg?raw=true; 
https://collections.si.edu/search/detail/edanmdm:npg_NPG.94.83,NPG,National Portrait Gallery,Charles Brockden Brown,edanmdm:npg_NPG.94.83,http://n2t.net/ark:/65665/sm41c992bf2-fdf2-4ab2-9bfc-e6cb31a325b1,https://npg.si.edu/object/npg_NPG.94.83,2025-03-19,"{""Credit Line"": ""National Portrait Gallery, Smithsonian Institution; given in loving memory of Katharine Lea Hancock by her children, grandchildren and great grandchildren Conserved with funds from the Smithsonian Women's Committee""}","{""Date"": ""1806""}","{""Object number"": ""NPG.94.83""}","{""Artist"": ""William Dunlap, 18 Feb 1766 - 28 Sep 1839"", ""Sitter"": ""Charles Brockden Brown, 17 Jan 1771 - 22 Feb 1810""}","{""Provenance"": ""Lucy Wharton Drexel; gift to Katherine Lea Hancock; her sons William P.W. Hancock, Vero Beach, Flor. and Charles L. Hancock, ; gift 1994 to NPG""}","{""Type"": ""Painting""}","{""Medium"": ""Watercolor on ivory"", ""Dimensions"": ""6.2cm x 5.1cm (2 7/16\"" x 2\"")""}","{""Place"": ""United States\\Pennsylvania\\Philadelphia\\Philadelphia""}",,"{""Topic"": ""Miniature\nCostume\\Dress Accessory\\Button\\Brass\nCharles Brockden Brown: Male\nCharles Brockden Brown: Arts and Culture\\Journalism and Media\\Magazine editor\nCharles Brockden Brown: Business and Finance\\Businessperson\\Merchant\nCharles Brockden Brown: Arts and Culture\\Literature\\Writer\\Novelist\nPortrait""}",[1800s],"['Dunlap, William', 'Brown, Charles Brockden']","[Miniatures, Paintings]","[United States, North America, Philadelphia, Pennsylvania]","[Business and Finance, Merchants, Arts and Culture, Literature, Writers, Businessperson, Brass, Magazine editor, Dress accessories, Portraits, Button, Costume, Men, Journalism and Media, Novelists]",1,['https://ids.si.edu/ids/deliveryService?id=NPG-NPG_94_83Brown-000002'],"https://ids.si.edu/ids/iiif/NPG-NPG_94_83Brown-000002/full/250,/0/default.jpg",Charles Brockden Brown,William Dunlap,1806,Men,Civilian,"[[694, 468, 1135, 1143]]",https://github.com/nmolnar-parsons/revperiod_portraitfaces/blob/main/Portrait_Faces/Image_135_face_0.jpg?raw=true; 
https://collections.si.edu/search/detail/edanmdm:npg_NPG.92.33,NPG,National Portrait Gallery,Joseph Galloway,edanmdm:npg_NPG.92.33,http://n2t.net/ark:/65665/sm49be907fc-b009-4a1a-991f-cbe00e6c7ed5,https://npg.si.edu/object/npg_NPG.92.33,2024-12-03,"{""Credit Line"": ""National Portrait Gallery, Smithsonian Institution""}","{""Date"": ""c. 1775""}","{""Object number"": ""NPG.92.33""}","{""Attribution"": ""Thomas Day, c. 1732 - c. 1807"", ""Sitter"": ""Joseph Galloway, 1731 - 29 Aug 1803""}","{""Provenance"": ""(David Stockwell, Wilmington); (Schwarz Gallery, Philadelphia); purchased 1992 NPG""}","{""Type"": ""Painting""}","{""Medium"": ""Watercolor on ivory"", ""Dimensions"": ""4 x 3cm (1 9/16 x 1 3/16\"")\nLocket: 5.1 x 3.5 x 0.5cm (2 x 1 3/8 x 3/16\"")""}",,,"{""Topic"": ""Miniature\nJoseph Galloway: Male\nJoseph Galloway: Law and Crime\\Lawyer\nJoseph Galloway: Politics and Government\\Statesman\\Colonial statesman\nJoseph Galloway: Politics and Government\\Government official\\Congressman\\Continental congressman\nJoseph Galloway: Politics and Government\\Loyalist\nPortrait""}","[1770s, 1780s]","['Galloway, Joseph', 'Day, Thomas']","[Miniatures, Paintings]",[],"[Legislators, Congressmen, Government, Portraits, Lawyers, Continental congressman, Colonial statesman, Statesman, Men, Public officers, Loyalist, Law and Crime, Politics]",1,['https://ids.si.edu/ids/deliveryService?id=NPG-NPG_92_33_int-000001'],"https://ids.si.edu/ids/iiif/NPG-NPG_92_33_int-000001/full/250,/0/default.jpg",Joseph Galloway,Thomas Day,1775,Men,Government,"[[577, 670, 968, 1171]]",https://github.com/nmolnar-parsons/revperiod_portraitfaces/blob/main/Portrait_Faces/Image_136_face_0.jpg?raw=true; 
https://collections.si.edu/search/detail/edanmdm:npg_NPG.92.122,NPG,National Portrait Gallery,Charles Cotesworth Pinckney,edanmdm:npg_NPG.92.122,http://n2t.net/ark:/65665/sm46a51acf1-fb57-4d28-bc7f-a9fd1c408188,https://npg.si.edu/object/npg_NPG.92.122,2024-12-03,"{""Credit Line"": ""National Portrait Gallery, Smithsonian Institution; gift of Harriet J. Phelps""}","{""Date"": ""1796""}","{""Object number"": ""NPG.92.122""}","{""Artist"": ""Unidentified Artist"", ""Copy after"": ""James Earl, 1 May 1761 - 16 Aug 1796"", ""Sitter"": ""Charles Cotesworth Pinckney, 25 Feb 1746 - 25 Aug 1825""}","{""Provenance"": ""John Chesnut, Mulberry Plantation, 1796. Purchased by Donald Jackson, 1924; his daughter Harriet S. Phelps, Camden, S.C.; gift NPG 1992""}","{""Type"": ""Painting""}","{""Medium"": ""Oil on canvas"", ""Dimensions"": ""66.2cm x 56.2cm (26 1/16\"" x 22 1/8\"")""}",,,"{""Topic"": ""Costume\\Dress Accessory\\Epaulet\nCharles Cotesworth Pinckney: Male\nCharles Cotesworth Pinckney: Law and Crime\\Lawyer\nCharles Cotesworth Pinckney: Politics and Government\\Presidential candidate\nCharles Cotesworth Pinckney: Military and Intelligence\\Army\\Officer\\Revolutionary War\nCharles Cotesworth Pinckney: Politics and Government\\Diplomat\nCharles Cotesworth Pinckney: Military and Intelligence\\Army\\Officer\\General\nCharles Cotesworth Pinckney: Politics and Government\\Diplomat\\Minister\nCharles Cotesworth Pinckney: Politics and Government\\Government official\\US Congressman\\South Carolina\nCharles Cotesworth Pinckney: Politics and Government\\Government official\\Governor\\South Carolina\nCharles Cotesworth Pinckney: Politics and Government\\Statesman\\Signer of Constitution\nCharles Cotesworth Pinckney: Politics and Government\\Government official\\State Senator\\South Carolina\nCharles Cotesworth Pinckney: Military and Intelligence\\Prisoner of War\nPortrait""}",[1790s],"[United States. Army, 'Earl, James', 'Pinckney, Charles Cotesworth']",[Paintings],"[United States, South Carolina]","[Presidential candidate, Legislators, Congressmen, Government, Diplomacy, Dress accessories, Portraits, Lawyers, Governors, Signer of Constitution, Statesman, Costume, Military and Intelligence, Men, Senators, 'American Revolution (1775-1783)', Public officers, Law and Crime, Politics, Prisoner of War, Diplomats, Minister, Officer]",1,['https://ids.si.edu/ids/deliveryService?id=NPG-NPG_92_122Pinckney-000002'],"https://ids.si.edu/ids/iiif/NPG-NPG_92_122Pinckney-000002/full/250,/0/default.jpg",Charles Cotesworth Pinckney,Unidentified Artist,1796,Men,Government,"[[564, 368, 979, 918]]",https://github.com/nmolnar-parsons/revperiod_portraitfaces/blob/main/Portrait_Faces/Image_137_face_0.jpg?raw=true; 
https://collections.si.edu/search/detail/edanmdm:npg_NPG.91.81,NPG,National Portrait Gallery,John Witherspoon,edanmdm:npg_NPG.91.81,http://n2t.net/ark:/65665/sm4954248bf-8ba6-4d3d-bce9-d0684de78238,https://npg.si.edu/object/npg_NPG.91.81,2025-03-19,"{""Credit Line"": ""National Portrait Gallery, Smithsonian Institution; partial gift of Mrs. Samuel Matthews""}","{""Date"": ""1794""}","{""Object number"": ""NPG.91.81""}","{""Artist"": ""Rembrandt Peale, 22 Feb 1778 - 3 Oct 1860"", ""Copy after"": ""Charles Willson Peale, 15 Apr 1741 - 22 Feb 1827"", ""Sitter"": ""John Witherspoon, 5 Feb 1723 - 15 Nov 1794""}","{""Exhibition Label"": ""Born Gifford, Scotland\nThe Reverend John Witherspoon, president of the College of New Jersey at Princeton (1768\u201394), was the only clergyman to sign the Declaration of Independence. Like other Presbyterian ministers, Witherspoon abhorred violence but reluctantly conceded that revolution was necessary as the last resort against tyranny. In June 1776, as one of New Jersey\u2019s delegates to the Second Continental Congress, Witherspoon rose from his seat in response to another member\u2019s claim that the country was not ready for independence. On the contrary, Witherspoon declared, the country was \u201cnot only ripe for the measure, but in danger of becoming rotten for the want of it.\u201d\nTwelve members of the Continental Congress were former students of Witherspoon. Through his college instruction and preaching, he would continue to have an outsize influence on the country\u2019s future leaders, counting among his pupils a president, a vice-president, twenty-eight U.S. senators, and forty-nine members of the House of Representatives.\nNacido en Gifford, Escocia\nEl reverendo John Witherspoon, presidente del College of New Jersey en Princeton (1768\u201394), fue el \u00fanico cl\u00e9rigo que firm\u00f3 la Declaraci\u00f3n de Independencia. Como otros ministros presbiterianos, Witherspoon aborrec\u00eda la violencia, pero admiti\u00f3, aunque a disgusto, que la revoluci\u00f3n era necesaria como \u00faltimo recurso contra la tiran\u00eda. En junio de 1776, siendo delegado de Nueva Jersey en el Segundo Congreso Continental, Witherspoon se levant\u00f3 de su asiento para contradecir a otro miembro que afirmaba que el pa\u00eds no estaba listo para la independencia. El pa\u00eds, dijo Witherspoon, \u201cno solo est\u00e1 maduro para esta medida, sino en peligro de podrirse a falta de ella\u201d.\nDoce miembros del Congreso Continental eran antiguos estudiantes de Witherspoon. A trav\u00e9s de sus cursos en la universidad y sus pr\u00e9dicas, seguir\u00eda ejerciendo una enorme influencia en los futuros l\u00edderes del pa\u00eds, contando entre sus disc\u00edpulos a un presidente y un vicepresidente, as\u00ed como 28 senadores y 49 representantes."", ""Provenance"": ""Kathryn P. Matthews [Mrs. Samuel Matthews], Bethesda, Md.; purchase/gift 1991 NPG""}","{""Type"": ""Painting""}","{""Medium"": ""Oil on canvas"", ""Dimensions"": ""Stretcher: 76.2 x 64.8 x 3.8cm (30 x 25 1/2 x 1 1/2\"")\nFrame: 83.8 x 71.8 x 5.1cm (33 x 28 1/4 x 2\"")""}",,,"{""Topic"": ""Printed Material\\Book\nArchitecture\\Column\nJohn Witherspoon: Male\nJohn Witherspoon: Religion and Spirituality\\Clergy\nJohn Witherspoon: Politics and Government\\Government official\\Congressman\\Continental congressman\nJohn Witherspoon: Politics and Government\\Statesman\\Colonial statesman\\Signer of Declaration\nJohn Witherspoon: Arts and Culture\\Education and Scholarship\\Administrator\\College administrator\\President\nPortrait""}",[1790s],"['Peale, Charles Willson', 'Witherspoon, John', 'Peale, Rembrandt']",[Paintings],[],"[Legislators, Books and reading, Congressmen, Arts and Culture, Architecture, Government, Portraits, Printed Material, Continental congressman, Colonial statesman, Statesman, Column, Religion and Spirituality, Men, Signer of Declaration, Public officers, Administrators, Politics, Education and Scholarship, College administrator, Clergy, Presidents]",1,['https://ids.si.edu/ids/deliveryService?id=NPG-NPG_91_81Witherspoon_d1'],"https://ids.si.edu/ids/iiif/NPG-NPG_91_81Witherspoon_d1/full/250,/0/default.jpg",John Witherspoon,Rembrandt Peale,1794,Men,Government,"[[642, 326, 1026, 812]]",https://github.com/nmolnar-parsons/revperiod_portraitfaces/blob/main/Portrait_Faces/Image_138_face_0.jpg?raw=true; 
https://collections.si.edu/search/detail/edanmdm:npg_NPG.90.82,NPG,National Portrait Gallery,Francis Asbury,edanmdm:npg_NPG.90.82,http://n2t.net/ark:/65665/sm4be234132-bf04-4d02-be08-8649f179ddf4,https://npg.si.edu/object/npg_NPG.90.82,2024-12-03,"{""Credit Line"": ""National Portrait Gallery, Smithsonian Institution""}","{""Date"": ""1813""}","{""Object number"": ""NPG.90.82""}","{""Artist"": ""John Paradise, 24 Oct 1783 - 26 Sep 1833"", ""Sitter"": ""Francis Asbury, Aug 1745 - 31 Mar 1816""}","{""Provenance"": ""(David Dunton, Woodbury,Conn.); purchased 1990 NPG""}","{""Type"": ""Painting""}","{""Medium"": ""Oil on canvas"", ""Dimensions"": ""76.2cm x 61cm (30\"" x 24\""), Accurate""}",,,"{""Topic"": ""Printed Material\\Book\\Bible\nFrancis Asbury: Male\nFrancis Asbury: Religion and Spirituality\\Founder\\Founder of religious order\nFrancis Asbury: Religion and Spirituality\\Clergy\\Prelate\\Bishop\nPortrait""}",[1810s],"['Paradise, John', 'Asbury, Francis']",[Paintings],[],"[Bishop, Books and reading, Religion and Spirituality, Prelate, Bible, Men, Portraits, Founder, Clergy, Printed Material, Founder of religious order]",1,['https://ids.si.edu/ids/deliveryService?id=NPG-NPG_90_82Asbury-000001'],"https://ids.si.edu/ids/iiif/NPG-NPG_90_82Asbury-000001/full/250,/0/default.jpg",Francis Asbury,John Paradise,1813,Men,Clergy,"[[624, 369, 988, 903]]",https://github.com/nmolnar-parsons/revperiod_portraitfaces/blob/main/Portrait_Faces/Image_139_face_0.jpg?raw=true; 
https://collections.si.edu/search/detail/edanmdm:npg_NPG.89.207,NPG,National Portrait Gallery,Reverend John Carroll,edanmdm:npg_NPG.89.207,http://n2t.net/ark:/65665/sm4416f6f4f-357c-469f-8f67-709b5ca3751c,https://npg.si.edu/object/npg_NPG.89.207,2025-03-13,"{""Credit Line"": ""National Portrait Gallery, Smithsonian Institution; gift of Eleanor Hunt O'Donoghue""}","{""Date"": ""c. 1809""}","{""Object number"": ""NPG.89.207""}","{""Artist"": ""Unidentified Artist"", ""Sitter"": ""Rev. John Carroll, 8 Jan 1735 - 3 Dec 1815""}","{""Provenance"": ""Ann Carroll [Mrs. Robert Brent], sister of sitter; by family descent to Eleanor Hunt O\u2019Donoghue, Arlington, Va.; gift 1989 NPG""}","{""Type"": ""Painting""}","{""Medium"": ""Oil on canvas"", ""Dimensions"": ""82.5cm x 69.8cm (32 1/2\"" x 27 1/2\""), Accurate""}",,,"{""Topic"": ""Home Furnishings\\Furniture\\Seating\\Chair\nPrinted Material\\Document\nInterior\\Interior with Exterior View\nReligious\\Cross\nRev. John Carroll: Male\nRev. John Carroll: Religion and Spirituality\\Clergy\\Prelate\\Bishop\nRev. John Carroll: Religion and Spirituality\\Clergy\\Prelate\\Bishop\\Archbishop\nPortrait""}","[1800s, 1810s]","['Carroll, John']",[Paintings],[],"[Bishop, Interior with Exterior View, Cross, Interior decoration, Religion, Portraits, Home Furnishings, Furnishings, Printed Material, Design, Chairs, Religion and Spirituality, Prelate, Seating, Men, Clergy]",1,['https://ids.si.edu/ids/deliveryService?id=NPG-8900562A_1'],"https://ids.si.edu/ids/iiif/NPG-8900562A_1/full/250,/0/default.jpg",Rev. John Carroll,Unidentified Artist,1809,Men,Clergy,"[[732, 517, 1042, 954]]",https://github.com/nmolnar-parsons/revperiod_portraitfaces/blob/main/Portrait_Faces/Image_140_face_0.jpg?raw=true; 
https://collections.si.edu/search/detail/edanmdm:npg_NPG.89.205,NPG,National Portrait Gallery,Charles Willson Peale Self-Portrait,edanmdm:npg_NPG.89.205,http://n2t.net/ark:/65665/sm49b3a9f49-fb74-4f00-a376-0768a1341410,https://npg.si.edu/object/npg_NPG.89.205,2025-03-19,"{""Credit Line"": ""National Portrait Gallery, Smithsonian Institution; frame conserved with funds from the Smithsonian Women's Committee""}","{""Date"": ""c. 1791""}","{""Object number"": ""NPG.89.205""}","{""Artist"": ""Charles Willson Peale, 15 Apr 1741 - 22 Feb 1827"", ""Sitter"": ""Charles Willson Peale, 15 Apr 1741 - 22 Feb 1827""}","{""Exhibition Label"": ""Born Queen Anne\u2019s County, Maryland\nFollowing artistic training in London, Charles Willson Peale recrossed the Atlantic in 1769 to embark on a successful painting career, chiefly in Maryland and Pennsylvania. He is estimated to have painted over a thousand portraits of the powerful and elite. Many of Peale\u2019s family members became distinguished artists as well.\nIn his mid-forties\u2014seven years before painting this self-portrait\u2014Peale turned his attention to creating the young republic\u2019s first scientifically organized museum. Opened in 1786, Peale\u2019s Philadelphia Museum was intended as a democratic site of education and entertainment, accessible to anyone with the twenty-five-cent admission price. The wide-ranging collections included portraits of famous men, models of new inventions, animals preserved by taxidermy, and fossils. The central attraction, a mastodon skeleton excavated during a scientific expedition directed by Peale, helped prove the existence of prehistoric animals.\nNacido en Queen Anne\u2019s County, Maryland\nTerminada su educaci\u00f3n art\u00edstica en Londres, Charles Willson Peale cruz\u00f3 de nuevo el Atl\u00e1ntico en 1769 para emprender una exitosa carrera de pintor, mayormente en Maryland y Pensilvania. Se estima que pint\u00f3 m\u00e1s de mil retratos de la \u00e9lite y los poderosos. La familia de Peale incluye muchos otros artistas distinguidos.\nA sus cuarenta y tantos a\u00f1os, siete antes de pintar este autorretrato, Peale se dedic\u00f3 a crear el primer museo de la joven rep\u00fablica organizado cient\u00edficamente. Inaugurado en 1786, el Museo de Filadelfia fue creado por Peale como espacio democr\u00e1tico de educaci\u00f3n y entretenimiento, accesible a cualquiera por una entrada de 25 centavos. Las variadas colecciones inclu\u00edan retratos de hombres famosos, modelos de inventos nuevos, animales disecados y f\u00f3siles. La atracci\u00f3n central, el esqueleto de un mastodonte desenterrado en una expedici\u00f3n cient\u00edfica dirigida por Peale, ayud\u00f3 a probar la existencia de los animales prehist\u00f3ricos."", ""Provenance"": ""A. Kenny C. Palmer, New York; purchased June 15, 1937 by Andrew Varick Stout, New York; his daughter Holly Callery, Charlotte, Vt.; (Lapham and Dibble Gallery, Inc., Shoreham, Vt.); purchased 1989 NPG""}","{""Type"": ""Painting""}","{""Medium"": ""Oil on canvas"", ""Dimensions"": ""Frame: 84.8 x 72.1 x 7.3cm (33 3/8 x 28 3/8 x 2 7/8\"")""}",,,"{""Topic"": ""Self-portrait\nCharles Willson Peale: Male\nCharles Willson Peale: Arts and Culture\\Literature\\Writer\nCharles Willson Peale: Arts and Culture\\Visual Arts\\Artist\\Painter\nCharles Willson Peale: Arts and Culture\\Visual Arts\\Artist\\Portraitist\nCharles Willson Peale: Arts and Culture\\Visual Arts\\Founder\\Art museum founder\nCharles Willson Peale: Military and Intelligence\\Militia\\Officer\nCharles Willson Peale: Science and Technology\\Scientist\\Naturalist\nCharles Willson Peale: Politics and Government\\Government official\\State Legislator\\Pennsylvania\nPortrait""}",[1790s],"['Peale, Charles Willson']",[Paintings],"[United States, Pennsylvania]","[Legislators, Art, Arts and Culture, Literature, Painters, Self-portraits, Writers, Government, Portraits, Founder, Art museum founder, Naturalists, Science and Technology, Portraitist, Military and Intelligence, Men, Public officers, Politics, Scientists, Artists, Military, Officer]",1,['https://ids.si.edu/ids/deliveryService?id=NPG-NPG_89_205'],"https://ids.si.edu/ids/iiif/NPG-NPG_89_205/full/250,/0/default.jpg",Charles Willson Peale,Charles Willson Peale,1791,Men,Government,"[[582, 437, 1024, 1117]]",https://github.com/nmolnar-parsons/revperiod_portraitfaces/blob/main/Portrait_Faces/Image_141_face_0.jpg?raw=true; 
https://collections.si.edu/search/detail/edanmdm:npg_NPG.89.11,NPG,National Portrait Gallery,William Wirt,edanmdm:npg_NPG.89.11,http://n2t.net/ark:/65665/sm486e58b3e-9b9a-4157-9ab5-a622b307e404,https://npg.si.edu/object/npg_NPG.89.11,2025-03-19,"{""Credit Line"": ""National Portrait Gallery, Smithsonian Institution""}","{""Date"": ""c. 1809-10""}","{""Object number"": ""NPG.89.11""}","{""Artist"": ""Cephas Thompson, 1 Jul 1775 - 6 Nov 1856"", ""Former attribution"": ""John Vanderlyn, 15 Oct 1775 - 23 Sep 1852"", ""Sitter"": ""William Wirt, 8 Nov 1772 - 18 Feb 1834""}","{""Exhibition Label"": ""Born Bladensburg, Maryland\nWilliam Wirt was a lawyer of uncommon ability, who participated in many of the most important Supreme Court cases of his day. As the longest serving United States attorney general to date (1817\u201329), having served under Presidents James Monroe and John Quincy Adams, he transformed this cabinet position into one of sizable influence.\nWirt had recently completed a term in the Virginia House of Delegates when he and his wife, Elizabeth Wirt, sat for portraits by self-taught Massachusetts artist Cephas Thompson. At the time, Thompson was at the height of his career as an itinerant artist, who traveled in the South. Thompson portrayed Wirt in a draped toga, alluding to ancient Roman sculptures of orators. This may be a reference to Wirt\u2019s skilled verbal arguments as the lead prosecutor in former Vice President Aaron Burr\u2019s 1807 trial for treason in Richmond, Virginia."", ""Provenance"": ""A descendant of sitter\u2019s wife Elizabeth Washington Wirt; (C.G. Sloan & Co., North Bethesda Md., 31 March - 2 April 1989, lot 2524) [as attributed to Vanderlyn]; purchased NPG\nAccording to Sloan\u2019s, owner was a Virginia descendant of Elizabeth Washington Wirt.""}","{""Type"": ""Painting""}","{""Medium"": ""Oil on canvas"", ""Dimensions"": ""Frame: 107 x 90.2 x 8.9cm (42 1/8 x 35 1/2 x 3 1/2\"")""}",,,"{""Topic"": ""William Wirt: Male\nWilliam Wirt: Law and Crime\\Lawyer\nWilliam Wirt: Politics and Government\\Government official\\Cabinet member\\US Attorney General\nWilliam Wirt: Politics and Government\\Government official\\State Legislator\\Virginia\nWilliam Wirt: Arts and Culture\\Literature\\Writer\nWilliam Wirt: Politics and Government\\Presidential candidate\nPortrait""}","[1800s, 1810s]","['Wirt, William', 'Vanderlyn, John', 'Thompson, Cephas']",[Paintings],"[United States, Virginia]","[US Attorney General, Presidential candidate, Legislators, Cabinet member, Arts and Culture, Literature, Writers, Government, Portraits, Lawyers, Men, Public officers, Law and Crime, Politics]",1,['https://ids.si.edu/ids/deliveryService?id=NPG-NPG_89_11'],"https://ids.si.edu/ids/iiif/NPG-NPG_89_11/full/250,/0/default.jpg",William Wirt,Cephas Thompson,1809,Men,Government,"[[690, 373, 1057, 934]]",https://github.com/nmolnar-parsons/revperiod_portraitfaces/blob/main/Portrait_Faces/Image_142_face_0.jpg?raw=true; 
https://collections.si.edu/search/detail/edanmdm:npg_NPG.87.43,NPG,National Portrait Gallery,Benjamin Franklin,edanmdm:npg_NPG.87.43,http://n2t.net/ark:/65665/sm4d9394e57-5d44-41de-917a-23f027962a1e,https://npg.si.edu/object/npg_NPG.87.43,2025-03-19,"{""Credit Line"": ""National Portrait Gallery, Smithsonian Institution; gift of the Morris and Gwendolyn Cafritz Foundation""}","{""Date"": ""c. 1785""}","{""Object number"": ""NPG.87.43""}","{""Artist"": ""Joseph Siffred Duplessis, 22 Sep 1725 - 1 Apr 1802"", ""Sitter"": ""Benjamin Franklin, 17 Jan 1706 - 17 Apr 1790""}","{""Exhibition Label"": ""Born Boston, Massachusetts\nDuring his time, Benjamin Franklin was the most famous American in the world. He remains highly visible today as the face on the $100 bill; this portrait was selected as the basis for that engraving in 1995.\nFranklin represented colonial interests in England from 1757 to 1775. Upon his return, he was unanimously elected to represent Pennsylvania at the Second Continental Congress. Behind him was a lifetime of achievement as a printer, an unsurpassed author of wit and wisdom, an inventor, and a scientist. Ahead were his roles as a signer of the Declaration of Independence and a member of the Constitutional Convention. In between was his triumph as a diplomat in France (1776\u201385), where this portrait was commissioned by Madame Brillon de Jouy. In a letter, she praised Franklin for his sound moral teaching and lively imagination but found his \u201cdroll roguishness\u201d most endearing.\nNacido en Boston, Massachusetts\nEn su \u00e9poca, Benjamin Franklin fue el estadounidense m\u00e1s famoso del mundo. Hoy todav\u00eda est\u00e1 muy presente con su imagen en los billetes de $100, y fue este retrato el que se us\u00f3 como base para ese grabado en 1995.\nFranklin represent\u00f3 los intereses de la colonia en Inglaterra entre 1757 y 1775. A su regreso fue elegido un\u00e1nimemente para representar a Pensilvania en el Segundo Congreso Continental. Ten\u00eda tras de s\u00ed una vida de logros como impresor, autor de ingenio y sabidur\u00eda sin par, inventor y cient\u00edfico. M\u00e1s tarde ser\u00eda uno de los firmantes de la Declaraci\u00f3n de Independencia y miembro de la Convenci\u00f3n Constitucional. Mientras tanto, triunf\u00f3 como diplom\u00e1tico en Francia (1776\u201385), donde Madame Brillon de Jouy encarg\u00f3 este retrato. En una carta, ella elogi\u00f3 a Franklin por sus sensatos consejos morales y su viva imaginaci\u00f3n, si bien por otro lado habla encantada de su \u201cgraciosa picard\u00eda\u201d."", ""Provenance"": ""Sitter; gift to Anne Louise Boyvin d'Hardancourt, Mme. Brillon de Jouy [1744-1824]. Her descendant Gilles de Carpentier, Toulouse; sold through (Meredith Frapier, Paris) to NPG 1987""}","{""Type"": ""Painting""}","{""Medium"": ""Oil on canvas"", ""Dimensions"": ""Stretcher: 72.4 x 59.7 x 3.8cm (28 1/2 x 23 1/2 x 1 1/2\"")\nFrame: 92.7 x 80 x 8.3cm (36 1/2 x 31 1/2 x 3 1/4\"")""}","{""Place"": ""France\\\u00cele-de-France\\Ville de Paris, D\u00e9partment de\\Paris""}",,"{""Topic"": ""Home Furnishings\\Furniture\\Seating\\Chair\nBenjamin Franklin: Male\nBenjamin Franklin: Arts and Culture\\Literature\\Writer\nBenjamin Franklin: Politics and Government\\Statesman\\Colonial statesman\nBenjamin Franklin: Politics and Government\\Government official\\Congressman\\Continental congressman\nBenjamin Franklin: Politics and Government\\Statesman\\Colonial statesman\\Signer of Declaration\nBenjamin Franklin: Science and Technology\\Scientist\nBenjamin Franklin: Politics and Government\\Diplomat\nBenjamin Franklin: Social Welfare and Reform\\Philanthropist\nBenjamin Franklin: Science and Technology\\Inventor\nBenjamin Franklin: Business and Finance\\Tradesman\\Printer\nBenjamin Franklin: Politics and Government\\Government official\\Postmaster\nPortrait""}","[1780s, 1790s]","['Duplessis, Joseph Siffred', 'Franklin, Benjamin']",[Paintings],"[Europe, Île-de-France, 'Ville de Paris, Départment de', France]","[Social Welfare and Reform, Business and Finance, Legislators, Arts and Culture, Writers, Home Furnishings, Printer, Colonial statesman, Statesman, Chairs, Seating, Signer of Declaration, Public officers, Diplomats, Literature, Congressmen, Government, Diplomacy, Portraits, Tradesman, Furnishings, Continental congressman, Science and Technology, Inventors, Men, Philanthropists, Politics, Scientists, Postmasters]",1,['https://ids.si.edu/ids/deliveryService?id=NPG-NPG_87_43'],"https://ids.si.edu/ids/iiif/NPG-NPG_87_43/full/250,/0/default.jpg",Benjamin Franklin,Joseph Siffred Duplessis,1785,Men,Government,"[[588, 318, 986, 914]]",https://github.com/nmolnar-parsons/revperiod_portraitfaces/blob/main/Portrait_Faces/Image_143_face_0.jpg?raw=true; 
https://collections.si.edu/search/detail/edanmdm:npg_NPG.87.244,NPG,National Portrait Gallery,David Wiley,edanmdm:npg_NPG.87.244,http://n2t.net/ark:/65665/sm46f0d46f5-dd9a-4784-9b25-e5e50f44a980,https://npg.si.edu/object/npg_NPG.87.244,2025-03-19,"{""Credit Line"": ""National Portrait Gallery, Smithsonian Institution""}","{""Date"": ""c. 1801""}","{""Object number"": ""NPG.87.244""}","{""Artist"": ""Charles Peale Polk, 17 Mar 1767 - 6 May 1822"", ""Sitter"": ""David Wiley, c. 1768 - c. 1813""}","{""Provenance"": ""(Schwarz Gallery, Philadelphia); purchased 1987 NPG""}","{""Type"": ""Painting""}","{""Medium"": ""Oil on canvas"", ""Dimensions"": ""Sight: 90.2 x 64.8cm (35 1/2 x 25 1/2\"")\nFrame: 111.8 x 83.8 x 8.9cm (44 x 33 x 3 1/2\"")""}",,,"{""Topic"": ""Home Furnishings\\Furniture\\Seating\\Chair\nHome Furnishings\\Drape\nEquipment\\Scientific apparatus\nDavid Wiley: Male\nDavid Wiley: Arts and Culture\\Education and Scholarship\\Educator\\Teacher\nDavid Wiley: Business and Finance\\Businessperson\\Merchant\nDavid Wiley: Science and Technology\\Surveyor\nDavid Wiley: Religion and Spirituality\\Clergy\\Minister\nDavid Wiley: Arts and Culture\\Education and Scholarship\\Educator\\Librarian\nDavid Wiley: Arts and Culture\\Literature\\Editor\\Journal\nPortrait""}","[1800s, 1790s]","['Polk, Charles Peale', 'Wiley, David']",[Paintings],[],"[Business and Finance, Merchants, Arts and Culture, Literature, Businessperson, Portraits, Home Furnishings, Educators, Furnishings, Science and Technology, Scientific apparatus, Chairs, Surveyors, Religion and Spirituality, Seating, Editors, Men, Education and Scholarship, Drape, Librarian, Clergy, Minister]",1,['https://ids.si.edu/ids/deliveryService?id=NPG-NPG_87_244Wiley-000001'],"https://ids.si.edu/ids/iiif/NPG-NPG_87_244Wiley-000001/full/250,/0/default.jpg",David Wiley,Charles Peale Polk,1801,Men,Clergy,"[[656, 291, 937, 701]]",https://github.com/nmolnar-parsons/revperiod_portraitfaces/blob/main/Portrait_Faces/Image_144_face_0.jpg?raw=true; 
https://collections.si.edu/search/detail/edanmdm:npg_NPG.86.212,NPG,National Portrait Gallery,Rubens Peale,edanmdm:npg_NPG.86.212,http://n2t.net/ark:/65665/sm4e7ae45c4-56aa-4c57-82f9-0d524c6c3fdc,https://npg.si.edu/object/npg_NPG.86.212,2025-03-19,"{""Credit Line"": ""National Portrait Gallery, Smithsonian Institution; partial gift of Mrs. James Burd Peale Green""}","{""Date"": ""1807""}","{""Object number"": ""NPG.86.212""}","{""Artist"": ""Rembrandt Peale, 22 Feb 1778 - 3 Oct 1860"", ""Sitter"": ""Rubens Peale, 1784 - 1865""}","{""Exhibition Label"": ""Born Philadelphia, Pennsylvania\nThe artist and naturalist Charles Willson Peale named many of his children after painters and scientists, and Rubens Peale held the namesake of seventeenth-century Flemish painter Peter Paul Rubens. Unlike his older brothers, Raphaelle and Rembrandt, Rubens did not become an artist but followed the family\u2019s other business: operating museums of art and science. When his father retired, he became manager of the family\u2019s famous Philadelphia Museum, which included paintings of famous men from the Revolutionary War and the early republican period, as well as natural history specimens from across North America. In 1825, Rubens Peale established his own Peale Museum in New York City, and for a brief time, he also managed the museum that his older brother Rembrandt had established in Baltimore.\nThis portrait, by Rembrandt Peale, emphasizes Rubens Peale\u2019s eyeglasses (he was extremely nearsighted), as does his famous painting of 1801, Rubens Peale with a Geranium, which is in the collection of the National Gallery of Art."", ""Provenance"": ""Mary G. [Mrs. James] Green, Rego Park, N.Y.; purchase NPG 1986""}","{""Type"": ""Painting""}","{""Medium"": ""Oil on canvas"", ""Dimensions"": ""Stretcher: 66.7 x 54.6cm (26 1/4 x 21 1/2\"")\nFrame: 82.9 x 70.5 x 5.1cm (32 5/8 x 27 3/4 x 2\"")""}",,,"{""Topic"": ""Home Furnishings\\Furniture\\Seating\\Chair\nCostume\\Dress Accessory\\Eyeglasses\nRubens Peale: Male\nRubens Peale: Arts and Culture\\Visual Arts\\Visual arts administrator\\Art museum administrator\nRubens Peale: Science and Technology\\Scientist\\Biologist\\Botanist\nRubens Peale: Arts and Culture\\Visual Arts\\Artist\\Painter\nRubens Peale: Science and Technology\\Scientist\\Naturalist\nPortrait""}",[1800s],"['Peale, Rubens', 'Peale, Rembrandt']",[Paintings],[],"[Art, Arts and Culture, Painters, Visual arts administrator, Dress accessories, Portraits, Home Furnishings, Art museum administrator, Biology, Botanist, Eyeglasses, Furnishings, Naturalists, Science and Technology, Chairs, Seating, Costume, Men, Scientists, Artists]",1,['https://ids.si.edu/ids/deliveryService?id=NPG-8600424A_2'],"https://ids.si.edu/ids/iiif/NPG-8600424A_2/full/250,/0/default.jpg",Rubens Peale,Rembrandt Peale,1807,Men,Art ,"[[524, 436, 890, 999]]",https://github.com/nmolnar-parsons/revperiod_portraitfaces/blob/main/Portrait_Faces/Image_145_face_0.jpg?raw=true; 
https://collections.si.edu/search/detail/edanmdm:npg_NPG.86.168,NPG,National Portrait Gallery,Patience Lovell Wright,edanmdm:npg_NPG.86.168,http://n2t.net/ark:/65665/sm412cd6737-f8ca-4b70-be37-8afd4548ac6d,https://npg.si.edu/object/npg_NPG.86.168,2025-03-19,"{""Credit Line"": ""National Portrait Gallery, Smithsonian Institution""}","{""Date"": ""c. 1782""}","{""Object number"": ""NPG.86.168""}","{""Attribution"": ""Robert Edge Pine, c. 1730 - 1788"", ""Former attribution"": ""John Hoppner, 1758 - 1810"", ""Sitter"": ""Patience Lovell Wright, 1725 - 23 Mar 1786""}","{""Exhibition Label"": ""Born Oyster Bay, New York\nOne of the colonial period\u2019s first professional sculptors, Patience Wright modeled portraits of famous people in tinted wax, exhibiting them with success in Philadelphia and New York City. Making sculptures began as a hobby, but following her husband\u2019s death in 1769, Wright embarked on a professional career to support her five children. After a fire destroyed most of her work, she relocated to England in 1772. Well-connected members of society flocked to her studio, and her exhibitions attracted enthusiastic admirers, including King George III.\nAs tensions with the colonies intensified during the spring of 1775, Wright offered to send intelligence back home, observing, \u201cWomen are always useful in grand Events.\u201d She fundraised for American prisoners of war and hosted pro-revolutionary meetings in her studio. Robert Edge Pine, an English artist sympathetic to the colonial cause, is believed to have painted this portrait shortly before immigrating to the United States.\nNacida en Oyster Bay, Nueva York\nUna de las primeras escultoras profesionales de la \u00e9poca colonial, Patience Wright model\u00f3 retratos de personalidades en cera te\u00f1ida y los expuso con \u00e9xito en Filadelfia y Nueva York. Se inici\u00f3 en la escultura como pasatiempo, pero al morir su esposo en 1769 emprendi\u00f3 una carrera profesional para mantener a sus cinco hijos. Tras un fuego que destruy\u00f3 casi todas sus obras, se radic\u00f3 en Inglaterra en 1772. Muchos miembros de la alta sociedad acud\u00edan a su estudio y sus exposiciones atra\u00edan admiradores entusiastas, incluido el rey Jorge III.\nEn la primavera de 1775, mientras escalaban las tensiones con las colonias, Wright se ofreci\u00f3 a enviar informaci\u00f3n secreta a Am\u00e9rica, observando que \u201clas mujeres siempre son \u00fatiles en los grandes eventos\u201d. Recaud\u00f3 dinero para los prisioneros de guerra americanos y organiz\u00f3 reuniones en pro de la revoluci\u00f3n en su taller. Se dice que Robert Edge Pine, artista ingl\u00e9s simpatizante de la causa de las colonias, pint\u00f3 este retrato poco antes de inmigrar a Estados Unidos."", ""Provenance"": ""Kelly, Donald, 1956: Kelly, of Boston, purchased portrait in an antique shop John Brown (1774-1832)* of Philadelphia, sold by Parke- Bernet, lot 194; Sold by Mrs. George Croft through C.P. Vosburgh to William Jacobs, (Jacobs owned painting in 1935 when Hoppner attribution was given it by C.C. Cunningham, Director, Boston Museum); Sold Parke-Bernet Jan 26, 1946** as from collection of John Brown; Supposedly owned by John Hoppner until 1810. *Probably John Coats Browne, Pres. Kensington Bank, Philadelphia. **Also listed as sold on Jan 16, 1945, (see manual file)\nPurchase\nOn loan to NPG from private collection for exhibition \""Return to Albion\"" prior to NPG ownership.""}","{""Type"": ""Painting""}","{""Medium"": ""Oil on canvas"", ""Dimensions"": ""Sight: 125.7 x 100.2cm (49 1/2 x 39 7/16\"")\nFrame: 147 x 121 x 7.9cm (57 7/8 x 47 5/8 x 3 1/8\"")""}",,,"{""Topic"": ""Patience Lovell Wright: Female\nPatience Lovell Wright: Arts and Culture\\Visual Arts\\Artist\\Sculptor\nPatience Lovell Wright: Military and Intelligence\\Intelligence agent\\Spy\nPatience Lovell Wright: Arts and Culture\\Visual Arts\\Artist\\Sculptor\\Wax modeler\nPortrait""}",[1780s],"['Wright, Patience Lovell', 'Hoppner, John', 'Pine, Robert Edge']",[Paintings],[],"[Women, Art, Intelligence agent, Arts and Culture, Military and Intelligence, Portraits, Sculptors, Wax modeler, Artists, Spy]",1,['https://ids.si.edu/ids/deliveryService?id=NPG-8600336A_1'],"https://ids.si.edu/ids/iiif/NPG-8600336A_1/full/250,/0/default.jpg",Patience Lovell Wright,Robert Edge Pine,1782,Women,Military,"[[740, 535, 944, 810]]",https://github.com/nmolnar-parsons/revperiod_portraitfaces/blob/main/Portrait_Faces/Image_146_face_0.jpg?raw=true; 
https://collections.si.edu/search/detail/edanmdm:npg_NPG.84.179,NPG,National Portrait Gallery,John Sergeant,edanmdm:npg_NPG.84.179,http://n2t.net/ark:/65665/sm4620648b9-2ce4-4627-9d80-ed6752ecba90,https://npg.si.edu/object/npg_NPG.84.179,2024-12-03,"{""Credit Line"": ""National Portrait Gallery, Smithsonian Institution; gift of Mrs. Craig Wylie""}","{""Date"": ""1811""}","{""Object number"": ""NPG.84.179""}","{""Artist"": ""Thomas Sully, 19 Jun 1783 - 5 Nov 1872"", ""Sitter"": ""John Sergeant, 5 Dec 1779 - 25 Nov 1852""}","{""Provenance"": ""Angela Wylie [Mrs. Craig Wylie] Cambridge, Mass.; gift 1984 to NPG""}","{""Type"": ""Painting""}","{""Medium"": ""Oil on canvas"", ""Dimensions"": ""82.5cm x 66cm (32 1/2\"" x 26\""), Accurate""}",,,"{""Topic"": ""Home Furnishings\\Furniture\\Seating\\Chair\nPrinted Material\\Papers\\Letter\nJohn Sergeant: Male\nJohn Sergeant: Law and Crime\\Lawyer\nJohn Sergeant: Politics and Government\\Government official\\US Congressman\\Pennsylvania\nJohn Sergeant: Politics and Government\\Government official\\State Legislator\\Pennsylvania\nJohn Sergeant: Politics and Government\\Vice-Presidential Candidate\nPortrait""}",[1810s],"['Sully, Thomas', 'Sergeant, John']",[Paintings],"[United States, Pennsylvania]","[Legislators, Congressmen, Vice-Presidential Candidate, Government, Letters, Papers, Portraits, Home Furnishings, Lawyers, Furnishings, Printed Material, Chairs, Seating, Men, Public officers, Law and Crime, Politics]",1,['https://ids.si.edu/ids/deliveryService?id=NPG-8400358A_1'],"https://ids.si.edu/ids/iiif/NPG-8400358A_1/full/250,/0/default.jpg",John Sergeant,Thomas Sully,1811,Men,President,"[[622, 449, 949, 879]]",https://github.com/nmolnar-parsons/revperiod_portraitfaces/blob/main/Portrait_Faces/Image_147_face_0.jpg?raw=true; 
https://collections.si.edu/search/detail/edanmdm:npg_NPG.84.172,NPG,National Portrait Gallery,George Clinton,edanmdm:npg_NPG.84.172,http://n2t.net/ark:/65665/sm4c5806086-3eda-40f2-8177-89a88657bc09,https://npg.si.edu/object/npg_NPG.84.172,2025-03-13,"{""Credit Line"": ""National Portrait Gallery, Smithsonian Institution; gift of Charles N. Andreae""}","{""Date"": ""c. 1806""}","{""Object number"": ""NPG.84.172""}","{""Attribution"": ""James Sharples, Jr., c. 1788 - 1839"", ""Other attribution"": ""Felix Thomas Sharples, c. 1786 - 1835?"", ""Former attribution"": ""James Sharples, c. 1751 - 1811"", ""Sitter"": ""George Clinton, 26 Jul 1739 - 20 Apr 1812""}",,"{""Type"": ""Painting""}","{""Medium"": ""Pastel on paper"", ""Dimensions"": ""30.5cm x 25.4cm (12\"" x 10\""), Accurate""}",,,"{""Topic"": ""Home Furnishings\\Furniture\\Seating\\Chair\nInterior\\Interior with Exterior View\nPrinted Material\\Papers\nHome Furnishings\\Drape\nGeorge Clinton: Male\nGeorge Clinton: Military and Intelligence\\Army\\Officer\\Revolutionary War\nGeorge Clinton: Politics and Government\\Government official\\Congressman\\Continental congressman\nGeorge Clinton: Politics and Government\\Vice-President of US\nGeorge Clinton: Politics and Government\\Government official\\Governor\\New York\nGeorge Clinton: Military and Intelligence\\Army\\Officer\\Brigadier General\nPortrait""}","[1800s, 1810s]","[United States. Army, 'Sharples, Felix Thomas', 'Sharples, James', 'Clinton, George']",[Paintings],"[New York, United States]","[Legislators, Interior with Exterior View, Congressmen, Government, Interior decoration, Papers, Portraits, Home Furnishings, Governors, Furnishings, Printed Material, Continental congressman, Design, Brigadier General, Chairs, Seating, Military and Intelligence, Men, 'American Revolution (1775-1783)', Public officers, Politics, Drape, Vice-Presidents, Officer]",1,['https://ids.si.edu/ids/deliveryService?id=NPG-NPG_84_172'],"https://ids.si.edu/ids/iiif/NPG-NPG_84_172/full/250,/0/default.jpg",George Clinton,James Sharples,1806,Men,Government,"[[695, 344, 977, 752]]",https://github.com/nmolnar-parsons/revperiod_portraitfaces/blob/main/Portrait_Faces/Image_148_face_0.jpg?raw=true; 
https://collections.si.edu/search/detail/edanmdm:npg_NPG.84.171,NPG,National Portrait Gallery,Samuel Seabury,edanmdm:npg_NPG.84.171,http://n2t.net/ark:/65665/sm447ae13dd-ef8a-47d1-b6d0-3cbfb966bf52,https://npg.si.edu/object/npg_NPG.84.171,2024-12-03,"{""Credit Line"": ""National Portrait Gallery, Smithsonian Institution; bequest of Lispenard Seabury Crocker""}","{""Date"": ""1785""}","{""Object number"": ""NPG.84.171""}","{""Artist"": ""Ralph Earl, 11 May 1751 - 16 Aug 1801"", ""Sitter"": ""Samuel Seabury, 30 Nov 1729 - 25 Feb 1796""}","{""Provenance"": ""The sitter; his son Rev. Charles Seabury; his son Rev. Samuel Seabury; his daughter Lydia Seabury Bell; her son Samuel Seabury bell; his niece Lydia Slade Wilson; purchased in 1940 by her first cousin once removed Lispenard Seabury Crocker [Mrs. Edward S. Crocker], New York, descendant; bequest to NPG 1984""}","{""Type"": ""Painting""}","{""Medium"": ""Oil on canvas"", ""Dimensions"": ""Stretcher: 91.4 x 71.1 x 2.5cm (36 x 28 x 1\"")\nFrame: 109.2 x 90.2 x 8.9cm (43 x 35 1/2 x 3 1/2\"")""}",,,"{""Topic"": ""Printed Material\\Book\nSamuel Seabury: Male\nSamuel Seabury: Religion and Spirituality\\Clergy\\Prelate\\Bishop\nPortrait""}",[1780s],"['Earl, Ralph', 'Seabury, Samuel']",[Paintings],[],"[Bishop, Books and reading, Religion and Spirituality, Prelate, Men, Portraits, Clergy, Printed Material]",1,['https://ids.si.edu/ids/deliveryService?id=NPG-NPG_84_171'],"https://ids.si.edu/ids/iiif/NPG-NPG_84_171/full/250,/0/default.jpg",Samuel Seabury,Ralph Earl,1785,Men,Clergy,"[[491, 329, 810, 764]]",https://github.com/nmolnar-parsons/revperiod_portraitfaces/blob/main/Portrait_Faces/Image_149_face_0.jpg?raw=true; 
https://collections.si.edu/search/detail/edanmdm:npg_NPG.83.31,NPG,National Portrait Gallery,Arthur St. Claire,edanmdm:npg_NPG.83.31,http://n2t.net/ark:/65665/sm4e22decad-3fb5-46fb-b576-1280d4c34f0a,https://npg.si.edu/object/npg_NPG.83.31,2025-03-13,"{""Credit Line"": ""National Portrait Gallery, Smithsonian Institution; gift of Mr. and Mrs. Arthur St. Clair Johnson Conserved with funds from the Smithsonian Women's Committee""}","{""Date"": ""c. 1795""}","{""Object number"": ""NPG.83.31""}","{""Attribution"": ""Jean Pierre Henri Elouis, 1755 - c. 1843"", ""Sitter"": ""Arthur St. Clair, 23 Mar 1737 - 31 Aug 1818""}","{""Provenance"": ""Arthur St. Clair Johnson and his wife Helen May Marcy Johnson [Mrs. Arthur St. Clair Johnson], San Diego; gift 1983 to NPG\nThe genealogy provided by the donor: The sitter; his daughter Louis St. Clair [Mrs. Samuel Robb]; their daughter Margaret Balfour Robb [Mrs. William T. Baldridge]; their daughter Mary Elizabeth Baldridge [Mrs. James H. Lane]; their daughter Anne Lane [Mrs. Amos D. Johnson]; their son Arthur St. Clair Johnson""}","{""Type"": ""Painting""}","{""Medium"": ""Watercolor on ivory"", ""Dimensions"": ""7cm x 5.4cm (2 3/4\"" x 2 1/8\""), Accurate""}",,,"{""Topic"": ""Costume\\Dress Accessory\\Epaulet\nMiniature\nArthur St. Clair: Male\nArthur St. Clair: Military and Intelligence\\Soldier\nPortrait""}",[1790s],"['Elouis, Jean Pierre Henri', 'St Clair, Arthur']","[Miniatures, Paintings]",[],"[Soldiers, Costume, Military and Intelligence, Men, Dress accessories, Portraits]",1,['https://ids.si.edu/ids/deliveryService?id=NPG-NPG_83_31StClaire-000001'],"https://ids.si.edu/ids/iiif/NPG-NPG_83_31StClaire-000001/full/250,/0/default.jpg",Arthur St. Clair,Jean Pierre Henri Elouis,1795,Men,Military,"[[544, 427, 976, 1049]]",https://github.com/nmolnar-parsons/revperiod_portraitfaces/blob/main/Portrait_Faces/Image_150_face_0.jpg?raw=true; 
https://collections.si.edu/search/detail/edanmdm:npg_NPG.83.249,NPG,National Portrait Gallery,Joel Barlow,edanmdm:npg_NPG.83.249,http://n2t.net/ark:/65665/sm439292f6b-7c4c-43fa-a0cf-5487129710e1,https://npg.si.edu/object/npg_NPG.83.249,2025-03-19,"{""Credit Line"": ""National Portrait Gallery, Smithsonian Institution; partial gift of Audrey Barlow Orndorff""}","{""Date"": ""1805""}","{""Object number"": ""NPG.83.249""}","{""Artist"": ""Robert Fulton, 14 Nov 1765 - 25 Feb 1815"", ""Sitter"": ""Joel Barlow, 24 Mar 1754 - 26 Dec 1812""}","{""Provenance"": ""Samuel L. M. Barlow [1892-1982]; his daughter Audrey Barlow [Mrs. W. Ridgely Orndorff], West Palm Beach; purchased 1983 NPG\nAccording to the Frick Art Reference Library it was originally owned by Montgomery Livingston; purchased from his estate by J. Thurston Livingston; given to Adams Express Co.; gift to Samuel L.M. Barlow. Information from a paper attached to back.""}","{""Type"": ""Painting""}","{""Medium"": ""Oil on panel"", ""Dimensions"": ""38.7cm x 32.3cm (15 1/4\"" x 12 11/16\""), Accurate""}",,,"{""Topic"": ""Joel Barlow: Male\nJoel Barlow: Law and Crime\\Lawyer\nJoel Barlow: Arts and Culture\\Literature\\Writer\nJoel Barlow: Arts and Culture\\Literature\\Writer\\Poet\nJoel Barlow: Arts and Culture\\Journalism and Media\\Journalist\nJoel Barlow: Politics and Government\\Diplomat\\Minister\nPortrait""}",[1800s],"['Fulton, Robert', 'Barlow, Joel']",[Paintings],[],"[Arts and Culture, Literature, Writers, Government, Diplomacy, Portraits, Lawyers, Men, Journalism, Law and Crime, Politics, Diplomats, Journalism and Media, Poets, Minister]",1,['https://ids.si.edu/ids/deliveryService?id=NPG-NPG_83_249'],"https://ids.si.edu/ids/iiif/NPG-NPG_83_249/full/250,/0/default.jpg",Joel Barlow,Robert Fulton,1805,Men,Government,"[[367, 237, 1004, 1170]]",https://github.com/nmolnar-parsons/revperiod_portraitfaces/blob/main/Portrait_Faces/Image_151_face_0.jpg?raw=true; 
https://collections.si.edu/search/detail/edanmdm:npg_NPG.81.120,NPG,National Portrait Gallery,Juliana Westray Wood,edanmdm:npg_NPG.81.120,http://n2t.net/ark:/65665/sm4ff1e99f5-081c-4a7a-8e08-4d3a4ffb6503,https://npg.si.edu/object/npg_NPG.81.120,2025-03-19,"{""Credit Line"": ""National Portrait Gallery, Smithsonian Institution; frame conserved with funds from the Smithsonian Women's Committee""}","{""Date"": ""c. 1811""}","{""Object number"": ""NPG.81.120""}","{""Artist"": ""Rembrandt Peale, 22 Feb 1778 - 3 Oct 1860"", ""Sitter"": ""Juliana Westray Wood, 1778 - 1838""}","{""Exhibition Label"": ""Born England\nBorn in England, Juliana Westray made her dramatic debut in Boston in 1797. In 1803, she joined the Philadelphia company of actor, director, and theater manager William Burke Wood, whom she married in 1804. At that time, stage performers\u2014and particularly women\u2014were viewed as morally suspect and fair game for insult. While playing Shakespeare\u2019s Juliet in Philadelphia in the summer of 1811, Wood was struck by a musket ball thrown from an upper box. In 1816, while attending church services in Baltimore, she was denounced from the pulpit for portraying the heroine in what the minister considered a \u201cshameful production.\u201d\nThis glamorous painting belies those sordid realities. Moreover, when an engraving of the portrait appeared in The Mirror of Taste, and Dramatic Censor in March 1811, Wood was praised as \u201ca lady whose public talents and private virtues have raised her to a very high rank in public estimation.\u201d\nNacida en Inglaterra\nJuliana Westray hizo su debut dram\u00e1tico en Boston en 1797. En 1803 se uni\u00f3 en Filadelfia a la compa\u00f1\u00eda del actor, director y gerente teatral William Burke Wood, con quien se cas\u00f3 en 1804. Para esa \u00e9poca, a los artistas de teatro, sobre todo las mujeres, se les consideraba de moral dudosa y eran blanco de insultos. Mientras interpretaba a la Julieta de Shakespeare en Filadelfia en el verano de 1811, Wood fue alcanzada por una bala de mosquete lanzada desde un palco. En 1816, en una iglesia de Baltimore, se le censur\u00f3 desde el p\u00falpito por interpretar a la hero\u00edna en lo que el pastor consideraba una \u201cproducci\u00f3n vergonzosa\u201d.\nEsta glamorosa pintura oculta aquellas realidades s\u00f3rdidas. Asimismo, cuando se public\u00f3 un grabado del retrato en The Mirror of Taste, and Dramatic Censor en marzo de 1811, Wood fue elogiada como \u201cuna dama cuyos talentos p\u00fablicos y virtudes privadas la han elevado muy alto en la estima p\u00fablica\u201d."", ""Provenance"": ""Eleanor Crosby Williams, Maryland, great-great-granddaughter of sitter; purchased by \u201cthe Bixbys\u201d [Mrs. W. H. Bixby [Mrs. Stella F. Bixby], St. Louis; (Art Associates, New York); purchased 1981 NPG""}","{""Type"": ""Painting""}","{""Medium"": ""Oil on canvas"", ""Dimensions"": ""Frame: 103.8 x 90.8 x 10.8cm (40 7/8 x 35 3/4 x 4 1/4\"")""}",,,"{""Topic"": ""Exterior\nNature & Environment\\Plant\\Tree\nHome Furnishings\\Drape\nArchitecture\\Column\nJuliana Westray Wood: Female\nJuliana Westray Wood: Arts and Culture\\Performing Arts\\Actor\nPortrait""}",[1810s],"['Wood, Juliana Westray', 'Peale, Rembrandt']","[Paintings, Exterior views]",[],"[Nature, Trees, Women, Arts and Culture, Architecture, Portraits, Ecology, Home Furnishings, Plants, Column, Actors and actresses, Drape, Entertainers]",1,['https://ids.si.edu/ids/deliveryService?id=NPG-NPG_81_120Wood_d1'],"https://ids.si.edu/ids/iiif/NPG-NPG_81_120Wood_d1/full/250,/0/default.jpg",Juliana Westray Wood,Rembrandt Peale,1811,Women,Civilian,"[[687, 467, 1026, 930]]",https://github.com/nmolnar-parsons/revperiod_portraitfaces/blob/main/Portrait_Faces/Image_152_face_0.jpg?raw=true; 
https://collections.si.edu/search/detail/edanmdm:npg_NPG.81.117,NPG,National Portrait Gallery,Henry Cruger,edanmdm:npg_NPG.81.117,http://n2t.net/ark:/65665/sm4ffa569c0-1a0e-4d73-bdc2-566dc89d775b,https://npg.si.edu/object/npg_NPG.81.117,2025-03-19,"{""Credit Line"": ""National Portrait Gallery, Smithsonian Institution Conserved with funds from the Smithsonian Women's Committee""}","{""Date"": ""1770""}","{""Object number"": ""NPG.81.117""}","{""Attribution"": ""Luke Sullivan, 1705 - 1771"", ""Sitter"": ""Henry Cruger, 22 Nov 1739 - 24 Apr 1827""}","{""Provenance"": ""Susan Milliken [Mrs. Peter Milliken], New York; purchased 1981 NPG""}","{""Type"": ""Painting""}","{""Medium"": ""Watercolor on ivory"", ""Dimensions"": ""2.8cm x 2.5cm (1 1/8\"" x 1\""), Accurate""}",,,"{""Topic"": ""Miniature\nHenry Cruger: Male\nHenry Cruger: Business and Finance\\Businessperson\\Merchant\nHenry Cruger: Politics and Government\\Government official\\State Senator\\New York\nHenry Cruger: Politics and Government\\British government official\nHenry Cruger: Politics and Government\\Parliamentarian\nHenry Cruger: Politics and Government\\Government official\\Public official\\Mayor\\Bristol, England\nPortrait""}",[1770s],"['Cruger, Henry', 'Sullivan, Luke']","[Miniatures, Paintings]","[New York, United States]","[Business and Finance, Legislators, Merchants, Businessperson, Government, Parliamentarian, Portraits, 'Bristol, England', Public official, Men, Senators, Public officers, Politics, British government official, Mayors]",1,['https://ids.si.edu/ids/deliveryService?id=NPG-NPG_81_117Cruger-000001'],"https://ids.si.edu/ids/iiif/NPG-NPG_81_117Cruger-000001/full/250,/0/default.jpg",Henry Cruger,Luke Sullivan,1770,Men,Government,"[[633, 328, 1049, 971]]",https://github.com/nmolnar-parsons/revperiod_portraitfaces/blob/main/Portrait_Faces/Image_153_face_0.jpg?raw=true; 
https://collections.si.edu/search/detail/edanmdm:npg_NPG.80.208,NPG,National Portrait Gallery,Samuel F. B. Morse Self-Portrait,edanmdm:npg_NPG.80.208,http://n2t.net/ark:/65665/sm40f19c837-87a8-4653-bc4d-8952a28a8ec2,https://npg.si.edu/object/npg_NPG.80.208,2025-07-15,"{""Credit Line"": ""National Portrait Gallery, Smithsonian Institution; this acquisition was made possible by a generous contribution from the James Smithson Society""}","{""Date"": ""1812""}","{""Object number"": ""NPG.80.208""}","{""Artist"": ""Samuel Finley Breese Morse, 27 Apr 1791 - 2 Apr 1872"", ""Sitter"": ""Samuel Finley Breese Morse, 27 Apr 1791 - 2 Apr 1872""}","{""Exhibition Label"": ""Born Charlestown, Massachusetts\nAlthough best known for developing the electromagnetic telegraph, Samuel Morse began his career as an artist. He painted this self-portrait as a twenty-year-old art student in London. Morse returned to the United States in 1815, determined to pursue \u201cthe intellectual branch of the arts.\u201d Yet his paintings of lofty historical subjects attracted little interest, and he was obliged to support himself through portraiture, which he held in low esteem. He was particularly disappointed not to receive a government commission to create artwork for the U.S. Capitol Rotunda.\nMorse had first studied electricity as a student at Yale College (1805\u201310). In 1832, he conceived of a device to send coded messages via electric wire. Although others had devised electric telegraphs, Morse\u2019s machine achieved international success for its efficient design. The telegraph and development of Morse Code brought him fame and fortune while marking a significant advance in long-distance communications technology.\nNacido en Charlestown, Massachusetts\nAunque m\u00e1s conocido por desarrollar el tel\u00e9grafo electromagn\u00e9tico, Samuel Morse fue artista en sus comienzos. Pint\u00f3 este autorretrato a los 20 a\u00f1os de edad, cuando estudiaba arte en Londres. Regres\u00f3 a EE.UU. en 1815, decidido a dedicarse a \u201cla rama intelectual de las artes\u201d. No obstante, sus idealistas pinturas hist\u00f3ricas no despertaron mucho inter\u00e9s, y se vio obligado a subsistir haciendo retratos, g\u00e9nero que no apreciaba. Adem\u00e1s, lo decepcion\u00f3 mucho que el gobierno no le encargara ninguna obra para la rotonda del Capitolio.\nMorse estudi\u00f3 la electricidad por primera vez en Yale College (1805\u201310). En 1832 concibi\u00f3 un aparato para enviar mensajes en c\u00f3digo a trav\u00e9s de un cable el\u00e9ctrico. Aunque otros hab\u00edan ideado tel\u00e9grafos el\u00e9ctricos, la m\u00e1quina de Morse tuvo \u00e9xito internacional por su dise\u00f1o eficiente. El tel\u00e9grafo y el desarrollo del c\u00f3digo Morse le trajeron fama y fortuna, a la vez que definieron avances significativos en la tecnolog\u00eda de comunicaci\u00f3n a larga distancia."", ""Provenance"": ""Mrs. Allen W. Hagenbach [Meriam Klappinger]; her nephew John Heyl, Boothbay Harbor, Maine; purchased 1980 NPG""}","{""Type"": ""Painting""}","{""Medium"": ""Oil on millboard"", ""Dimensions"": ""Board: 27.3 x 22.5 x 0.3cm (10 3/4 x 8 7/8 x 1/8\"")\nFrame: 35.6 x 30.5 x 4.8cm (14 x 12 x 1 7/8\"")""}",,,"{""Topic"": ""Interior\nCostume\\Outerwear\\Cape\nSelf-portrait\nSamuel Finley Breese Morse: Male\nSamuel Finley Breese Morse: Arts and Culture\\Visual Arts\\Artist\\Painter\nSamuel Finley Breese Morse: Arts and Culture\\Visual Arts\\Artist\\Portraitist\nSamuel Finley Breese Morse: Arts and Culture\\Journalism and Media\\Journalist\nSamuel Finley Breese Morse: Arts and Culture\\Visual Arts\\Art instructor\nSamuel Finley Breese Morse: Arts and Culture\\Education and Scholarship\\Founder\\College\nSamuel Finley Breese Morse: Science and Technology\\Inventor\nSamuel Finley Breese Morse: Science and Technology\\Inventor\\Telegraph\nPortrait""}",[1810s],"['Morse, Samuel Finley Breese']",[Paintings],[],"[Art, Telegraph, Arts and Culture, Painters, Self-portraits, Interior decoration, Outerwear, Portraits, Founder, Design, Science and Technology, Portraitist, Inventors, Costume, Men, Cloaks, Journalism, Education and Scholarship, Artists, Journalism and Media, Art instructor]",1,['https://ids.si.edu/ids/deliveryService?id=NPG-NPG_80_208Morse_d1'],"https://ids.si.edu/ids/iiif/NPG-NPG_80_208Morse_d1/full/250,/0/default.jpg",Samuel Finley Breese Morse,Samuel Finley Breese Morse,1812,Men,Art ,"[[584, 477, 907, 940]]",https://github.com/nmolnar-parsons/revperiod_portraitfaces/blob/main/Portrait_Faces/Image_154_face_0.jpg?raw=true; 
https://collections.si.edu/search/detail/edanmdm:npg_NPG.80.16,NPG,National Portrait Gallery,George Washington,edanmdm:npg_NPG.80.16,http://n2t.net/ark:/65665/sm421d4df2b-4d20-4fc2-bf68-cec852de2edf,https://npg.si.edu/object/npg_NPG.80.16,2025-03-19,"{""Credit Line"": ""National Portrait Gallery, Smithsonian Institution""}","{""Date"": ""1785""}","{""Object number"": ""NPG.80.16""}","{""Artist"": ""Robert Edge Pine, c. 1730 - 1788"", ""Sitter"": ""George Washington, 22 Feb 1732 - 14 Dec 1799""}","{""Provenance"": ""The artist; public auction 1792. Anthony Fothergill [1732-1813]; John Coakley Lettsom; (Leigh and Sotheby), London, May 2-4, 1816; (Shaw Armour, Montreal), Dec. 14, 1816. Henry Brevoort purchased it in Toronto 1817; his son James Carson Brevoort; his nephew Grenville Kane; his daughter Edith Kane [Mrs. George F. Baker]; her son George F. Baker, Jr.; his widow, Mrs. George F. Baker, Jr. [Kim K. Campbell, Mrs. Rolla D. Campbell, Jr.]; purchased 1980 NPG""}","{""Type"": ""Painting""}","{""Medium"": ""Oil on canvas"", ""Dimensions"": ""Sight: 90.2 x 69.9cm (35 1/2 x 27 1/2\"")\nFrame: 101.6 x 81.6 x 6.4cm (40 x 32 1/8 x 2 1/2\"")""}",,,"{""Topic"": ""Exterior\nEquipment\\Walking stick\\Cane\nCostume\\Dress Accessory\\Epaulet\nCostume\\Dress Accessory\\Button\\Brass\nGeorge Washington: Male\nGeorge Washington: Military and Intelligence\\Army\\Officer\\Revolutionary War\nGeorge Washington: Politics and Government\\Statesman\\Colonial statesman\nGeorge Washington: Business and Finance\\Natural resources commerce\\Agriculturist\\Farmer\nGeorge Washington: Military and Intelligence\\Army\\Officer\\General\nGeorge Washington: Politics and Government\\Government official\\President of US\nGeorge Washington: Science and Technology\\Surveyor\nGeorge Washington: Civilian awards\\Congressional Gold Medal\nPortrait""}",[1780s],"[United States. Army, 'Washington, George', 'Pine, Robert Edge']","[Paintings, Exterior views]",[United States],"[Business and Finance, Brass, Natural resources commerce, Dress accessories, Colonial statesman, Statesman, 'Staffs (Sticks, canes, etc.)', Button, Walking stick, Military and Intelligence, 'American Revolution (1775-1783)', Public officers, Presidents, Congressional Gold Medal, Farmers, Government, Portraits, Civilian awards, Science and Technology, Agriculturists, Surveyors, Costume, Men, Politics, Officer]",1,['https://ids.si.edu/ids/deliveryService?id=NPG-NPG_80_16GW-000001'],"https://ids.si.edu/ids/iiif/NPG-NPG_80_16GW-000001/full/250,/0/default.jpg",George Washington,Robert Edge Pine,1785,Men,President,"[[681, 412, 954, 829]]",https://github.com/nmolnar-parsons/revperiod_portraitfaces/blob/main/Portrait_Faces/Image_155_face_0.jpg?raw=true; 
https://collections.si.edu/search/detail/edanmdm:npg_NPG.80.136,NPG,National Portrait Gallery,Benjamin West,edanmdm:npg_NPG.80.136,http://n2t.net/ark:/65665/sm4d2971b3f-45cd-4a3c-a8de-402277942931,https://npg.si.edu/object/npg_NPG.80.136,2025-03-19,"{""Credit Line"": ""National Portrait Gallery, Smithsonian Institution; gift of the Margaret Hall Foundation""}","{""Date"": ""1770""}","{""Object number"": ""NPG.80.136""}","{""Attribution"": ""James Smith, 1749 - 1794"", ""Sitter"": ""Benjamin West, 10 Oct 1738 - 11 Mar 1820""}","{""Provenance"": ""Provenance: Robert Mylne, London, 1889. (Scott and Fowles, New York); Mrs. Ben Ali Haggan; bequest to Margaret Hall School, Versailles, Kentucky; gift 1980 to NPG""}","{""Type"": ""Painting""}","{""Medium"": ""Oil on canvas"", ""Dimensions"": ""Stretcher: 54 x 47cm (21 1/4 x 18 1/2\"")\nFrame: 67 x 59.8 x 5.7cm (26 3/8 x 23 9/16 x 2 1/4\"")""}",,,"{""Topic"": ""Benjamin West: Male\nBenjamin West: Arts and Culture\\Visual Arts\\Artist\\Portraitist\nBenjamin West: Arts and Culture\\Visual Arts\\Art instructor\nBenjamin West: Arts and Culture\\Visual Arts\\Artist\\Painter\\History painter\nPortrait""}",[1770s],"['West, Benjamin', 'Smith, James']",[Paintings],[],"[History painter, Art, Arts and Culture, Portraitist, Painters, Men, Portraits, Artists, Art instructor]",1,['https://ids.si.edu/ids/deliveryService?id=NPG-NPG_80_136West-000004'],"https://ids.si.edu/ids/iiif/NPG-NPG_80_136West-000004/full/250,/0/default.jpg",Benjamin West,James Smith,1770,Men,Art ,"[[755, 342, 1246, 1078]]",https://github.com/nmolnar-parsons/revperiod_portraitfaces/blob/main/Portrait_Faces/Image_156_face_0.jpg?raw=true; 
https://collections.si.edu/search/detail/edanmdm:npg_NPG.79.216,NPG,National Portrait Gallery,Alexander Hamilton,edanmdm:npg_NPG.79.216,http://n2t.net/ark:/65665/sm447ab9003-7d1d-47ef-9756-5b9b0c28668c,https://npg.si.edu/object/npg_NPG.79.216,2025-03-19,"{""Credit Line"": ""National Portrait Gallery, Smithsonian Institution; gift of Henry Cabot Lodge""}","{""Date"": ""1806""}","{""Object number"": ""NPG.79.216""}","{""Artist"": ""John Trumbull, 6 Jun 1756 - 10 Nov 1843"", ""Copy after"": ""Giuseppe Ceracchi, 4 Jul 1751 - 31 Jan 1801"", ""Sitter"": ""Alexander Hamilton, 11 Jan 1757 - 11 Jul 1804""}","{""Exhibition Label"": ""Born Nevis, West Indies\nDespite the many hardships he experienced during his childhood in the Caribbean, Alexander Hamilton went on to become one of the foremost statesmen of the United States. The drive and intelligence he demonstrated while still in his teens convinced wealthy patrons to send Hamilton to New York to study at King\u2019s College (now Columbia University). An early champion of independence from Britain, he enlisted in the Continental Army and became a valued member of George Washington\u2019s staff.\nFollowing the Revolution, Hamilton advocated for a strong national government. With John Jay and James Madison, he co-authored the Federalist Papers, which urged ratification of the United States Constitution. While serving as the first secretary of the treasury (1789\u201395), he laid the groundwork for a strong republic by promoting a national bank and encouraging commerce and manufacturing. Offended by a supposed insult, Vice President Aaron Burr fatally shot Hamilton in a duel in 1804.\nNacido en Nieves, Antillas Menores\nPese a las muchas adversidades que sufri\u00f3 durante su ni\u00f1ez en el Caribe, Alexander Hamilton lleg\u00f3 a ser uno de los estadistas m\u00e1s prominentes de Estados Unidos. Al ver su \u00edmpetu e inteligencia siendo a\u00fan adolescente, un grupo de benefactores ricos lo env\u00edo a Nueva York a estudiar en el King\u2019s College (hoy Universidad de Columbia). Temprano defensor de la independencia de las colonias inglesas, se alist\u00f3 en el Ej\u00e9rcito Continental y lleg\u00f3 a ser un apreciado miembro del equipo de oficiales de George Washington.\nTras la Revoluci\u00f3n, Hamilton abog\u00f3 por un gobierno nacional fuerte. Junto a John Jay y James Madison escribi\u00f3 los \u201cArt\u00edculos del Federalista\u201d, donde instaban a ratificar la Constituci\u00f3n de Estados Unidos. Como primer secretario del Tesoro (1789\u201395) sent\u00f3 las bases para una rep\u00fablica s\u00f3lida, promoviendo la creaci\u00f3n de un banco nacional y fomentando el comercio y la manufactura. Ofendido por un supuesto insulto, el vicepresidente Aaron Burr mat\u00f3 de un balazo a Hamilton en un duelo en 1804."", ""Provenance"": ""Henry Cabot Lodge; his son George C. Lodge; gift to NPG 1979""}","{""Type"": ""Painting""}","{""Medium"": ""Oil on canvas"", ""Dimensions"": ""Stretcher: 77.5 x 62.2 x 3.5cm (30 1/2 x 24 1/2 x 1 3/8\"")\nFrame: 89.2 x 73.7 x 9.2cm (35 1/8 x 29 x 3 5/8\"")""}",,,"{""Topic"": ""Alexander Hamilton: Male\nAlexander Hamilton: Law and Crime\\Lawyer\nAlexander Hamilton: Arts and Culture\\Literature\\Writer\nAlexander Hamilton: Military and Intelligence\\Army\\Officer\\Revolutionary War\nAlexander Hamilton: Politics and Government\\Government official\\Cabinet member\\Secretary of Treasury\nAlexander Hamilton: Politics and Government\\Government official\\Congressman\\Continental congressman\nPortrait""}",[1800s],"[United States. Army, 'Hamilton, Alexander', 'Trumbull, John', 'Ceracchi, Giuseppe']",[Paintings],[],"[Legislators, Cabinet member, Arts and Culture, Literature, Congressmen, Writers, Government, Portraits, Lawyers, Continental congressman, Military and Intelligence, Men, Secretary of Treasury, 'American Revolution (1775-1783)', Public officers, Law and Crime, Politics, Officer]",1,['https://ids.si.edu/ids/deliveryService?id=NPG-NPG_79_216Hamilton_d1'],"https://ids.si.edu/ids/iiif/NPG-NPG_79_216Hamilton_d1/full/250,/0/default.jpg",Alexander Hamilton,John Trumbull,1806,Men,Government,"[[603, 407, 948, 912]]",https://github.com/nmolnar-parsons/revperiod_portraitfaces/blob/main/Portrait_Faces/Image_157_face_0.jpg?raw=true; 
https://collections.si.edu/search/detail/edanmdm:npg_NPG.79.215,NPG,National Portrait Gallery,Fisher Ames,edanmdm:npg_NPG.79.215,http://n2t.net/ark:/65665/sm4bad11455-9529-4dbe-b43e-c9d93e3da5f0,https://npg.si.edu/object/npg_NPG.79.215,2025-03-19,"{""Credit Line"": ""National Portrait Gallery, Smithsonian Institution; gift of George Cabot Lodge""}","{""Date"": ""c. 1807""}","{""Object number"": ""NPG.79.215""}","{""Artist"": ""Gilbert Stuart, 3 Dec 1755 - 9 Jul 1828"", ""Sitter"": ""Fisher Ames, 9 Apr 1758 - 4 Jul 1808""}","{""Provenance"": ""Henry Cabot Lodge; his son George C. Lodge; gift to NPG 1979""}","{""Type"": ""Painting""}","{""Medium"": ""Oil on wood"", ""Dimensions"": ""Stretcher: 77.5 x 64.1 x 3.8cm (30 1/2 x 25 1/4 x 1 1/2\"")\nFrame: 89.2 x 75.6 x 8.9cm (35 1/8 x 29 3/4 x 3 1/2\"")""}",,,"{""Topic"": ""Interior\nHome Furnishings\\Furniture\\Seating\\Chair\nPrinted Material\\Book\nFisher Ames: Male\nFisher Ames: Law and Crime\\Lawyer\nFisher Ames: Politics and Government\\Government official\\US Congressman\\Massachusetts\nFisher Ames: Business and Finance\\Businessperson\\Business executive\\Company president\nPortrait""}","[1800s, 1810s]","['Ames, Fisher', 'Stuart, Gilbert']",[Paintings],"[United States, Massachusetts]","[Business and Finance, Legislators, Books and reading, Congressmen, Government, Businessperson, Interior decoration, Portraits, Home Furnishings, Lawyers, Furnishings, Printed Material, Design, Company president, Chairs, Seating, Men, Public officers, Law and Crime, Politics, Business executive]",1,['https://ids.si.edu/ids/deliveryService?id=NPG-NPG_79_215Ames-000001'],"https://ids.si.edu/ids/iiif/NPG-NPG_79_215Ames-000001/full/250,/0/default.jpg",Fisher Ames,Gilbert Stuart,1807,Men,Government,"[[769, 401, 1121, 915]]",https://github.com/nmolnar-parsons/revperiod_portraitfaces/blob/main/Portrait_Faces/Image_158_face_0.jpg?raw=true; 
https://collections.si.edu/search/detail/edanmdm:npg_NPG.77.34,NPG,National Portrait Gallery,West Family in the Studio Garden,edanmdm:npg_NPG.77.34,http://n2t.net/ark:/65665/sm481b4451f-1439-4c0a-9068-0e16feb6083e,https://npg.si.edu/object/npg_NPG.77.34,2025-03-19,"{""Credit Line"": ""National Portrait Gallery, Smithsonian Institution""}","{""Date"": ""1808-09""}","{""Object number"": ""NPG.77.34""}","{""Artist"": ""Benjamin West, 10 Oct 1738 - 11 Mar 1820"", ""Sitter"": ""Benjamin West, 10 Oct 1738 - 11 Mar 1820""}","{""Provenance"": ""(Sabin Galleries, Ltd., London); purchased 1977 NPG""}","{""Type"": ""Painting""}","{""Medium"": ""Oil on canvas"", ""Dimensions"": ""Stretcher: 34.3 \u00d7 41.3 \u00d7 1.6 cm (13 1/2 \u00d7 16 1/4 \u00d7 5/8\"")\nFrame: 45.1 x 51.8 x 4.8 cm (17 3/4 x 20 3/8 x 1 7/8\"")""}",,,"{""Topic"": ""Nature & Environment\\Clouds\nNature & Environment\\Plant\\Flower\\Flowers\nNature & Environment\\Animal\\Cat\nArchitecture\nNature & Environment\\Plant\\Tree\nArchitecture\\Arch\nArtwork\\Sculpture\nNature & Environment\\Animal\\Dog\nExterior\\Garden\nSelf-portrait\nBenjamin West: Male\nBenjamin West: Arts and Culture\\Visual Arts\\Artist\\Portraitist\nBenjamin West: Arts and Culture\\Visual Arts\\Art instructor\nBenjamin West: Arts and Culture\\Visual Arts\\Artist\\Painter\\History painter\nPortrait""}",[1800s],"['West, Benjamin']","[Paintings, Exterior views]",[],"[Nature, Trees, History painter, Cats, Art, Artwork, Arts and Culture, Painters, Clouds, Architecture, Self-portraits, Portraits, Ecology, Plants, Flowers, Gardens, Animals, Portraitist, Sculpture, Dogs, Men, Artists, Art instructor]",1,['https://ids.si.edu/ids/deliveryService?id=NPG-NPG_77_34Westfamily-000004'],"https://ids.si.edu/ids/iiif/NPG-NPG_77_34Westfamily-000004/full/250,/0/default.jpg",Benjamin West,Benjamin West,1808,Men,Art ,"[[774, 1198, 791, 1221], [581, 1273, 597, 1292]]",https://github.com/nmolnar-parsons/revperiod_portraitfaces/blob/main/Portrait_Faces/Image_159_face_0.jpg?raw=true; https://github.com/nmolnar-parsons/revperiod_portraitfaces/blob/main/Portrait_Faces/Image_159_face_1.jpg?raw=true; 
https://collections.si.edu/search/detail/edanmdm:npg_NPG.77.22,NPG,National Portrait Gallery,John Singleton Copley Self-Portrait,edanmdm:npg_NPG.77.22,http://n2t.net/ark:/65665/sm4d09838ed-c482-4054-9973-23f8069646a5,https://npg.si.edu/object/npg_NPG.77.22,2025-03-19,"{""Credit Line"": ""National Portrait Gallery, Smithsonian Institution; gift of the Morris and Gwendolyn Cafritz Foundation with matching funds from the Smithsonian Institution; frame conserved with funds from the Smithsonian Women's Committee""}","{""Date"": ""c. 1780-84""}","{""Object number"": ""NPG.77.22""}","{""Artist"": ""John Singleton Copley, 3 Jul 1738 - 9 Sep 1815"", ""Sitter"": ""John Singleton Copley, 3 Jul 1738 - 9 Sep 1815""}","{""Exhibition Label"": ""Born Boston, Massachusetts\nJohn Adams once proclaimed John Singleton Copley to be \u201cthe greatest Master, that ever was in America.\u201d As a teenager, Copley was already satisfying Bostonians\u2019 desire for realistic portraits. By the time he was twenty, he had grown frustrated by the limitations of his provincial environment, where, he complained, art was regarded as \u201cno more than any other useful trade.\u201d Copley longed to visit Europe to study great works of art and escape the political turmoil at home. His father-in-law was among the merchants whose tea was dumped in Boston Harbor during the Tea Party of December 1773. Many other family members were loyalists who opposed the growing demand for American independence, as were clients such as Andrew Oliver. In June 1774, Copley departed for England where, in the flush of new success, he painted this self-portrait. He never returned to the United States.\nNacido en Boston, Massachusetts\nJohn Adams proclam\u00f3 a John Singleton Copley \u201cel m\u00e1s grande Maestro que ha existido en Am\u00e9rica\u201d. Desde su adolescencia, Copley se dedic\u00f3 a atender la demanda de retratos realistas en Boston. A los 20 a\u00f1os, ya frustrado por las limitaciones de su entorno provinciano, se quejaba de que all\u00ed el arte no se estimaba \u201cm\u00e1s que cualquier otro oficio \u00fatil\u201d.\nCopley anhelaba ir a Europa para estudiar las grandes obras de arte y escapar de la agitaci\u00f3n pol\u00edtica de su pa\u00eds. Su suegro era uno de los comerciantes cuya carga fue arrojada al puerto de Boston durante el mot\u00edn del t\u00e9 en diciembre de 1773. Muchos de sus familiares apoyaban a la monarqu\u00eda y se opon\u00edan al creciente reclamo de independencia de las colonias americanas, lo mismo que clientes como Andrew Oliver. En junio de 1774, Copley parti\u00f3 hacia Inglaterra, donde, en la euforia de su nuevo \u00e9xito, pint\u00f3 este autorretrato. Nunca regres\u00f3 a Estados Unidos."", ""Provenance"": ""The artist's son, Baron Lyndhurst; sold in his estate March 5, 1864.\nMrs. Caspar C. Crowninshield, the artist's great-granddaughter, 1873-1882. Mrs. Gardiner Green Hammond [Esther Fiske Hammond], Santa Barbara, 1915-1938; unknown private collection, Los Angeles; Purchase 1977 NPG""}","{""Type"": ""Painting""}","{""Medium"": ""Oil on canvas"", ""Dimensions"": ""Stretcher: 56.5 \u00d7 2.5 cm (22 1/4 \u00d7 1\"")\nFrame: 81.3 \u00d7 82.6 \u00d7 13.3 cm (32 \u00d7 32 1/2 \u00d7 5 1/4\"")""}",,,"{""Topic"": ""Self-portrait\nJohn Singleton Copley: Male\nJohn Singleton Copley: Arts and Culture\\Visual Arts\\Artist\\Portraitist\nJohn Singleton Copley: Arts and Culture\\Visual Arts\\Artist\\Painter\\History painter\nJohn Singleton Copley: Politics and Government\\Loyalist\nPortrait""}",[1780s],"['Copley, John Singleton']",[Paintings],[],"[History painter, Art, Arts and Culture, Portraitist, Painters, Self-portraits, Government, Men, Portraits, Loyalist, Politics, Artists]",1,['https://ids.si.edu/ids/deliveryService?id=NPG-NPG_77_22-000001'],"https://ids.si.edu/ids/iiif/NPG-NPG_77_22-000001/full/250,/0/default.jpg",John Singleton Copley,John Singleton Copley,1780,Men,Government,"[[844, 605, 1376, 1349]]",https://github.com/nmolnar-parsons/revperiod_portraitfaces/blob/main/Portrait_Faces/Image_160_face_0.jpg?raw=true; 
https://collections.si.edu/search/detail/edanmdm:npg_NPG.76.30,NPG,National Portrait Gallery,Joel Barlow,edanmdm:npg_NPG.76.30,http://n2t.net/ark:/65665/sm409be4f39-dea6-46bc-ac15-213f3ffeff60,https://npg.si.edu/object/npg_NPG.76.30,2025-03-19,"{""Credit Line"": ""National Portrait Gallery, Smithsonian Institution; gift of Mr. and Mrs. Joel Barlow Conserved with funds from the Smithsonian Women's Committee""}","{""Date"": ""1806""}","{""Object number"": ""NPG.76.30""}","{""Artist"": ""William Dunlap, 18 Feb 1766 - 28 Sep 1839"", ""Sitter"": ""Joel Barlow, 24 Mar 1754 - 26 Dec 1812""}","{""Provenance"": ""Joel Barlow, Washington, D.C., descendant of sitter; gift 1976 to NPG""}","{""Type"": ""Painting""}","{""Medium"": ""Watercolor on ivory"", ""Dimensions"": ""7.7cm x 6.4cm (3 1/16\"" x 2 1/2\""), Accurate""}",,,"{""Topic"": ""Miniature\nJoel Barlow: Male\nJoel Barlow: Law and Crime\\Lawyer\nJoel Barlow: Arts and Culture\\Literature\\Writer\nJoel Barlow: Arts and Culture\\Literature\\Writer\\Poet\nJoel Barlow: Arts and Culture\\Journalism and Media\\Journalist\nJoel Barlow: Politics and Government\\Diplomat\\Minister\nPortrait""}",[1800s],"['Dunlap, William', 'Barlow, Joel']","[Miniatures, Paintings]",[],"[Arts and Culture, Literature, Writers, Government, Diplomacy, Portraits, Lawyers, Men, Journalism, Law and Crime, Politics, Diplomats, Journalism and Media, Poets, Minister]",1,['https://ids.si.edu/ids/deliveryService?id=NPG-NPG_76_30'],"https://ids.si.edu/ids/iiif/NPG-NPG_76_30/full/250,/0/default.jpg",Joel Barlow,William Dunlap,1806,Men,Government,"[[485, 619, 805, 1125]]",https://github.com/nmolnar-parsons/revperiod_portraitfaces/blob/main/Portrait_Faces/Image_161_face_0.jpg?raw=true; 
https://collections.si.edu/search/detail/edanmdm:npg_NPG.75.52,NPG,National Portrait Gallery,John Adams,edanmdm:npg_NPG.75.52,http://n2t.net/ark:/65665/sm4feaec808-f374-49f6-8a2b-524aac4a19fd,https://npg.si.edu/object/npg_NPG.75.52,2025-03-19,"{""Credit Line"": ""National Portrait Gallery, Smithsonian Institution""}","{""Date"": ""1793""}","{""Object number"": ""NPG.75.52""}","{""Artist"": ""John Trumbull, 6 Jun 1756 - 10 Nov 1843"", ""Former attribution"": ""Gilbert Stuart, 3 Dec 1755 - 9 Jul 1828"", ""Sitter"": ""John Adams, 30 Oct 1735 - 4 Jul 1826""}","{""Exhibition Label"": ""Of all the Founding Fathers, John Adams was perhaps the most intellectual and accomplished. He helped craft the argument supporting the independence of the Continental Congress and later served on the diplomatic mission that ended the Revolutionary War. As vice president under George Washington, Adams complained that his role was \u201cthe most insignificant office that ever the invention of man contrived.\u201d Nevertheless, he used the position as his ticket to the presidency and was elected in 1796 after a bitter campaign against Thomas Jefferson.\nDuring Adams\u2019s single term as president, political posturing and bickering inhibited him at home, and France\u2019s interference with American commerce created a challenge for him abroad. Adams managed to keep the nation at peace, but he left the White House largely discredited on all sides.\nWhen Adams was vice president, he had portraits done by the artist John Trumbull, who based this painting on one of those original portraits. Trumbull incorporated the likeness into his depiction of the signing of the Declaration of Independence that is on display in the U.S. Capitol Rotunda.\nDe todos los padres fundadores de Estados Unidos, John Adams fue quiz\u00e1s el m\u00e1s culto e intelectual. Ayud\u00f3 a formular los argumentos en pro de la independencia del Congreso Continental y form\u00f3 parte de la misi\u00f3n diplom\u00e1tica que puso fin a la Guerra de Independencia. Como vicepresidente bajo George Washington, Adams se quej\u00f3 de que el suyo era \u201cel cargo m\u00e1s insignificante jam\u00e1s concebido por el hombre\u201d. No obstante, utiliz\u00f3 el puesto como v\u00eda hacia la presidencia, resultando electo en 1796 luego de una campa\u00f1a encarnizada contra Thomas Jefferson.\nDurante el \u00fanico t\u00e9rmino presidencial de Adams, las pol\u00e9micas y posturas partidistas restringieron su labor en el \u00e1mbito nacional, y la interferencia de Francia en el comercio estadounidense le cre\u00f3 dificultades en el extranjero. Adams logr\u00f3 evitar conflictos b\u00e9licos, pero al fin de su mandato estaba en gran medida desacreditado.\nCuando fue vicepresidente, Adams encarg\u00f3 retratos al artista John Trumbull, quien bas\u00f3 esta pintura en una de aquellas obras originales. Trumbull incorpor\u00f3 esta imagen en su pintura de la firma de la Declaraci\u00f3n de Independencia expuesta en la rotunda del capitolio de EE.UU.""}","{""Type"": ""Painting""}","{""Medium"": ""Oil on canvas"", ""Dimensions"": ""Stretcher: 65.1 \u00d7 54.9 \u00d7 2.5cm (25 5/8 \u00d7 21 5/8 \u00d7 1\"")\nFrame: 78.7 x 69.2 x 6cm (31 x 27 1/4 x 2 3/8\"")""}","{""Place"": ""United States\\Pennsylvania\\Philadelphia\\Philadelphia""}",,"{""Topic"": ""John Adams: Male\nJohn Adams: Arts and Culture\\Literature\\Writer\nJohn Adams: Politics and Government\\Government official\\Congressman\\Continental congressman\nJohn Adams: Politics and Government\\Statesman\\Colonial statesman\\Signer of Declaration\nJohn Adams: Politics and Government\\Vice-President of US\nJohn Adams: Politics and Government\\Diplomat\nJohn Adams: Politics and Government\\Government official\\President of US\nJohn Adams: Politics and Government\\Government official\\State Legislator\\Massachusetts\nPortrait""}",[1790s],"['Adams, John', 'Trumbull, John', 'Stuart, Gilbert']",[Paintings],"[United States, Massachusetts, North America, Philadelphia, Pennsylvania]","[Legislators, Arts and Culture, Literature, Congressmen, Writers, Government, Diplomacy, Portraits, Continental congressman, Colonial statesman, Statesman, Men, Signer of Declaration, Public officers, Politics, Vice-Presidents, Diplomats, Presidents]",1,['https://ids.si.edu/ids/deliveryService?id=NPG-NPG_75_52'],"https://ids.si.edu/ids/iiif/NPG-NPG_75_52/full/250,/0/default.jpg",John Adams,John Trumbull,1793,Men,Government,"[[695, 292, 1127, 901]]",https://github.com/nmolnar-parsons/revperiod_portraitfaces/blob/main/Portrait_Faces/Image_162_face_0.jpg?raw=true; 
https://collections.si.edu/search/detail/edanmdm:npg_NPG.74.5,NPG,National Portrait Gallery,Richard Henry Lee,edanmdm:npg_NPG.74.5,http://n2t.net/ark:/65665/sm4dc09abac-0e5a-4d15-8425-bb5890a196b8,https://npg.si.edu/object/npg_NPG.74.5,2025-03-19,"{""Credit Line"": ""National Portrait Gallery, Smithsonian Institution; gift of Duncan Lee and his son, Gavin Dunbar Lee""}","{""Date"": ""c. 1795-1805""}","{""Object number"": ""NPG.74.5""}","{""Artist"": ""Charles Willson Peale, 15 Apr 1741 - 22 Feb 1827"", ""Sitter"": ""Richard Henry Lee, 20 Jan 1732 - 19 Jun 1794""}","{""Exhibition Label"": ""Born Stratford, Westmoreland County, Virginia\nOn June 7, 1776, it fell to Richard Henry Lee, delegate from Virginia at the Second Continental Congress, to offer the resolution that \u201cthese United Colonies are, and of right ought to be, free and independent States,\u201d thereby initiating the Declaration of Independence. An aristocrat with an innate sense of his natural rights, Lee had long fought England\u2019s attempts to undermine colonial liberties. He began his political career in the Virginia House of Burgesses, with a 1759 argument for an end to the slave trade because Black people were \u201cequally entitled to liberty and freedom by the great law of nature.\u201d\nWhen Lee\u2019s resolution was adopted by the Continental Congress in early July 1776, he was in Virginia, helping to form a new state government. Lee later returned to Philadelphia to sign the Declaration of Independence.\nNacido en Stratford, Westmoreland County, Virginia\nEl 7 de junio de 1776 le correspondi\u00f3 a Richard Henry Lee, delegado de Virginia en el Segundo Congreso Continental, presentar la resoluci\u00f3n de que \u201cestas Colonias Unidas son, y por derecho deben ser, Estados libres e independientes\u201d, iniciando as\u00ed la Declaraci\u00f3n de Independencia.Arist\u00f3crata con un sentido innato de sus derechos naturales, Lee llevaba tiempo combatiendo los intentos ingleses de socavar las libertades coloniales. Comenz\u00f3 su carrera pol\u00edtica en la C\u00e1mara de Burgueses de Virginia, donde argument\u00f3 en 1759 que el tr\u00e1fico de esclavos deb\u00eda acabar porque las personas negras ten\u00edan \u201cigual derecho a la libertad seg\u00fan la gran ley de la naturaleza\u201d.\nCuando el Congreso Continental adopt\u00f3 la resoluci\u00f3n de Lee a principios de julio de 1776, \u00e9l estaba en Virginia formando un nuevo gobierno estatal. Luego regres\u00f3 a Filadelfia para firmar a Declaraci\u00f3n de Independencia."", ""Provenance"": ""Duncan Lee, Toronto, and his son Gavin Dunbar Lee, descendants of sitter; gift 1974 to NPG\nContemporary replica of Peale\u2019s museum version made for family.""}","{""Type"": ""Painting""}","{""Medium"": ""Oil on canvas"", ""Dimensions"": ""Stretcher: 75.6 x 63.8 x 3.2cm (29 3/4 x 25 1/8 x 1 1/4\"")\nFrame: 88.3 x 75.6 x 5.4cm (34 3/4 x 29 3/4 x 2 1/8\"")""}",,,"{""Topic"": ""Interior\nRichard Henry Lee: Male\nRichard Henry Lee: Politics and Government\\Government official\\State Legislator\\Virginia\nRichard Henry Lee: Politics and Government\\Government official\\Congressman\\Continental congressman\nRichard Henry Lee: Politics and Government\\Statesman\\Colonial statesman\\Signer of Declaration\nRichard Henry Lee: Business and Finance\\Natural resources commerce\\Agriculturist\\Planter\nRichard Henry Lee: Politics and Government\\Government official\\US Senator\\Virginia\nPortrait""}","[1800s, 1790s]","['Peale, Charles Willson', 'Lee, Richard Henry']",[Paintings],"[United States, Virginia]","[Business and Finance, Legislators, Congressmen, Government, Interior decoration, Natural resources commerce, Portraits, Continental congressman, Design, Planter, Colonial statesman, Agriculturists, Statesman, Men, Signer of Declaration, Senators, Public officers, Politics]",1,['https://ids.si.edu/ids/deliveryService?id=NPG-NPG_74_5'],"https://ids.si.edu/ids/iiif/NPG-NPG_74_5/full/250,/0/default.jpg",Richard Henry Lee,Charles Willson Peale,1795,Men,Government,"[[544, 630, 887, 1135]]",https://github.com/nmolnar-parsons/revperiod_portraitfaces/blob/main/Portrait_Faces/Image_163_face_0.jpg?raw=true; 
https://collections.si.edu/search/detail/edanmdm:npg_NPG.74.1,NPG,National Portrait Gallery,Frederick Augustus Conrad Muhlenberg,edanmdm:npg_NPG.74.1,http://n2t.net/ark:/65665/sm435fbe961-1aaf-404d-a8a0-1a918eb53949,https://npg.si.edu/object/npg_NPG.74.1,2025-03-19,"{""Credit Line"": ""National Portrait Gallery, Smithsonian Institution""}","{""Date"": ""1790""}","{""Object number"": ""NPG.74.1""}","{""Artist"": ""Joseph Wright, 16 Jul 1756 - c. 11 Oct 1793"", ""Sitter"": ""Frederick Augustus Conrad Muhlenberg, 1 Jan 1750 - 4 Jun 1801""}","{""Provenance"": ""Virginia M. Brooke [Mrs. George Brooke], Wyomissing, Pa.; purchased 1974""}","{""Type"": ""Painting""}","{""Medium"": ""Oil on canvas with applied wood strip"", ""Dimensions"": ""119.5cm x 94cm (47 1/16\"" x 37\""), Accurate\nFrame: 133.4 x 108 x 7.6cm (52 1/2 x 42 1/2 x 3\"")""}",,,"{""Topic"": ""Printed Material\\Document\nHome Furnishings\\Furniture\\Desk\nEquipment\\Drafting & Writing Implements\\Writing implement\\Pen\\Quill\nFrederick Augustus Conrad Muhlenberg: Male\nFrederick Augustus Conrad Muhlenberg: Politics and Government\\Government official\\Congressman\\Continental congressman\nFrederick Augustus Conrad Muhlenberg: Politics and Government\\Government official\\US Congressman\\Speaker of the House\nFrederick Augustus Conrad Muhlenberg: Politics and Government\\Government official\\US Congressman\\Pennsylvania\nFrederick Augustus Conrad Muhlenberg: Religion and Spirituality\\Clergy\\Pastor\nFrederick Augustus Conrad Muhlenberg: Business and Finance\\Businessperson\\Importer\nPortrait""}",[1790s],"['Muhlenberg, Frederick Augustus Conrad', 'Wright, Joseph']",[Paintings],"[United States, Pennsylvania]","[Business and Finance, Legislators, Congressmen, Government, Pastor, Businessperson, Quill, Portraits, Home Furnishings, Drafting & Writing Implements, Furnishings, Speaker of the House, Printed Material, Continental congressman, Religion and Spirituality, Men, Public officers, Politics, Clergy, Pens, Importer]",1,['https://ids.si.edu/ids/deliveryService?id=NPG-NPG_74_1'],"https://ids.si.edu/ids/iiif/NPG-NPG_74_1/full/250,/0/default.jpg",Frederick Augustus Conrad Muhlenberg,Joseph Wright,1790,Men,Government,"[[838, 327, 1081, 682]]",https://github.com/nmolnar-parsons/revperiod_portraitfaces/blob/main/Portrait_Faces/Image_164_face_0.jpg?raw=true; 
https://collections.si.edu/search/detail/edanmdm:npg_NPG.73.20,NPG,National Portrait Gallery,Robert Morris,edanmdm:npg_NPG.73.20,http://n2t.net/ark:/65665/sm48cfd4769-1fa6-4a92-a3fa-02bb198bdb5a,https://npg.si.edu/object/npg_NPG.73.20,2025-03-19,"{""Credit Line"": ""National Portrait Gallery, Smithsonian Institution""}","{""Date"": ""c. 1785""}","{""Object number"": ""NPG.73.20""}","{""Artist"": ""Robert Edge Pine, c. 1730 - 1788"", ""Sitter"": ""Robert Morris, 31 Jan 1734 - 8 May 1806""}","{""Provenance"": ""Ruth Snyder [Mrs. Robert Morris Snyder], New Castle, Del.; purchased 1973 NPG""}","{""Type"": ""Painting""}","{""Medium"": ""Oil on canvas"", ""Dimensions"": ""Stretcher: 92.4 x 74.6 x 3.8cm (36 3/8 x 29 3/8 x 1 1/2\"")\nFrame: 113 x 95.3 x 8.9cm (44 1/2 x 37 1/2 x 3 1/2\"")""}",,,"{""Topic"": ""Printed Material\\Book\nPrinted Material\\Document\nRobert Morris: Male\nRobert Morris: Politics and Government\\Government official\\Congressman\\Continental congressman\nRobert Morris: Politics and Government\\Statesman\\Colonial statesman\\Signer of Declaration\nRobert Morris: Business and Finance\\Financier\nRobert Morris: Business and Finance\\Businessperson\\Merchant\nRobert Morris: Politics and Government\\Government official\\State Legislator\\Pennsylvania\nRobert Morris: Politics and Government\\Statesman\\Signer of Constitution\nPortrait""}","[1780s, 1790s]","['Morris, Robert', 'Pine, Robert Edge']",[Paintings],"[United States, Pennsylvania]","[Business and Finance, Legislators, Merchants, Books and reading, Congressmen, Government, Businessperson, Portraits, Financier, Signer of Constitution, Printed Material, Continental congressman, Colonial statesman, Statesman, Men, Signer of Declaration, Public officers, Politics]",1,['https://ids.si.edu/ids/deliveryService?id=NPG-NPG_73_20'],"https://ids.si.edu/ids/iiif/NPG-NPG_73_20/full/250,/0/default.jpg",Robert Morris,Robert Edge Pine,1785,Men,Government,"[[630, 481, 972, 907]]",https://github.com/nmolnar-parsons/revperiod_portraitfaces/blob/main/Portrait_Faces/Image_165_face_0.jpg?raw=true; 
https://collections.si.edu/search/detail/edanmdm:npg_NPG.73.11,NPG,National Portrait Gallery,Henry Knox,edanmdm:npg_NPG.73.11,http://n2t.net/ark:/65665/sm4aae2278c-4113-4db4-821a-664228922187,https://npg.si.edu/object/npg_NPG.73.11,2025-03-19,"{""Credit Line"": ""National Portrait Gallery, Smithsonian Institution""}","{""Date"": ""after 1783""}","{""Object number"": ""NPG.73.11""}","{""Artist"": ""Charles Peale Polk, 17 Mar 1767 - 6 May 1822"", ""Copy after"": ""Charles Willson Peale, 15 Apr 1741 - 22 Feb 1827"", ""Sitter"": ""Henry Knox, 25 Jul 1750 - 25 Oct 1806""}","{""Provenance"": ""(Knoedler & Co., New York); Purchased NPG 1973""}","{""Type"": ""Painting""}","{""Medium"": ""Oil on canvas"", ""Dimensions"": ""Stretcher: 55.9 x 47.6 x 2.5cm (22 x 18 3/4 x 1\"")\nFrame: 73 x 63.5 x 7.6cm (28 3/4 x 25 x 3\"")""}",,,"{""Topic"": ""Symbols & Motifs\\Medal\nCostume\\Dress Accessory\\Epaulet\nHenry Knox: Male\nHenry Knox: Military and Intelligence\\Army\\Officer\\Revolutionary War\nHenry Knox: Politics and Government\\Government official\\Cabinet member\\Secretary of War\nHenry Knox: Business and Finance\\Businessperson\\Merchant\\Bookseller\nPortrait""}",[1780s],"[United States. Army, 'Polk, Charles Peale', 'Knox, Henry', 'Peale, Charles Willson']",[Paintings],[],"[Business and Finance, Cabinet member, Merchants, Government, Businessperson, Dress accessories, Portraits, Secretary of War, Symbols & Motifs, Costume, Military and Intelligence, Men, 'American Revolution (1775-1783)', Public officers, Politics, Medal, Officer, Bookseller]",1,['https://ids.si.edu/ids/deliveryService?id=NPG-NPG_73_11'],"https://ids.si.edu/ids/iiif/NPG-NPG_73_11/full/250,/0/default.jpg",Henry Knox,Charles Peale Polk,1783,Men,Military,"[[571, 435, 1113, 1136]]",https://github.com/nmolnar-parsons/revperiod_portraitfaces/blob/main/Portrait_Faces/Image_166_face_0.jpg?raw=true; 
https://collections.si.edu/search/detail/edanmdm:npg_NPG.73.10,NPG,National Portrait Gallery,John Paul Jones,edanmdm:npg_NPG.73.10,http://n2t.net/ark:/65665/sm4ccf94924-5d6e-4373-912e-918ddabca518,https://npg.si.edu/object/npg_NPG.73.10,2025-03-13,"{""Credit Line"": ""National Portrait Gallery, Smithsonian Institution Conserved with funds from the Smithsonian Women's Committee""}","{""Date"": ""1780""}","{""Object number"": ""NPG.73.10""}","{""Artist"": ""Unidentified Artist"", ""Former attribution"": ""Charlotte-Marguerite de Bourbon, Comtesse de Lowendahl, 1754 - 1839"", ""Sitter"": ""John Paul Jones, 6 Jul 1747 - 18 Jul 1792""}","{""Provenance"": ""(John F. Fleming, New York); purchased 1973 NPG""}","{""Type"": ""Painting""}","{""Medium"": ""Watercolor on ivory"", ""Dimensions"": ""Sight: 7.3 x 5.4cm (2 7/8 x 2 1/8\"")\nFrame: 7.3 x 5.1 x 0.3cm (2 7/8 x 2 x 1/8\"")""}",,,"{""Topic"": ""Costume\\Hair Accessory\\Wig\nCostume\\Dress Accessory\\Epaulet\nMiniature\nJohn Paul Jones: Male\nJohn Paul Jones: Politics and Government\\Government official\nJohn Paul Jones: Military and Intelligence\\Navy\\Officer\nJohn Paul Jones: Civilian awards\\Congressional Gold Medal\nPortrait""}",[1780s],"[United States. Navy, 'Comtesse de Lowendahl, Charlotte-Marguerite de Bourbon', 'Jones, John Paul']","[Miniatures, Paintings]",[],"[Congressional Gold Medal, Government, Dress accessories, Portraits, Civilian awards, Wig, Costume, Military and Intelligence, Men, Public officers, Politics, Hair Accessory, Officer]",1,['https://ids.si.edu/ids/deliveryService?id=NPG-NPG_73_10Jones_int'],"https://ids.si.edu/ids/iiif/NPG-NPG_73_10Jones_int/full/250,/0/default.jpg",John Paul Jones,Unidentified Artist,1780,Men,Military,"[[757, 560, 1026, 1036]]",https://github.com/nmolnar-parsons/revperiod_portraitfaces/blob/main/Portrait_Faces/Image_167_face_0.jpg?raw=true; 
https://collections.si.edu/search/detail/edanmdm:npg_NPG.72.5,NPG,National Portrait Gallery,George Clymer,edanmdm:npg_NPG.72.5,http://n2t.net/ark:/65665/sm4fe37fc7b-baeb-40bd-806f-4c4715d6b38c,https://npg.si.edu/object/npg_NPG.72.5,2025-03-19,"{""Credit Line"": ""National Portrait Gallery, Smithsonian Institution; gift of W.B. Shubrick Clymer""}","{""Date"": ""c. 1807-10""}","{""Object number"": ""NPG.72.5""}","{""Artist"": ""Unidentified Artist"", ""Copy after"": ""Charles Willson Peale, 15 Apr 1741 - 22 Feb 1827"", ""Sitter"": ""George Clymer, 16 Mar 1739 - 25 Jan 1813""}","{""Provenance"": ""William Read [1767-1846]; his daughter Mary Read [1799-1875, Mrs. Coleman Fisher]; her son William Read Fisher; his sister Sally Read Fisher; her nephew George Clymer [d. 1953]; his widow [d. 1969]; her son W.B.Shubrick Clymer, Harrisville, N.H.; gift 1972 to NPG.""}","{""Type"": ""Painting""}","{""Medium"": ""Oil on canvas"", ""Dimensions"": ""77.5cm x 63.5cm (30 1/2\"" x 25\""), Accurate""}",,,"{""Topic"": ""Interior\nHome Furnishings\\Furniture\\Seating\\Chair\nGeorge Clymer: Male\nGeorge Clymer: Politics and Government\\Government official\\Congressman\\Continental congressman\nGeorge Clymer: Politics and Government\\Statesman\\Colonial statesman\\Signer of Declaration\nGeorge Clymer: Politics and Government\\Government official\\US Congressman\\Pennsylvania\nGeorge Clymer: Business and Finance\\Banker\nGeorge Clymer: Business and Finance\\Businessperson\\Merchant\nGeorge Clymer: Politics and Government\\Statesman\\Signer of Constitution\nPortrait""}","[1800s, 1810s]","['Peale, Charles Willson', 'Clymer, George']",[Paintings],"[United States, Pennsylvania]","[Business and Finance, Legislators, Merchants, Congressmen, Government, Businessperson, Interior decoration, Portraits, Home Furnishings, Bankers, Furnishings, Signer of Constitution, Continental congressman, Design, Colonial statesman, Statesman, Chairs, Seating, Men, Signer of Declaration, Public officers, Politics]",1,['https://ids.si.edu/ids/deliveryService?id=NPG-7200010A'],"https://ids.si.edu/ids/iiif/NPG-7200010A/full/250,/0/default.jpg",George Clymer,Unidentified Artist,1807,Men,Government,"[[639, 383, 988, 915]]",https://github.com/nmolnar-parsons/revperiod_portraitfaces/blob/main/Portrait_Faces/Image_168_face_0.jpg?raw=true; 
https://collections.si.edu/search/detail/edanmdm:npg_NPG.72.4,NPG,National Portrait Gallery,George Read,edanmdm:npg_NPG.72.4,http://n2t.net/ark:/65665/sm454447df6-a5da-475c-ae11-481725e3b679,https://npg.si.edu/object/npg_NPG.72.4,2025-03-13,"{""Credit Line"": ""National Portrait Gallery, Smithsonian Institution; gift of W.B. Shubrick Clymer""}","{""Date"": ""1784""}","{""Object number"": ""NPG.72.4""}","{""Artist"": ""Robert Edge Pine, c. 1730 - 1788"", ""Sitter"": ""George Read, 18 Sep 1733 - 21 Sep 1798""}","{""Provenance"": ""William Read [1767-1846]; his daughter Mary Read [1799-1875, Mrs. Coleman Fisher]; her son William Read Fisher; his sister Sally Read Fisher; her nephew George Clymer [d. 1953]; his widow [d. 1969]; her son W.B.Shubrick Clymer, Harrisville, N.H.; gift 1972 to NPG.""}","{""Type"": ""Painting""}","{""Medium"": ""Oil on canvas"", ""Dimensions"": ""91.5cm x 73.5cm (36\"" x 28 15/16\""), Accurate""}",,,"{""Topic"": ""Printed Material\\Document\nInterior\\Interior with Exterior View\nHome Furnishings\\Drape\nGeorge Read: Male\nGeorge Read: Law and Crime\\Lawyer\nGeorge Read: Politics and Government\\Government official\\Congressman\\Continental congressman\nGeorge Read: Politics and Government\\Statesman\\Colonial statesman\\Signer of Declaration\nGeorge Read: Law and Crime\\Judge\\Justice\\State Supreme Court Justice\\Delaware\nGeorge Read: Politics and Government\\Statesman\\Signer of Constitution\nGeorge Read: Politics and Government\\Government official\\State Senator\\Delaware\nPortrait""}",[1780s],"['Pine, Robert Edge', 'Read, George']",[Paintings],"[United States, Delaware]","[Justice, Legislators, Interior with Exterior View, Congressmen, Government, Interior decoration, Portraits, Home Furnishings, Lawyers, State Supreme Court Justice, Signer of Constitution, Printed Material, Continental congressman, Design, Colonial statesman, Statesman, Men, Signer of Declaration, Senators, Public officers, Law and Crime, Politics, Judges, Drape]",1,['https://ids.si.edu/ids/deliveryService?id=NPG-NPG_72_4'],"https://ids.si.edu/ids/iiif/NPG-NPG_72_4/full/250,/0/default.jpg",George Read,Robert Edge Pine,1784,Men,Government,"[[675, 495, 956, 939]]",https://github.com/nmolnar-parsons/revperiod_portraitfaces/blob/main/Portrait_Faces/Image_169_face_0.jpg?raw=true; 
https://collections.si.edu/search/detail/edanmdm:npg_NPG.72.112,NPG,National Portrait Gallery,Thomas Say,edanmdm:npg_NPG.72.112,http://n2t.net/ark:/65665/sm477e4b386-8284-48b7-b522-efc185bbd56a,https://npg.si.edu/object/npg_NPG.72.112,2025-03-19,"{""Credit Line"": ""National Portrait Gallery, Smithsonian Institution""}","{""Date"": ""c. 1812""}","{""Object number"": ""NPG.72.112""}","{""Artist"": ""Joseph Wood, c. 1778 - 1830"", ""Sitter"": ""Thomas Say, 27 Jun 1787 - 10 Oct 1834""}","{""Provenance"": ""Helen J. Kobb\u00e9, New York; her nephew Philip Kobb\u00e9, Wayzata, Minn.; (Hirschl & Adler Galleries, Inc., New York); purchased 1972 NPG""}","{""Type"": ""Painting""}","{""Medium"": ""Oil on wood"", ""Dimensions"": ""23cm x 17cm (9 1/16\"" x 6 11/16\""), Accurate""}",,,"{""Topic"": ""Personal Attribute\\Facial Hair\nThomas Say: Male\nThomas Say: Science and Technology\\Explorer\nThomas Say: Arts and Culture\\Literature\\Writer\\Scientific writer\nThomas Say: Arts and Culture\\Education and Scholarship\\Educator\\Professor\\University\nThomas Say: Science and Technology\\Scientist\\Naturalist\nThomas Say: Science and Technology\\Scientist\\Biologist\\Zoologist\nThomas Say: Science and Technology\\Scientist\\Biologist\\Zoologist\\Entomologist\nThomas Say: Science and Technology\\Scientist\\Biologist\\Zoologist\\Conchologist\nPortrait""}",[1810s],"['Say, Thomas', 'Wood, Joseph']",[Paintings],[],"[Explorers, Arts and Culture, Literature, Writers, Scientific writer, Portraits, Facial Hair, Biology, Entomologists, Educators, Universities, Naturalists, Science and Technology, Men, Education and Scholarship, Scientists, Zoologist, Conchologist]",1,['https://ids.si.edu/ids/deliveryService?id=NPG-NPG_72_112Say-000001'],"https://ids.si.edu/ids/iiif/NPG-NPG_72_112Say-000001/full/250,/0/default.jpg",Thomas Say,Joseph Wood,1812,Men,Civilian,"[[594, 467, 960, 960]]",https://github.com/nmolnar-parsons/revperiod_portraitfaces/blob/main/Portrait_Faces/Image_170_face_0.jpg?raw=true; 
https://collections.si.edu/search/detail/edanmdm:npg_NPG.71.44,NPG,National Portrait Gallery,Thomas Stone,edanmdm:npg_NPG.71.44,http://n2t.net/ark:/65665/sm4b63307e7-6cbf-426e-aac7-71dde7016c99,https://npg.si.edu/object/npg_NPG.71.44,2025-03-13,"{""Credit Line"": ""National Portrait Gallery, Smithsonian Institution; gift of Judith March Clement""}","{""Date"": ""c. 1785""}","{""Object number"": ""NPG.71.44""}","{""Artist"": ""Robert Edge Pine, c. 1730 - 1788"", ""Sitter"": ""Thomas Stone, 1743 - 5 Oct 1787""}","{""Provenance"": ""Judith M. Clement [Mrs. Frank J. Clement], Youngstown, N.Y.; gift 1971 to NPG.""}","{""Type"": ""Painting""}","{""Medium"": ""Oil on canvas"", ""Dimensions"": ""67.5cm x 53.3cm (26 9/16\"" x 21\""), Accurate""}",,,"{""Topic"": ""Thomas Stone: Male\nThomas Stone: Law and Crime\\Lawyer\nThomas Stone: Politics and Government\\Government official\\Congressman\\Continental congressman\nThomas Stone: Politics and Government\\Statesman\\Colonial statesman\\Signer of Declaration\nThomas Stone: Politics and Government\\Government official\\State Senator\\Maryland\nPortrait""}","[1780s, 1790s]","['Stone, Thomas', 'Pine, Robert Edge']",[Paintings],"[United States, Maryland]","[Legislators, Congressmen, Government, Portraits, Lawyers, Continental congressman, Colonial statesman, Statesman, Men, Signer of Declaration, Senators, Public officers, Law and Crime, Politics]",1,['https://ids.si.edu/ids/deliveryService?id=NPG-NPG_71_44'],"https://ids.si.edu/ids/iiif/NPG-NPG_71_44/full/250,/0/default.jpg",Thomas Stone,Robert Edge Pine,1785,Men,Government,"[[732, 504, 1081, 1084]]",https://github.com/nmolnar-parsons/revperiod_portraitfaces/blob/main/Portrait_Faces/Image_171_face_0.jpg?raw=true; 
https://collections.si.edu/search/detail/edanmdm:npg_NPG.70.46,NPG,National Portrait Gallery,John Randolph,edanmdm:npg_NPG.70.46,http://n2t.net/ark:/65665/sm4121aec8c-39f6-49e0-a15d-fcd596f71832,https://npg.si.edu/object/npg_NPG.70.46,2025-03-13,"{""Credit Line"": ""National Portrait Gallery, Smithsonian Institution; gift of Mrs. Gerard B. Lambert""}","{""Date"": ""1811""}","{""Object number"": ""NPG.70.46""}","{""Artist"": ""John Wesley Jarvis, 1780 - 14 Jan 1840"", ""Sitter"": ""John Randolph, 2 Jun 1773 - 24 May 1833""}","{""Exhibition Label"": ""Born Cawsons, Prince George County, Virginia\nCongressman John Randolph, who was born to an elite Virginia family and traced his ancestry to Pocahontas and John Rolfe, was a stalwart advocate for states\u2019 rights. Elected to the House of Representatives in 1799, he opposed the War of 1812 (1812\u201315), regarding the conflict with Britain and its allies as foolhardy and driven by land hunger rather than as a defense of U.S. sovereignty. Randolph was an eccentric man, who brought his hunting dogs into the House chamber, and his colleagues feared his sharp tongue. With only a brief interruption, he served in Congress until 1829.\nRandolph exercised enormous influence when he represented Southern planters in resisting the Missouri Compromise, which forbade slavery in new western territories north of the 36\u00b030\u2019 parallel. Although he defended the institution of slavery, Randolph loathed the slave trade. On his deathbed, Randolph freed the people he had enslaved, although contradictions in his will and subsequent litigation delayed their freedom.\nNacido en Cawsons, Prince George County, Virginia\nEl congresista John Randolph, miembro de una distinguida familia de Virginia cuya ascendencia se remontaba a Pocahontas y John Rolfe, fue un firme defensor de los derechos estatales. Elegido para la C\u00e1mara de Representantes en 1799, se opuso a la Guerra de 1812 (1812\u201315) por considerar que el conflicto con Inglaterra y sus aliados era insensato, causado m\u00e1s por ambici\u00f3n de territorios que por defender la soberan\u00eda estadounidense. Randolph era un exc\u00e9ntrico que llevaba sus perros de caza a la C\u00e1mara, y sus colegas tem\u00edan su lengua mordaz. Con solo una breve interrupci\u00f3n, fue congresista hasta 1829.\nRandolph tuvo un gran influencia como representante de los hacendados sure\u00f1os opuestos al Compromiso de Misuri, que prohib\u00eda la esclavitud en los territorios occidentales al norte del paralelo 36\u00b030\u2019. Aunque defend\u00eda la esclavitud como instituci\u00f3n, odiaba la trata de esclavos. En su lecho de muerte liber\u00f3 a sus esclavos, pero el proceso se demor\u00f3 debido a contradicciones en el testamento y la subsiguiente litigaci\u00f3n."", ""Provenance"": ""Grace Lambert [Mrs. Gerard B. Lambert], Princeton, N.J.; gift 1970 to NPG.""}","{""Type"": ""Painting""}","{""Medium"": ""Oil on wood"", ""Dimensions"": ""Panel: 68.6 x 55.6 x 1.3cm (27 x 21 7/8 x 1/2\"")\nFrame: 89.9 x 77.2 x 7.6cm (35 3/8 x 30 3/8 x 3\"")""}",,,"{""Topic"": ""John Randolph: Male\nJohn Randolph: Politics and Government\\Diplomat\nJohn Randolph: Politics and Government\\Government official\\US Senator\\Virginia\nJohn Randolph: Politics and Government\\Government official\\US Congressman\\Virginia\nPortrait""}",[1810s],"['Jarvis, John Wesley', 'Randolph, John']",[Paintings],"[United States, Virginia]","[Legislators, Congressmen, Government, Diplomacy, Men, Senators, Portraits, Public officers, Politics, Diplomats]",1,['https://ids.si.edu/ids/deliveryService?id=NPG-NPG_70_246Randolph_d1'],"https://ids.si.edu/ids/iiif/NPG-NPG_70_246Randolph_d1/full/250,/0/default.jpg",John Randolph,John Wesley Jarvis,1811,Men,Government,"[[668, 354, 1004, 849]]",https://github.com/nmolnar-parsons/revperiod_portraitfaces/blob/main/Portrait_Faces/Image_172_face_0.jpg?raw=true; 
https://collections.si.edu/search/detail/edanmdm:npg_NPG.70.12,NPG,National Portrait Gallery,John Quincy Adams,edanmdm:npg_NPG.70.12,http://n2t.net/ark:/65665/sm48ec43a84-e8a1-4962-bbf4-e24f7cdc45be,https://npg.si.edu/object/npg_NPG.70.12,2024-12-03,"{""Credit Line"": ""National Portrait Gallery, Smithsonian Institution; transfer from the Smithsonian American Art Museum; gift of Mary Louisa Adams Clement in memory of her mother, Louisa Catherine Adams Clement, 1950""}","{""Date"": ""1815""}","{""Object number"": ""NPG.70.12""}","{""Artist"": ""Pieter Van Huffel, 1769 - 1844"", ""Sitter"": ""John Quincy Adams, 11 Jul 1767 - 23 Feb 1848""}","{""Provenance"": ""Mary Louisa Adams Clement, gift 1950 to NCFA; transferred 1970 to NPG.""}","{""Type"": ""Painting""}","{""Medium"": ""Oil on canvas"", ""Dimensions"": ""Sight: 61 x 50.8cm (24 x 20\"")\nFrame: 77.5 x 67.3 x 8.9cm (30 1/2 x 26 1/2 x 3 1/2\"")""}","{""Place"": ""Belgi\u00eb\\Vlaanderen\\Oost-Vlaanderen\\Ghent""}",,"{""Topic"": ""Printed Material\\Document\\Scroll\nInterior\\Interior with Exterior View\nArchitecture\\Building\\Church\\Cathedral\nCostume\\Dress Accessory\\Button\nJohn Quincy Adams: Male\nJohn Quincy Adams: Politics and Government\\Government official\\US Congressman\\Massachusetts\nJohn Quincy Adams: Politics and Government\\Government official\\President of US\nJohn Quincy Adams: Politics and Government\\Government official\\Cabinet member\\Secretary of State\nJohn Quincy Adams: Politics and Government\\Government official\\US Senator\\Massachusetts\nJohn Quincy Adams: Politics and Government\\Son of US President\nJohn Quincy Adams: Politics and Government\\Diplomat\\Minister\\US Minister\nPortrait""}",[1810s],"['Van Huffel, Pieter', 'Adams, John Quincy']",[Paintings],"[België, Oost-Vlaanderen, Ghent, United States, Europe, Massachusetts, Vlaanderen]","[Legislators, Son of US President, Dress accessories, Secretary of State, Printed Material, Design, Button, Public officers, Diplomats, Presidents, Minister, Cabinet member, Interior with Exterior View, Congressmen, Architecture, Government, Diplomacy, Interior decoration, Scroll, Cathedral, Portraits, US Minister, Costume, Men, Senators, Politics, Church buildings]",1,['https://ids.si.edu/ids/deliveryService?id=NPG-NPG_70_12Adams-000002'],"https://ids.si.edu/ids/iiif/NPG-NPG_70_12Adams-000002/full/250,/0/default.jpg",John Quincy Adams,Pieter Van Huffel,1815,Men,President,"[[626, 240, 1022, 831]]",https://github.com/nmolnar-parsons/revperiod_portraitfaces/blob/main/Portrait_Faces/Image_173_face_0.jpg?raw=true; 
https://collections.si.edu/search/detail/edanmdm:npg_NPG.69.50,NPG,National Portrait Gallery,Horatio Gates,edanmdm:npg_NPG.69.50,http://n2t.net/ark:/65665/sm4300e34de-2e48-43f9-91fc-f585e621ed21,https://npg.si.edu/object/npg_NPG.69.50,2025-03-13,"{""Credit Line"": ""National Portrait Gallery, Smithsonian Institution; partial gift of Mr. Lawrence A. Fleischman""}","{""Date"": ""c. 1782""}","{""Object number"": ""NPG.69.50""}","{""Artist"": ""James Peale, 1749 - 24 May 1831"", ""Copy after"": ""Charles Willson Peale, 15 Apr 1741 - 22 Feb 1827"", ""Sitter"": ""Horatio Gates, 1727 - 1806""}","{""Exhibition Label"": ""Born Maldon, England\nBritish army officer Horatio Gates fought in the French and Indian War (1754\u201363), rising to the rank of major before peace ended his advancement. Frustrated, Gates resigned from the army and immigrated to North America. In 1773, he purchased a 659-acre plantation in present-day West Virginia and enslaved laborers to work the land.\nWhen the American Revolution broke out, Gates joined the Continental Army, advancing to the rank of major general in May 1776. He was awarded a congressional gold medal for his \u201cbrave and successful efforts\u201d leading to the surrender of General John Burgoyne and his whole army at Saratoga in October 1777. But his reputation was ruined by his defeat at Camden in 1780. \u201cWas there ever so precipitous a flight?\u201d jested Alexander Hamilton about Gates\u2019s hasty retreat. \u201cIt does admirable credit to the activity of a man at his time of life.\u201d\nNacido en Maldon, Inglaterra\nEl oficial del ej\u00e9rcito ingl\u00e9s Horatio Gates luch\u00f3 en la Guerra Franco-Ind\u00edgena (1754\u201363) y ascendi\u00f3 al rango de mayor antes de que la paz frenara su progreso. Frustrado, Gates renunci\u00f3 al ej\u00e9rcito e inmigr\u00f3 a Norteam\u00e9rica. En 1773 compr\u00f3 una plantaci\u00f3n de 659 acres en la actual Virginia Occidental y all\u00ed tuvo trabajadores esclavizados.\nAl estallar la Guerra de Independencia, Gates se uni\u00f3 al Ej\u00e9rcito Continental, ascendiendo al rango de mayor general en mayo de 1776. Recibi\u00f3 una medalla congresional de oro por sus \u201cgestiones valientes y exitosas\u201d para conseguir la rendici\u00f3n del general John Burgoyne y todo su ej\u00e9rcito en Saratoga en octubre de 1777. Pero su fama qued\u00f3 arruinada por su derrota en Camden en 1780. \u201c\u00bfSe ha visto antes huida tan precipitada?\u201d, brome\u00f3 Alexander Hamilton sobre la veloz retirada de Gates. \u201cEso habla muy bien de la condici\u00f3n f\u00edsica de un hombre de sus a\u00f1os\u201d."", ""Provenance"": ""Estate of Isabelle Middleton Hanchin; (another New York dealer); (Kennedy Galleries, Inc., New York); purchased with gift from Lawrence A. Fleischman 1969.""}","{""Type"": ""Painting""}","{""Medium"": ""Oil on canvas"", ""Dimensions"": ""Stretcher: 58.4 x 48.3 x 2.5cm (23 x 19 x 1\"")\nFrame: 77.5 x 67.3 x 5.1cm (30 1/2 x 26 1/2 x 2\"")""}",,,"{""Topic"": ""Costume\\Dress Accessory\\Epaulet\nHoratio Gates: Male\nHoratio Gates: Politics and Government\\Government official\\State Legislator\\New York\nHoratio Gates: Military and Intelligence\\Army\\Officer\\Revolutionary War\nHoratio Gates: Civilian awards\\Congressional Gold Medal\nPortrait""}","[1770s, 1780s]","[United States. Army, 'Peale, Charles Willson', 'Peale, James', 'Gates, Horatio']",[Paintings],"[New York, United States]","[Legislators, Congressional Gold Medal, Government, Dress accessories, Portraits, Civilian awards, Costume, Military and Intelligence, Men, Public officers, 'American Revolution (1775-1783)', Politics, Officer]",1,['https://ids.si.edu/ids/deliveryService?id=NPG-NPG_69_50'],"https://ids.si.edu/ids/iiif/NPG-NPG_69_50/full/250,/0/default.jpg",Horatio Gates,James Peale,1782,Men,Government,"[[559, 454, 1050, 1089]]",https://github.com/nmolnar-parsons/revperiod_portraitfaces/blob/main/Portrait_Faces/Image_174_face_0.jpg?raw=true; 
https://collections.si.edu/search/detail/edanmdm:npg_NPG.69.48,NPG,National Portrait Gallery,George Rogers Clark,edanmdm:npg_NPG.69.48,http://n2t.net/ark:/65665/sm47c96b51b-edf7-459b-ad11-e625b2996dea,https://npg.si.edu/object/npg_NPG.69.48,2025-03-19,"{""Credit Line"": ""National Portrait Gallery, Smithsonian Institution""}","{""Date"": ""c. 1810""}","{""Object number"": ""NPG.69.48""}","{""Attribution"": ""C. D. Cook, active c. 1810"", ""Sitter"": ""Gen. George Rogers Clark, 19 Nov 1752 - 13 Feb 1818""}","{""Provenance"": ""(M. Knoedler & Co., New York); purchased 1969 NPG.""}","{""Type"": ""Painting""}","{""Medium"": ""Oil on canvas"", ""Dimensions"": ""68.6cm x 57.1cm (27\"" x 22 1/2\""), Accurate""}",,,"{""Topic"": ""Home Furnishings\\Globe\nGen. George Rogers Clark: Male\nGen. George Rogers Clark: Science and Technology\\Explorer\nGen. George Rogers Clark: Business and Finance\\Natural resources commerce\\Pioneer\\Frontiersman\nGen. George Rogers Clark: Military and Intelligence\\Army\\Officer\\Brigadier General\nGen. George Rogers Clark: Social Welfare and Reform\\Reformer\\Revolutionary\nPortrait""}","[1800s, 1810s]","[United States. Army, 'Clark, George Rogers', 'Cook, C. D.']",[Paintings],[],"[Business and Finance, Social Welfare and Reform, Explorers, Frontiersman, Natural resources commerce, Portraits, Home Furnishings, Reformers, Science and Technology, Brigadier General, Pioneer, Globe, Military and Intelligence, Men, Revolutionary, Officer]",1,['https://ids.si.edu/ids/deliveryService?id=NPG-NPG_69_48'],"https://ids.si.edu/ids/iiif/NPG-NPG_69_48/full/250,/0/default.jpg",Gen. George Rogers Clark,C. D. Cook,1810,Men,Military,"[[638, 252, 973, 798]]",https://github.com/nmolnar-parsons/revperiod_portraitfaces/blob/main/Portrait_Faces/Image_175_face_0.jpg?raw=true; 
https://collections.si.edu/search/detail/edanmdm:npg_NPG.67.7,NPG,National Portrait Gallery,Reverend Justus Henry Christian Helmuth,edanmdm:npg_NPG.67.7,http://n2t.net/ark:/65665/sm4ef305d55-3658-4209-be9a-4a11fa8fa725,https://npg.si.edu/object/npg_NPG.67.7,2025-03-19,"{""Credit Line"": ""National Portrait Gallery, Smithsonian Institution""}","{""Date"": ""c. 1795""}","{""Object number"": ""NPG.67.7""}","{""Artist"": ""John Eckstein, 1736 - 1817"", ""Sitter"": ""Rev. Justus Henry Christian Helmuth, 16 May 1745 - 5 Feb 1825""}","{""Provenance"": ""John L. Helmuth, East Hampton, N.Y.; (James Abbe, Jr., Oyster Bay, N.Y.); purchased 1967 NPG.""}","{""Type"": ""Painting""}","{""Medium"": ""Oil on canvas"", ""Dimensions"": ""78.8cm x 71.1cm (31\"" x 28\""), Accurate""}",,,"{""Topic"": ""Interior\nPrinted Material\\Book\nHome Furnishings\\Furniture\\Table\nHome Furnishings\\Furniture\\Bookcase\nRev. Justus Henry Christian Helmuth: Male\nRev. Justus Henry Christian Helmuth: Religion and Spirituality\\Clergy\nRev. Justus Henry Christian Helmuth: Arts and Culture\\Literature\\Writer\nRev. Justus Henry Christian Helmuth: Arts and Culture\\Journalism and Media\\Magazine publisher\nRev. Justus Henry Christian Helmuth: Arts and Culture\\Education and Scholarship\\Educator\nPortrait""}","[1800s, 1790s]","['Eckstein, John', 'Helmuth, Justus Henry Christian']",[Paintings],[],"[Books and reading, Arts and Culture, Literature, Bookcase, Writers, Interior decoration, Portraits, Home Furnishings, Educators, Furnishings, Printed Material, Design, Magazine publisher, Religion and Spirituality, Men, Tables, Education and Scholarship, Journalism and Media, Clergy]",1,['https://ids.si.edu/ids/deliveryService?id=NPG-NPG_67_7Helmuth-000003'],"https://ids.si.edu/ids/iiif/NPG-NPG_67_7Helmuth-000003/full/250,/0/default.jpg",Rev. Justus Henry Christian Helmuth,John Eckstein,1795,Men,Clergy,"[[721, 311, 1069, 815]]",https://github.com/nmolnar-parsons/revperiod_portraitfaces/blob/main/Portrait_Faces/Image_176_face_0.jpg?raw=true; 
https://collections.si.edu/search/detail/edanmdm:npg_NPG.67.2,NPG,National Portrait Gallery,Samuel Chase,edanmdm:npg_NPG.67.2,http://n2t.net/ark:/65665/sm46756a84a-7e6b-4cc3-a094-4a4b2b5accfb,https://npg.si.edu/object/npg_NPG.67.2,2025-03-13,"{""Credit Line"": ""National Portrait Gallery, Smithsonian Institution""}","{""Date"": ""1811""}","{""Object number"": ""NPG.67.2""}","{""Artist"": ""John Wesley Jarvis, 1780 - 14 Jan 1840"", ""Sitter"": ""Samuel Chase, 17 Apr 1741 - 19 Jun 1811""}","{""Provenance"": ""Estate of Edward Macauley, San Francisco, executrix his daughter Barbara Macauley Brown, San Francisco; purchased 1967 through (Victor D. Spark, New York) by NPG.""}","{""Type"": ""Painting""}","{""Medium"": ""Oil on wood"", ""Dimensions"": ""Frame: 90.2 \u00d7 77.5 cm (35 1/2 \u00d7 30 1/2\"")\nBoard (Wood): 71.4 \u00d7 57.6 \u00d7 1.3 cm (28 1/8 \u00d7 22 11/16 \u00d7 1/2\"")""}",,,"{""Topic"": ""Samuel Chase: Male\nSamuel Chase: Law and Crime\\Lawyer\nSamuel Chase: Politics and Government\\Statesman\\Colonial statesman\\Signer of Declaration\nSamuel Chase: Law and Crime\\Judge\\Justice\\US Supreme Court Justice\nSamuel Chase: Politics and Government\\Government official\\State Legislator\\Maryland\nPortrait""}",[1810s],"['Jarvis, John Wesley', 'Chase, Samuel']",[Paintings],"[United States, Maryland]","[Justice, Legislators, Government, Portraits, Lawyers, Colonial statesman, Statesman, Men, Signer of Declaration, Public officers, Law and Crime, Politics, Judges, US Supreme Court Justice]",1,['https://ids.si.edu/ids/deliveryService?id=NPG-NPG_67_2Chase-000001'],"https://ids.si.edu/ids/iiif/NPG-NPG_67_2Chase-000001/full/250,/0/default.jpg",Samuel Chase,John Wesley Jarvis,1811,Men,Government,"[[530, 416, 962, 1029]]",https://github.com/nmolnar-parsons/revperiod_portraitfaces/blob/main/Portrait_Faces/Image_177_face_0.jpg?raw=true; 
https://collections.si.edu/search/detail/edanmdm:npg_NPG.67.1,NPG,National Portrait Gallery,Charles Cotesworth Pinckney,edanmdm:npg_NPG.67.1,http://n2t.net/ark:/65665/sm4dedfc1de-1063-4b80-aefa-2b9b6c286e55,https://npg.si.edu/object/npg_NPG.67.1,2025-03-13,"{""Credit Line"": ""National Portrait Gallery, Smithsonian Institution; frame conserved with funds from the Smithsonian Women's Committee""}","{""Date"": ""c. 1773""}","{""Object number"": ""NPG.67.1""}","{""Artist"": ""Henry Benbridge, 20 Oct 1743 - 25 Jan 1812"", ""Sitter"": ""Charles Cotesworth Pinckney, 25 Feb 1746 - 25 Aug 1825""}","{""Exhibition Label"": ""Born Charles Town (now Charleston), South Carolina\nCharles Cotesworth Pinckney was a leading South Carolina lawyer, military figure, and statesman, whose wealth stemmed from the labor of those he enslaved on his rice plantations. Educated in England, he was an active participant in the colonial government and served in the royal militia before siding with the rebels and becoming a captain in the Continental Army.\nAround 1773, Henry Benbridge portrayed Pinckney in a red British uniform coat. Pinckney later asked the artist to repaint the garment\u2019s color to represent his new allegiance. Traces of red remain visible along the edges of the sitter\u2019s left sleeve.\nAfter the Revolution, Pinckney served as a delegate to the Constitutional Convention of 1787. When Northern delegates argued that the Constitution should ban the import of African people, he proposed the compromise that allowed it to continue for another twenty years, until 1808.\nNacido en Charles Town (hoy Charleston), Carolina del Sur\nCharles Cotesworth Pinckney era un prominente abogado, militar y estadista de Carolina del Sur cuya riqueza proven\u00eda del trabajo de personas esclavizadas en sus plantaciones de arroz. Educado en Inglaterra, particip\u00f3 activamente en el gobierno colonial y sirvi\u00f3 en la milicia real antes de aliarse a los rebeldes y ser capit\u00e1n en el Ej\u00e9rcito Continental.\nHacia 1773, Henry Benbridge lo retrat\u00f3 con la casaca roja del uniforme brit\u00e1nico. Luego Pinckney pidi\u00f3 al artista que repintara la ropa para reflejar su nueva filiaci\u00f3n. En los bordes de la manga izquierda a\u00fan pueden verse rastros del rojo.\nTras la Revoluci\u00f3n, Pinckney fue delegado a la Convenci\u00f3n Constitucional de 1787. Cuando los delegados del norte alegaron que la Constituci\u00f3n deb\u00eda prohibir la importaci\u00f3n de personas africanas, Pinckney propuso un t\u00e9rmino medio que permiti\u00f3 continuar la pr\u00e1ctica 20 a\u00f1os m\u00e1s, hasta 1808."", ""Provenance"": ""(Kennedy Galleries, New York); purchased 1967 NPG.""}","{""Type"": ""Painting""}","{""Medium"": ""Oil on canvas"", ""Dimensions"": ""Stretcher: 76.7 x 64 x 3.8cm (30 3/16 x 25 3/16 x 1 1/2\"")\nFrame: 92.7 x 79.4 x 6.7cm (36 1/2 x 31 1/4 x 2 5/8\"")""}",,,"{""Topic"": ""Costume\\Headgear\\Military\nExterior\\Forest\nCharles Cotesworth Pinckney: Male\nCharles Cotesworth Pinckney: Law and Crime\\Lawyer\nCharles Cotesworth Pinckney: Politics and Government\\Presidential candidate\nCharles Cotesworth Pinckney: Military and Intelligence\\Army\\Officer\\Revolutionary War\nCharles Cotesworth Pinckney: Politics and Government\\Diplomat\nCharles Cotesworth Pinckney: Military and Intelligence\\Army\\Officer\\General\nCharles Cotesworth Pinckney: Politics and Government\\Diplomat\\Minister\nCharles Cotesworth Pinckney: Politics and Government\\Government official\\US Congressman\\South Carolina\nCharles Cotesworth Pinckney: Politics and Government\\Government official\\Governor\\South Carolina\nCharles Cotesworth Pinckney: Politics and Government\\Statesman\\Signer of Constitution\nCharles Cotesworth Pinckney: Politics and Government\\Government official\\State Senator\\South Carolina\nCharles Cotesworth Pinckney: Military and Intelligence\\Prisoner of War\nPortrait""}",[1770s],"[United States. Army, 'Pinckney, Charles Cotesworth', 'Benbridge, Henry']","[Paintings, Exterior views]","[United States, South Carolina]","[Presidential candidate, Legislators, Governors, Statesman, Military and Intelligence, 'American Revolution (1775-1783)', Public officers, Diplomats, Minister, Military, Congressmen, Government, Diplomacy, Portraits, Forests and forestry, Lawyers, Headgear, Signer of Constitution, Costume, Men, Senators, Law and Crime, Politics, Prisoner of War, Officer]",1,['https://ids.si.edu/ids/deliveryService?id=NPG-NPG_67_1Pinckney_d1'],"https://ids.si.edu/ids/iiif/NPG-NPG_67_1Pinckney_d1/full/250,/0/default.jpg",Charles Cotesworth Pinckney,Henry Benbridge,1773,Men,Government,"[[674, 385, 1004, 854]]",https://github.com/nmolnar-parsons/revperiod_portraitfaces/blob/main/Portrait_Faces/Image_178_face_0.jpg?raw=true; 
https://collections.si.edu/search/detail/edanmdm:npg_NPG.66.63,NPG,National Portrait Gallery,Thomas McKean,edanmdm:npg_NPG.66.63,http://n2t.net/ark:/65665/sm4305f0b15-744e-4712-9daa-31abd4514b8e,https://npg.si.edu/object/npg_NPG.66.63,2025-03-13,"{""Credit Line"": ""National Portrait Gallery, Smithsonian Institution; transfer from the Smithsonian American Art Museum; gift of the collection of George Buchanan Coale, 1926""}","{""Date"": ""after 1787""}","{""Object number"": ""NPG.66.63""}","{""Attribution"": ""Charles Willson Peale, 15 Apr 1741 - 22 Feb 1827"", ""Sitter"": ""Thomas McKean, 19 Mar 1734 - 24 Jun 1817""}","{""Provenance"": ""George Buchanan Coale, Baltimore; his daughter Mary Buchanan Redwood [Mrs. Francis T. Redwood], Baltimore; gift to Smithsonian; transferred from NCFA to NPG 1966.""}","{""Type"": ""Painting""}","{""Medium"": ""Oil on canvas"", ""Dimensions"": ""Sight: 69.9 x 55.9cm (27 1/2 x 22\"")\nFrame: 82.9 x 70.2 x 5.1cm (32 5/8 x 27 5/8 x 2\"")""}",,,"{""Topic"": ""Printed Material\\Book\nHome Furnishings\\Furniture\\Bookcase\nCostume\\Hair Accessory\\Wig\nThomas McKean: Male\nThomas McKean: Law and Crime\\Lawyer\nThomas McKean: Politics and Government\\Government official\\Congressman\\Continental congressman\nThomas McKean: Politics and Government\\Statesman\\Colonial statesman\\Signer of Declaration\nThomas McKean: Politics and Government\\Government official\\Governor\\Pennsylvania\nThomas McKean: Politics and Government\\Government official\\State Legislator\\Delaware\nThomas McKean: Law and Crime\\Judge\\Justice\\State Supreme Court Justice\\Pennsylvania\nPortrait""}","[1800s, 1780s]","['McKean, Thomas', 'Peale, Charles Willson']",[Paintings],"[United States, Delaware, Pennsylvania]","[Justice, Legislators, Books and reading, Home Furnishings, Governors, State Supreme Court Justice, Printed Material, Colonial statesman, Statesman, Signer of Declaration, Public officers, Hair Accessory, Congressmen, Bookcase, Government, Portraits, Lawyers, Furnishings, Continental congressman, Wig, Costume, Men, Law and Crime, Politics, Judges]",1,['https://ids.si.edu/ids/deliveryService?id=NPG-NPG_66_63McKean-000003'],"https://ids.si.edu/ids/iiif/NPG-NPG_66_63McKean-000003/full/250,/0/default.jpg",Thomas McKean,Charles Willson Peale,1787,Men,Governors,"[[550, 558, 950, 1131]]",https://github.com/nmolnar-parsons/revperiod_portraitfaces/blob/main/Portrait_Faces/Image_179_face_0.jpg?raw=true; 
https://collections.si.edu/search/detail/edanmdm:npg_NPG.66.50,NPG,National Portrait Gallery,Samuel Smith,edanmdm:npg_NPG.66.50,http://n2t.net/ark:/65665/sm4b3e3ad9e-c76a-4851-aefd-f6c6efa03b4c,https://npg.si.edu/object/npg_NPG.66.50,2025-03-19,"{""Credit Line"": ""National Portrait Gallery, Smithsonian Institution; gift of Dr. and Mrs. B. Noland Carter in memory of the Misses Mary Coles Carter and Sally Randolph Carter""}","{""Date"": ""c. 1800""}","{""Object number"": ""NPG.66.50""}","{""Artist"": ""Gilbert Stuart, 3 Dec 1755 - 9 Jul 1828"", ""Sitter"": ""Samuel Smith, 27 Jul 1752 - 22 Apr 1839""}","{""Provenance"": ""Family descent to B. Noland Carter, Cincinnati ; gift 1966 to NPG.""}","{""Type"": ""Painting""}","{""Medium"": ""Oil on canvas"", ""Dimensions"": ""Frame: 91.4 x 78.7 x 7.6 cm (36 x 31 x 3\"")\nStretcher: 74.3 \u00d7 61.9 \u00d7 3.2 cm (29 1/4 \u00d7 24 3/8 \u00d7 1 1/4\"")""}",,,"{""Topic"": ""Costume\\Dress Accessory\\Epaulet\nSamuel Smith: Male\nSamuel Smith: Military and Intelligence\\Army\\Officer\\Revolutionary War\nSamuel Smith: Business and Finance\\Businessperson\\Merchant\nSamuel Smith: Politics and Government\\Government official\\US Congressman\\Maryland\nSamuel Smith: Politics and Government\\Government official\\US Senator\\Maryland\nSamuel Smith: Politics and Government\\Government official\\Public official\\Mayor\\Baltimore, MD\nPortrait""}","[1800s, 1790s]","[United States. Army, 'Smith, Samuel', 'Stuart, Gilbert']",[Paintings],"[United States, 'Baltimore, MD', Maryland]","[Business and Finance, Legislators, Merchants, Congressmen, Businessperson, Government, Dress accessories, Portraits, Public official, Costume, Military and Intelligence, Men, Senators, 'American Revolution (1775-1783)', Public officers, Politics, Officer, Mayors]",1,['https://ids.si.edu/ids/deliveryService?id=NPG-NPG_66_50Smith-000002'],"https://ids.si.edu/ids/iiif/NPG-NPG_66_50Smith-000002/full/250,/0/default.jpg",Samuel Smith,Gilbert Stuart,1800,Men,Government,"[[662, 394, 1001, 905]]",https://github.com/nmolnar-parsons/revperiod_portraitfaces/blob/main/Portrait_Faces/Image_180_face_0.jpg?raw=true; 
https://collections.si.edu/search/detail/edanmdm:npg_NPG.65.59,NPG,National Portrait Gallery,George Washington,edanmdm:npg_NPG.65.59,http://n2t.net/ark:/65665/sm44e3d37cd-c4ac-4f62-89e5-de10c5e161b1,https://npg.si.edu/object/npg_NPG.65.59,2025-03-19,"{""Credit Line"": ""National Portrait Gallery, Smithsonian Institution; transfer from the National Gallery of Art; gift of the A.W. Mellon Educational and Charitable Trust, 1942""}","{""Date"": ""1795""}","{""Object number"": ""NPG.65.59""}","{""Artist"": ""Rembrandt Peale, 22 Feb 1778 - 3 Oct 1860"", ""Sitter"": ""George Washington, 22 Feb 1732 - 14 Dec 1799""}","{""Exhibition Label"": ""In 1795, the Philadelphia artist Charles Willson Peale persuaded President George Washington to pose for his seventeen-year-old son Rembrandt, who wanted to paint the president\u2019s portrait. Upon learning that Rembrandt was joined in the painting room by his father, his brother Raphaelle, and his Uncle James (all artists), Gilbert Stuart quipped that the president was in danger of being \u201cPealed all around.\u201d Rembrandt Peale\u2019s original life portrait is now in the collection of the Historical Society of Pennsylvania. He once stated that he had painted ten replicas, but only two are known\u2014this example and one in the collection of the Detroit Institute of Arts.\nEn 1795, el artista Charles Willson Peale, radicado en Filadelfia, persuadi\u00f3 al presidente George Washington de que posara para su hijo Rembrandt, de diecisiete a\u00f1os de edad, quien quer\u00eda pintarle un retrato. Al enterarse de que en el estudio estaban presentes tambi\u00e9n el padre del joven, su hermano Raphaelle y su t\u00edo James (artistas todos), Gilbert Stuart coment\u00f3 en tono jocoso que el president estaba en peligro de que lo \u201cpelaran por completo\u201d (un juego de palabras con la palabra inglesa \u201cpeal\u201d (pelar) y el apellido de los pintores). El retrato del natural realizado por Rembrandt Peale se encuentra ahora en la colecci\u00f3n de la Sociedad Hist\u00f3rica de Pensilvania. En alg\u00fan momento Peale afirm\u00f3 que hab\u00eda pintado diez r\u00e9plicas, pero solo se conocen dos: este ejemplar y el de la colecci\u00f3n del Detroit Institute of Arts.\nRembrandt Peale (1778\u20131860)"", ""Provenance"": ""Henry William de Saussure [1763-1839]; by descent to his son [? grandson?] John De Saussure; purchased 1877 George L. Sanderson, Antes Fort, Pennsylvania [d. 1907]; his daughter Mrs. Sanderson Cotter; via (Jonce Irwin McGurk [1875-1947], New York) bought 27 December 1917 by Thomas B. Clarke, [1848-1931], New York; (M. Knoedler & Co., New York); purchased 1936 by The A. W. Mellon Educational and Charitable Trus, Pittsburgh; gift 1942 to NGA; transferred 1965 to NPG.""}","{""Type"": ""Painting""}","{""Medium"": ""Oil on canvas"", ""Dimensions"": ""Stretcher: 75.6 x 64.5 x 3.2cm (29 3/4 x 25 3/8 x 1 1/4\"")\nFrame: 94.9 x 83.8 x 9.5cm (37 3/8 x 33 x 3 3/4\"")""}",,,"{""Topic"": ""George Washington: Male\nGeorge Washington: Military and Intelligence\\Army\\Officer\\Revolutionary War\nGeorge Washington: Politics and Government\\Statesman\\Colonial statesman\nGeorge Washington: Business and Finance\\Natural resources commerce\\Agriculturist\\Farmer\nGeorge Washington: Military and Intelligence\\Army\\Officer\\General\nGeorge Washington: Politics and Government\\Government official\\President of US\nGeorge Washington: Science and Technology\\Surveyor\nGeorge Washington: Civilian awards\\Congressional Gold Medal\nPortrait""}",[1790s],"[United States. Army, 'Washington, George', 'Peale, Rembrandt']",[Paintings],[United States],"[Business and Finance, Congressional Gold Medal, Farmers, Government, Natural resources commerce, Portraits, Civilian awards, Science and Technology, Colonial statesman, Agriculturists, Statesman, Surveyors, Military and Intelligence, Men, 'American Revolution (1775-1783)', Public officers, Politics, Presidents, Officer]",1,['https://ids.si.edu/ids/deliveryService?id=NPG-NPG_65_59'],"https://ids.si.edu/ids/iiif/NPG-NPG_65_59/full/250,/0/default.jpg",George Washington,Rembrandt Peale,1795,Men,President,"[[580, 460, 955, 1015]]",https://github.com/nmolnar-parsons/revperiod_portraitfaces/blob/main/Portrait_Faces/Image_181_face_0.jpg?raw=true; 
https://collections.si.edu/search/detail/edanmdm:npg_NPG.65.57,NPG,National Portrait Gallery,William Moultrie,edanmdm:npg_NPG.65.57,http://n2t.net/ark:/65665/sm40f5172bb-7cff-4476-b539-3a8a5303527c,https://npg.si.edu/object/npg_NPG.65.57,2025-03-13,"{""Credit Line"": ""National Portrait Gallery, Smithsonian Institution; transfer from the National Gallery of Art; gift of the A.W. Mellon Educational and Charitable Trust, 1942""}","{""Date"": ""1782""}","{""Object number"": ""NPG.65.57""}","{""Artist"": ""Charles Willson Peale, 15 Apr 1741 - 22 Feb 1827"", ""Sitter"": ""William Moultrie, 1730 - 27 Sep 1805""}","{""Exhibition Label"": ""Born Charles Town (now Charleston), South Carolina\nIn March 1776, William Moultrie, a wealthy planter with experience as a militia captain, took command of the Continental Army\u2019s fort on Sullivan\u2019s Island in Charles Town Harbor. Renamed in his honor following the Revolutionary War, the fort is visible in the background of this portrait.\nIn advance of the takeover, Moultrie deployed his soldiers to attack British Army encampments on Sullivan\u2019s Island and slaughter or capture formerly enslaved people who had been promised their freedom in exchange for fighting for the king. These raids were specifically designed to instill fear in the Low Country\u2019s Black population and to dissuade them from deserting their enslavers. Such efforts were familiar to Moultrie, who owned over two hundred people, making him the second-largest holder of enslaved individuals in the Continental Army after General George Washington.\nNacido en Charles Town (hoy Charleston), Carolina del Sur\nEn marzo de 1776, William Moultrie, un rico hacendado con experiencia como capit\u00e1n de milicias, asumi\u00f3 el mando del fuerte del Ej\u00e9rcito Continental en Sullivan\u2019s Island, en la bah\u00eda de Charles Town. Rebautizado en su honor tras la Guerra de Independencia, el fuerte aparece al fondo de este retrato.\nPreviendo el ataque ingl\u00e9s, Moultrie moviliz\u00f3 a sus soldados para atacar los campamentos del ej\u00e9rcito brit\u00e1nico en Sullivan\u2019s Island y matar o capturar a antiguos esclavos que hab\u00edan recibido la promesa de libertad si luchaban del lado del rey. Con esos asaltos quer\u00edan atemorizar a la poblaci\u00f3n negra de la costa de Carolina del Sur para evitar que abandonaran a sus esclavizadores. Estas t\u00e1cticas eran familiares para Moultrie, due\u00f1o de m\u00e1s de 200 esclavos, cifra superada solo por George Washington entre los miembros del Ej\u00e9rcito Continental."", ""Provenance"": ""William Moultrie [1730-1805]; his godson William Moultrie Reid; William Moultrie Reid, Jr.; William Moultrie Reid III; his daughter Miss Reid and Louise Reiser [Mrs. C. W. Reiser], Columbia, S.C.; (Eunice Chambers [d. 1971], Hartsville, S.C.); (A. E. Rueff, Brooklyn); (Harry MacNeill Bland, New York); (M. Knoedler & Co., New York); purchased 1 May 1936 by The A. W. Mellon Educational and Charitable Trust, Pittsburgh; gift 1942 to NGA; transferred 1965 to NPG.""}","{""Type"": ""Painting""}","{""Medium"": ""Oil on canvas"", ""Dimensions"": ""Stretcher: 67.6 x 57.2 x 2.5cm (26 5/8 x 22 1/2 x 1\"")\nFrame: 75.6 x 65.4 x 6.4cm (29 3/4 x 25 3/4 x 2 1/2\"")""}",,,"{""Topic"": ""William Moultrie: Male\nWilliam Moultrie: Military and Intelligence\\Army\\Officer\\Revolutionary War\nWilliam Moultrie: Politics and Government\\Government official\\Governor\\South Carolina\nPortrait""}",[1780s],"[United States. Army, 'Moultrie, William', 'Peale, Charles Willson']",[Paintings],[South Carolina],"[Government, Military and Intelligence, Men, Portraits, 'American Revolution (1775-1783)', Public officers, Politics, Governors, Officer]",1,['https://ids.si.edu/ids/deliveryService?id=NPG-NPG_65_57'],"https://ids.si.edu/ids/iiif/NPG-NPG_65_57/full/250,/0/default.jpg",William Moultrie,Charles Willson Peale,1782,Men,Government,"[[639, 459, 1044, 1021]]",https://github.com/nmolnar-parsons/revperiod_portraitfaces/blob/main/Portrait_Faces/Image_182_face_0.jpg?raw=true; 
https://collections.si.edu/search/detail/edanmdm:npg_NPG.65.45,NPG,National Portrait Gallery,Henry Laurens,edanmdm:npg_NPG.65.45,http://n2t.net/ark:/65665/sm4788cc49c-f433-42e3-9f43-7c0d12582aa8,https://npg.si.edu/object/npg_NPG.65.45,2025-03-19,"{""Credit Line"": ""National Portrait Gallery, Smithsonian Institution; transfer from the National Gallery of Art; gift of the A.W. Mellon Educational and Charitable Trust, 1942""}","{""Date"": ""1782""}","{""Object number"": ""NPG.65.45""}","{""Artist"": ""John Singleton Copley, 3 Jul 1738 - 9 Sep 1815"", ""Sitter"": ""Henry Laurens, 6 Mar 1724 - 8 Dec 1792""}","{""Exhibition Label"": ""Born Charles Town (now Charleston), South Carolina\nThis portrait depicts South Carolina statesman Henry Laurens in his capacity as president of the Continental Congress (1777\u201378). Laurens was also a partner in the largest American slave trading company, Austin and Laurens. During the Revolutionary War (1775\u201383), he objected to the British promise to liberate enslaved people who would fight with them. In 1780, the British captured Laurens while he was traveling to Holland to negotiate aid for the revolutionary government. They charged him with high treason and imprisoned him in the Tower of London for fifteen months.\nFollowing Laurens\u2019s release, in April 1782, John Singleton Copley painted this portrait in London. Seven months later, Laurens traveled to Paris, where he signed the treaty ending the Revolutionary War. Protecting his economic interests, Laurens made a last-minute change to the Treaty of Paris to prevent the British Army from \u201ccarrying away\u201d American property\u2014including formerly enslaved people.\nNacido en Charles Town (hoy Charleston), Carolina del Sur\nAqu\u00ed aparece Henry Laurens, estadista de Carolina del Sur, en su car\u00e1cter de presidente del Congreso Continental (1777\u201378). Laurens era tambi\u00e9n socio en la compa\u00f1\u00eda m\u00e1s grande de tr\u00e1fico de esclavos en Estados Unidos: Austin and Laurens. Durante la Guerra de Independencia (1775\u201383) se opuso a la promesa de los brit\u00e1nicos de liberar a los esclavos que lucharan de su lado. En 1780 fue capturado por los brit\u00e1nicos cuando viaj\u00f3 a Holanda a negociar apoyo para el gobierno revolucionario. Lo acusaron de traici\u00f3n a la patria y lo encerraron en la Torre de Londres durante 15 meses.\nTras la liberaci\u00f3n de Laurens en abril de 1782, John Singleton Copley pint\u00f3 este retrato en Londres. Siete meses despu\u00e9s Laurens viaj\u00f3 a Par\u00eds, donde firm\u00f3 el tratado que puso fin a la Guerra de Independencia. Para proteger sus intereses econ\u00f3micos, hizo un cambio de \u00faltima hora al Tratado de Par\u00eds a fin de evitar que el ej\u00e9rcito brit\u00e1nico \u201cse llevara\u201d posesiones americanas, incluidas las personas antes esclavizadas."", ""Provenance"": ""Richard Bagwell [1840-1918], Marlfield House, Clonmel, Ireland; his widow Harriet Bagwell; (Lewis and Simmons, London); sold 29 March 1920 to Thomas B. Clarke [1848-1931], New York; sold as part of Clarke collection through (M. Knoedler and Co., New York) January 29, 1936 to The A. W. Mellon Educational and Charitable Trust, Pittsburgh; gift to National Gallery of Art 1942; transferred 1965 to NPG.""}","{""Type"": ""Painting""}","{""Medium"": ""Oil on canvas"", ""Dimensions"": ""137.5 \u00d7 103 cm (54 1/8 \u00d7 40 9/16\"")\nFrame: 155.9 \u00d7 121.9 \u00d7 9.2 cm (61 3/8 \u00d7 48 \u00d7 3 5/8\"")""}",,,"{""Topic"": ""Printed Material\\Document\nInterior\\Interior with Exterior View\nWeapon\\Sword\nHome Furnishings\\Furniture\\Carpet\nEquipment\\Drafting & Writing Implements\\Writing implement\\Pen\\Quill\nHenry Laurens: Male\nHenry Laurens: Politics and Government\\Government official\\Congressman\\Continental congressman\nHenry Laurens: Politics and Government\\Government official\nHenry Laurens: Business and Finance\\Businessperson\\Merchant\nHenry Laurens: Military and Intelligence\\Militia\\Officer\nHenry Laurens: Business and Finance\\Natural resources commerce\\Agriculturist\\Planter\nPortrait""}",[1780s],"['Copley, John Singleton', 'Laurens, Henry']",[Paintings],[],"[Business and Finance, Legislators, Merchants, Businessperson, Natural resources commerce, Quill, Home Furnishings, Carpet, Printed Material, Design, Weapons, Swords, Military and Intelligence, Public officers, Military, Interior with Exterior View, Congressmen, Government, Interior decoration, Portraits, Drafting & Writing Implements, Furnishings, Continental congressman, Planter, Agriculturists, Men, Politics, Pens, Officer]",1,['https://ids.si.edu/ids/deliveryService?id=NPG-NPG_65_45Laurens_d1'],"https://ids.si.edu/ids/iiif/NPG-NPG_65_45Laurens_d1/full/250,/0/default.jpg",Henry Laurens,John Singleton Copley,1782,Men,Military,"[[884, 570, 981, 711]]",https://github.com/nmolnar-parsons/revperiod_portraitfaces/blob/main/Portrait_Faces/Image_183_face_0.jpg?raw=true; 
https://collections.si.edu/search/detail/edanmdm:npg_NPG.2020.42,NPG,National Portrait Gallery,Col. George Gibbs III,edanmdm:npg_NPG.2020.42,http://n2t.net/ark:/65665/sm4eff07bfb-364a-477f-81f5-d912d17881ba,https://npg.si.edu/object/npg_NPG.2020.42,2025-02-22,"{""Credit Line"": ""National Portrait Gallery, Smithsonian Institution""}","{""Date"": ""c. 1806-08""}","{""Object number"": ""NPG.2020.42""}","{""Artist"": ""John Vanderlyn, 15 Oct 1775 - 23 Sep 1852"", ""Sitter"": ""George Gibbs, 1776 - 1833""}",,"{""Type"": ""Painting""}","{""Medium"": ""Oil on canvas""}",,,"{""Topic"": ""George Gibbs: Male\nGeorge Gibbs: Science and Technology\\Scientist\\Earth scientist\\Mineralogist\nGeorge Gibbs: Science and Technology\\Mineral collector\nPortrait""}","[1800s, 1810s]","['Gibbs, George', 'Vanderlyn, John']",[Paintings],[],"[Science and Technology, Earth scientists, Men, Portraits, Scientists, Mineralogist, Mineral collector]",1,['https://ids.si.edu/ids/deliveryService?id=NPG-NPG_2020_42Gibbs-000002'],"https://ids.si.edu/ids/iiif/NPG-NPG_2020_42Gibbs-000002/full/250,/0/default.jpg",George Gibbs,John Vanderlyn,1806,Men,Civilian,"[[608, 328, 1007, 869]]",https://github.com/nmolnar-parsons/revperiod_portraitfaces/blob/main/Portrait_Faces/Image_184_face_0.jpg?raw=true; 
https://collections.si.edu/search/detail/edanmdm:npg_NPG.2019.32,NPG,National Portrait Gallery,James Madison,edanmdm:npg_NPG.2019.32,http://n2t.net/ark:/65665/sm4c64c9fa2-a1b2-4072-88d9-daff84aafadc,https://npg.si.edu/object/npg_NPG.2019.32,2025-03-20,"{""Credit Line"": ""National Portrait Gallery, Smithsonian Institution; gift from the Trustees of the Corcoran Gallery of Art (Gift of Frederic Edwin Church) The Corcoran Gallery of Art, one of the country\u2019s first private museums, was established in 1869 to promote art and American genius. In 2014 the Works from the Corcoran Collection were distributed to institutions in Washington, D.C.""}","{""Date"": ""1809""}","{""Object number"": ""NPG.2019.32""}","{""Artist"": ""Thomas Sully, 19 Jun 1783 - 5 Nov 1872"", ""Derived from"": ""Gilbert Stuart, 3 Dec 1755 - 9 Jul 1828"", ""Sitter"": ""James Madison, 16 Mar 1751 - 28 Jun 1836""}","{""Provenance"": ""Frederick Edwin Church [1826-1900], New York; Gift to the Corcoran Gallery of Art, 1877; Gift to NPG, 2019.""}","{""Type"": ""Painting""}","{""Medium"": ""Oil on panel"", ""Dimensions"": ""Sight: 68.3 \u00d7 48.6 cm (26 7/8 \u00d7 19 1/8\"")\nPanel: 69.9 \u00d7 49.5 \u00d7 3.8 cm (27 1/2 \u00d7 19 1/2 \u00d7 1 1/2\"")\nFrame: 97.6 \u00d7 78.1 \u00d7 5.7 cm (38 7/16 \u00d7 30 3/4 \u00d7 2 1/4\"")""}",,,"{""Topic"": ""Interior\nHome Furnishings\\Furniture\\Seating\\Chair\nPrinted Material\\Book\nPrinted Material\\Document\nHome Furnishings\\Furniture\\Table\nHome Furnishings\\Drape\nArchitecture\\Column\nEquipment\\Drafting & Writing Implements\\Writing implement\\Pen\\Quill\nHome Furnishings\\Globe\nContainer\\Inkwell\nJames Madison: Male\nJames Madison: Law and Crime\\Lawyer\nJames Madison: Politics and Government\\Government official\\State Legislator\\Virginia\nJames Madison: Politics and Government\\Government official\\Congressman\\Continental congressman\nJames Madison: Politics and Government\\Government official\\President of US\nJames Madison: Politics and Government\\Government official\\Cabinet member\\Secretary of State\nJames Madison: Arts and Culture\\Literature\\Writer\\Essayist\nJames Madison: Politics and Government\\Government official\\US Congressman\\Virginia\nJames Madison: Politics and Government\\Statesman\\Signer of Constitution\nPortrait""}",[1800s],"['Madison, James', 'Sully, Thomas', 'Stuart, Gilbert']",[Paintings],"[United States, Virginia]","[Legislators, Books and reading, Arts and Culture, Writers, Containers, Quill, Home Furnishings, Secretary of State, Printed Material, Design, Statesman, Chairs, Column, Seating, Globe, Tables, Public officers, Drape, Presidents, Cabinet member, Inkwell, Congressmen, Literature, Architecture, Government, Interior decoration, Essayist, Portraits, Lawyers, Drafting & Writing Implements, Furnishings, Signer of Constitution, Continental congressman, Men, Law and Crime, Politics, Pens]",1,['https://ids.si.edu/ids/deliveryService?id=NPG-NPG_2019_32-000001'],"https://ids.si.edu/ids/iiif/NPG-NPG_2019_32-000001/full/250,/0/default.jpg",James Madison,Thomas Sully,1809,Men,President,"[[497, 413, 622, 583]]",https://github.com/nmolnar-parsons/revperiod_portraitfaces/blob/main/Portrait_Faces/Image_185_face_0.jpg?raw=true; 
https://collections.si.edu/search/detail/edanmdm:npg_NPG.2019.28,NPG,National Portrait Gallery,John Howard Payne,edanmdm:npg_NPG.2019.28,http://n2t.net/ark:/65665/sm4269d1d20-2bf3-462c-964f-4b3919143d4e,https://npg.si.edu/object/npg_NPG.2019.28,2025-03-20,"{""Credit Line"": ""National Portrait Gallery, Smithsonian Institution; gift from the Trustees of the Corcoran Gallery of Art (Gift of William Wilson Corcoran) The Corcoran Gallery of Art, one of the country\u2019s first private museums, was established in 1869 to promote art and American genius. In 2014 the Works from the Corcoran Collection were distributed to institutions in Washington, D.C.""}","{""Date"": ""1812""}","{""Object number"": ""NPG.2019.28""}","{""Artist"": ""John Wesley Jarvis, 1780 - 14 Jan 1840"", ""Sitter"": ""John Howard Payne, 9 Jun 1791 - 10 Apr 1852""}","{""Provenance"": ""Jonathan D. Meredith [1785-1872], Baltimore, Maryland; his son, Gilmor Meredith [1824-1899], 1883; Gift to William Wilson Corcoran [1798-1888], 1883; Gift to the Corcoran Gallery of Art, 1883; Gift to NPG, 2019.""}","{""Type"": ""Painting""}","{""Medium"": ""Oil on wood panel"", ""Dimensions"": ""Panel: 86 \u00d7 67.3 cm (33 7/8 \u00d7 26 1/2\"")\nFrame: 109.5 \u00d7 91.8 \u00d7 7.3 cm (43 1/8 \u00d7 36 1/8 \u00d7 2 7/8\"")\nSight: 84.7 \u00d7 66.8 cm (33 3/8 \u00d7 26 5/16\"")""}","{""Place"": ""United States\\Maryland\\Baltimore Independent City\\Baltimore""}",,"{""Topic"": ""Costume\\Outerwear\\Shawl\nArchitecture\\Column\nCostume\\Outerwear\\Coat\\Jacket\nJohn Howard Payne: Male\nJohn Howard Payne: Arts and Culture\\Literature\\Writer\\Poet\nJohn Howard Payne: Arts and Culture\\Performing Arts\\Actor\nJohn Howard Payne: Arts and Culture\\Literature\\Writer\\Playwright\nJohn Howard Payne: Arts and Culture\\Performing Arts\\Theater\\Theater critic\nJohn Howard Payne: Arts and Culture\\Literature\\Editor\\Journal\nJohn Howard Payne: Politics and Government\\Diplomat\\Consul\nPortrait""}",[1810s],"['Jarvis, John Wesley', 'Payne, John Howard']",[Paintings],"[United States, Baltimore Independent City, North America, Maryland]","[Jacket, Shawl, Arts and Culture, Literature, Architecture, Writers, Government, Diplomacy, Playwright, Outerwear, Portraits, Consul, Theater, Column, Actors and actresses, Costume, Editors, Men, Theater critic, Politics, Entertainers, Diplomats, Poets, Coat]",1,['https://ids.si.edu/ids/deliveryService?id=NPG-NPG_2019_28-000001'],"https://ids.si.edu/ids/iiif/NPG-NPG_2019_28-000001/full/250,/0/default.jpg",John Howard Payne,John Wesley Jarvis,1812,Men,Government,"[[564, 448, 822, 822]]",https://github.com/nmolnar-parsons/revperiod_portraitfaces/blob/main/Portrait_Faces/Image_186_face_0.jpg?raw=true; 
https://collections.si.edu/search/detail/edanmdm:npg_NPG.2019.22,NPG,National Portrait Gallery,Samuel Miles,edanmdm:npg_NPG.2019.22,http://n2t.net/ark:/65665/sm402549c7a-b1e8-4f72-8c8b-3152d9a55558,https://npg.si.edu/object/npg_NPG.2019.22,2025-03-20,"{""Credit Line"": ""National Portrait Gallery, Smithsonian Institution; gift from the Trustees of the Corcoran Gallery of Art (Gift of Elizabeth F. McKean) The Corcoran Gallery of Art, one of the country\u2019s first private museums, was established in 1869 to promote art and American genius. In 2014 the Works from the Corcoran Collection were distributed to institutions in Washington, D.C.""}","{""Date"": ""c. 1800""}","{""Object number"": ""NPG.2019.22""}","{""Artist"": ""Gilbert Stuart, 3 Dec 1755 - 9 Jul 1828"", ""Sitter"": ""Samuel Miles, 11 Mar 1740 - 6 Dec 1805""}","{""Provenance"": ""Decedents of Samuel Miles; Elizabeth Ridgate McKean, great-great grand-daughter of Samuel Miles; Gift to the Corcoran Gallery of Art, December 16, 1909; Gift to NPG, 2019.""}","{""Type"": ""Painting""}","{""Medium"": ""Oil on wood panel"", ""Dimensions"": ""Panel: 74.3 \u00d7 59.1cm (29 1/4 \u00d7 23 1/4\"")\nFrame: 94.3 \u00d7 80.6 \u00d7 6.4cm (37 1/8 \u00d7 31 3/4 \u00d7 2 1/2\"")""}",,,"{""Topic"": ""Interior\nHome Furnishings\\Drape\nCostume\\Dress Accessory\\Neckwear\\Tie\nCostume\\Jewelry\\Pendant\nCostume\\Outerwear\\Coat\\Jacket\nSamuel Miles: Male\nSamuel Miles: Military and Intelligence\\Army\\Officer\\Revolutionary War\nSamuel Miles: Business and Finance\\Businessperson\\Merchant\nSamuel Miles: Politics and Government\\Government official\\Public official\\Mayor\nSamuel Miles: Politics and Government\\Politician\nPortrait""}","[1800s, 1790s]","[United States. Army, 'Stuart, Gilbert', 'Miles, Samuel']",[Paintings],[],"[Business and Finance, Neckwear, Merchants, Businessperson, Dress accessories, Jewelry, Home Furnishings, Public official, Design, Politician, Military and Intelligence, Neckties, 'American Revolution (1775-1783)', Public officers, Drape, Coat, Jacket, Government, Interior decoration, Outerwear, Portraits, Pendant, Costume, Men, Politics, Officer, Mayors]",1,['https://ids.si.edu/ids/deliveryService?id=NPG-NPG_2019_22-000002'],"https://ids.si.edu/ids/iiif/NPG-NPG_2019_22-000002/full/250,/0/default.jpg",Samuel Miles,Gilbert Stuart,1800,Men,Military,"[[630, 439, 1019, 992]]",https://github.com/nmolnar-parsons/revperiod_portraitfaces/blob/main/Portrait_Faces/Image_187_face_0.jpg?raw=true; 
https://collections.si.edu/search/detail/edanmdm:npg_NPG.2016.22,NPG,National Portrait Gallery,Francis Scott Key,edanmdm:npg_NPG.2016.22,http://n2t.net/ark:/65665/sm448eb9d76-b097-40b2-aa45-d00f969888db,https://npg.si.edu/object/npg_NPG.2016.22,2025-07-04,"{""Credit Line"": ""National Portrait Gallery, Smithsonian Institution; funded with support from the Secretary and the Smithsonian National Board and Chapter I - Baltimore, Maryland, The Colonial Dames of America, the Elizabeth Welsh Young Legacy Fund""}","{""Date"": ""c. 1796""}","{""Object number"": ""NPG.2016.22""}","{""Artist"": ""Rembrandt Peale, 22 Feb 1778 - 3 Oct 1860"", ""Sitter"": ""Francis Scott Key, 1 Aug 1779 - 11 Jan 1843""}","{""Exhibition Label"": ""Born Frederick County, Maryland\nThis painting was made when Francis Scott Key and the artist Rembrandt Peale were both in their late teens. Key would go on to become a prominent Georgetown lawyer. On September 13, 1814, when the War of 1812 (1812\u201315) was entering its third year, Key traveled to Baltimore to try to negotiate the release of a hostage. That night, he watched the bombardment of Fort McHenry. The next morning, when he saw the fort\u2019s American flag still flying, he wrote a poem that was first published as \u201cDefence of Fort M\u2019Henry\u201d and set to a popular British tune. His song was subsequently renamed \u201cThe Star-Spangled Banner.\u201d\nDuring Key\u2019s lifetime, abolitionists noted the irony of a song about \u201cthe land of the free\u201d written by a staunch advocate of slavery with narrow views of freedom. More than a century later, in 1931, Congress adopted it as the national anthem.\nNacido en Frederick County, Maryland\nEsta pintura se realiz\u00f3 cuando Francis Scott Key y el artista Rembrandt Peale eran a\u00fan adolescentes. El primero lleg\u00f3 a ser un prominente abogado en Georgetown. El 13 de septiembre de 1814, cuando la Guerra de 1812 (1812\u201315) entraba en su tercer a\u00f1o, Key viaj\u00f3 a Baltimore para negociar la libertad de un reh\u00e9n. Esa noche fue testigo del bombardeo del Fuerte McHenry. A la ma\u00f1ana siguiente, al ver que la bandera estadounidense a\u00fan ondeaba, escribi\u00f3 un poema publicado inicialmente como \u201cDefensa del Fuerte M\u2019Henry\u201d y adaptado a una tonada popular inglesa. Luego recibir\u00eda el t\u00edtulo de \u201cLa bandera estrellada\u201d.\nEn vida de Key, los abolicionistas no pasaron por alto la iron\u00eda de que un ac\u00e9rrimo defensor de la esclavitud, con una visi\u00f3n estrecha de la libertad, hubiera escrito una canci\u00f3n a \u201cla tierra de los libres\u201d. Pasado m\u00e1s de un siglo, en 1931, el Congreso la adopt\u00f3 como himno nacional."", ""Provenance"": ""The sitter; Mary Alicia Lloyd Nevins Key Pendleton, his daughter, Jane Francis Pendleton Brice (Mrs. Arthur Tilghman Brice, d. 1950), her daughter; Colonel Arthur Tilghman Brice II, 1892-1973, her son; Alice Key Pendleton Brice Joline (Mrs. John Forsyth Joline, Jr., d. 1983), his sister; Laurence Turnbull Joline, her son; Dorothy Doe Joline, Long Island, New York, his wife and the present owner""}","{""Type"": ""Painting""}","{""Medium"": ""Oil on canvas"", ""Dimensions"": ""Frame: 85.7 \u00d7 76.2 cm (33 3/4 \u00d7 30\"")\nStretcher: 74 \u00d7 63.8 \u00d7 3 cm (29 1/8 \u00d7 25 1/8 \u00d7 1 3/16\"")""}","{""Place"": ""United States\\Maryland\\Anne Arundel\\Annapolis""}",,"{""Topic"": ""Interior\nFrancis Scott Key: Male\nFrancis Scott Key: Law and Crime\\Lawyer\nFrancis Scott Key: Arts and Culture\\Literature\\Writer\nFrancis Scott Key: Arts and Culture\\Literature\\Writer\\Poet\nFrancis Scott Key: Politics and Government\\Government official\\District attorney\nPortrait""}","[1800s, 1790s]","['Key, Francis Scott', 'Peale, Rembrandt']",[Paintings],"[Anne Arundel, Annapolis, United States, North America, Maryland]","[Arts and Culture, Literature, Writers, Government, Interior decoration, Portraits, Lawyers, Design, Men, District attorney, Public officers, Law and Crime, Politics, Poets]",1,['https://ids.si.edu/ids/deliveryService?id=NPG-NPG_2016_22'],"https://ids.si.edu/ids/iiif/NPG-NPG_2016_22/full/250,/0/default.jpg",Francis Scott Key,Rembrandt Peale,1796,Men,Government,"[[610, 458, 961, 966]]",https://github.com/nmolnar-parsons/revperiod_portraitfaces/blob/main/Portrait_Faces/Image_188_face_0.jpg?raw=true; 
https://collections.si.edu/search/detail/edanmdm:npg_NPG.2016.132,NPG,National Portrait Gallery,Betsey Colt Foot,edanmdm:npg_NPG.2016.132,http://n2t.net/ark:/65665/sm446ebc918-9d54-4bbd-b57f-7ed4ead0248f,https://npg.si.edu/object/npg_NPG.2016.132,2025-03-20,"{""Credit Line"": ""National Portrait Gallery, Smithsonian Institution; Gift from Betsey Colt Foot\u2019s great, great, great, great granddaughter Seelye Burr Longnecker""}","{""Date"": ""1815""}","{""Object number"": ""NPG.2016.132""}","{""Artist"": ""Ezra Ames, 1768 - 1836"", ""Sitter"": ""Betsey Colt Foot, 1774 - 1847""}","{""Exhibition Label"": ""Born Hadley, Massachusetts\nIn the beginning of the nineteenth century, Betsey Colt Foot served as the guiding force behind the establishment of the Union School for girls in Albany, New York. Prompted by the lack of educational opportunities for her daughter, Lucretia, she encouraged her husband Ebenezer Foot, who was a lawyer, to draw up a charter for a new school that would provide girls with a classical education. They received overwhelming support from other families in the area, and the academy was soon realized.\nThe esteemed Albany portrait artist Ezra Ames created this portrait of Betsey following her husband\u2019s death, which had occurred only months after the school opened in 1814. Although Ebenezer had accrued large gambling debts, Betsey remained optimistic about the work she had accomplished in the realm of girls\u2019 education. As a widow, she supported herself and her daughter through opening her home to boarders. Far from characterizing her as passive or ornamental, as some artists tended to portray women at this time, Ames\u2019s portrait captures Betsey\u2019s strength and intelligence in her sparkling eyes and determined expression.\nA principios del siglo XIX, Betsey Colt Foot fue la fuerza motriz en la fundaci\u00f3n de la Union School for Girls en Albany, Nueva York. Motivada por la falta de oportunidades educativas para su hija Lucretia, exhort\u00f3 a su esposo Ebenezer Foot, que era abogado, a redactar un acta constitutiva para una nueva escuela que ofreciera a las ni\u00f1as una educaci\u00f3n cl\u00e1sica. Recibieron el apoyo contundente de otras familias del \u00e1rea y la academia pronto se hizo realidad.\nEzra Ames, estimado retratista de Albany, cre\u00f3 este retrato de Betsey luego de la muerte de su esposo, ocurrida apenas unos meses despu\u00e9s de la apertura de la escuela en 1814. Aunque Ebenezer hab\u00eda acumulado grandes deudas de juego, Betsey no perdi\u00f3 su optimismo por la obra que hab\u00eda logrado realizar en el campo de la educaci\u00f3n de las ni\u00f1as. Ya viuda, se gan\u00f3 el sustento para ella y su hija alojando hu\u00e9spedes en su hogar. Lejos de caracterizarla como pasiva u ornamental, seg\u00fan presentaban algunos artistas a las mujeres en esa \u00e9poca, el retrato de Ames refleja la fortaleza y la inteligencia de Betsey en su mirada brillante y expresi\u00f3n resuelta."", ""Provenance"": ""Family descent from Betsey Foot Colt; Seelye Burr Longnecker; gift to NPG 2016""}","{""Type"": ""Painting""}","{""Medium"": ""Oil on canvas"", ""Dimensions"": ""Stretcher: 75.9 \u00d7 60.6 \u00d7 2.5 cm (29 7/8 \u00d7 23 7/8 \u00d7 1\"")""}","{""Place"": ""United States\\New York\\Albany\\Albany""}",,"{""Topic"": ""Interior\nHome Furnishings\\Curtain\nCostume\\Headgear\nBetsey Colt Foot: Female\nBetsey Colt Foot: Arts and Culture\\Education and Scholarship\\Educator\nPortrait""}",[1810s],"['Foot, Betsey Colt', 'Ames, Ezra']",[Paintings],"[New York, United States, North America, Albany]","[Design, Women, Arts and Culture, Interior decoration, Costume, Curtain, Portraits, Home Furnishings, Education and Scholarship, Educators, Headgear]",1,['https://ids.si.edu/ids/deliveryService?id=NPG-NPG_2016_132'],"https://ids.si.edu/ids/iiif/NPG-NPG_2016_132/full/250,/0/default.jpg",Betsey Colt Foot,Ezra Ames,1815,Women,Civilian,"[[669, 344, 994, 789]]",https://github.com/nmolnar-parsons/revperiod_portraitfaces/blob/main/Portrait_Faces/Image_189_face_0.jpg?raw=true; 
https://collections.si.edu/search/detail/edanmdm:npg_NPG.2014.80,NPG,National Portrait Gallery,David Ramsay,edanmdm:npg_NPG.2014.80,http://n2t.net/ark:/65665/sm491534db5-3da0-4f14-8600-48fbbb02461f,https://npg.si.edu/object/npg_NPG.2014.80,2025-03-19,"{""Credit Line"": ""National Portrait Gallery, Smithsonian Institution; gift of Pattison and Carolyn Fulton""}","{""Date"": ""1771""}","{""Object number"": ""NPG.2014.80""}","{""Artist"": ""Charles Willson Peale, 15 Apr 1741 - 22 Feb 1827"", ""Sitter"": ""David Ramsay, 2 Apr 1749 - 8 May 1815""}","{""Exhibition Label"": ""Born Lancaster County, Pennsylvania\nDavid Ramsay was the nation\u2019s \u201cmost respected historian\u201d during the early Republic. His major works, History of the American Revolution (1789) and History of South Carolina (1809), were widely read and became much-consulted treatises of early American nationalism. A native Pennsylvanian, Ramsay trained as a physician before moving to Charleston, South Carolina, where he achieved social and civic prominence. He volunteered his medical skills to the American cause during the Revolution and later became a member of the state convention to ratify the Constitution. Charles Willson Peale and David Ramsay met in Philadelphia in 1771, when Ramsay was studying medicine at the College of Philadelphia with Benjamin Rush. Peale\u2019s sister Margaret married Ramsay\u2019s brother Nathanial that same year. This painting may reveal the familial connection as Ramsay is shown in a private pose, looking off to the side in contemplation.\nNacido en el condado de Lancaster, Pensilvania\nDavid Ramsay fue \u201cel historiador m\u00e1s respetado\u201d del pa\u00eds en los primeros tiempos de la rep\u00fablica. Sus obras principales, History of the American Revolution (1789) y History of South Carolina (1809), fueron muy le\u00eddas y pasaron a ser fuentes de consulta acerca del incipiente nacionalismo estadounidense. Oriundo de Pensilvania, Ramsay estudi\u00f3 medicina antes de radicarse en Charleston, Carolina del Sur, donde alcanz\u00f3 una distinguida posici\u00f3n social y c\u00edvica. Durante la Revoluci\u00f3n sirvi\u00f3 a la causa americana como m\u00e9dico voluntario y m\u00e1s tarde fue miembro de la convenci\u00f3n estatal para ratificar la Constituci\u00f3n. Charles Willson Peale y David Ramsay se conocieron en Filadelfia en 1771, cuando Ramsay estudiaba medicina en el College of Philadelphia con Benjamin Rush. Ese a\u00f1o, la hermana de Peale, Margaret, se cas\u00f3 con Nathanial, hermano de Ramsay. Esta pintura revela quiz\u00e1s la cercan\u00eda familiar, ya que Ramsay aparece en una pose informal, mirando hacia un lado en actitud contemplativa."", ""Provenance"": ""By family descent to F. Barnard O'Connor, New York; Emily O'Connor; her nephew Patrick Fulton; his widow, Carolyn Fulton""}","{""Type"": ""Painting""}","{""Medium"": ""Oil on canvas"", ""Dimensions"": ""Stretcher: 53.7 \u00d7 48.6 \u00d7 2.9 cm (21 1/8 \u00d7 19 1/8 \u00d7 1 1/8\"")\nFrame: 76.2 \u00d7 72.1 \u00d7 10.2 cm (30 \u00d7 28 3/8 \u00d7 4\"")""}","{""Place"": ""United States\\Pennsylvania\\Philadelphia""}",,"{""Topic"": ""Interior\nDavid Ramsay: Male\nDavid Ramsay: Politics and Government\\Government official\\Congressman\\Continental congressman\nDavid Ramsay: Medicine and Health\\Physician\nDavid Ramsay: Arts and Culture\\Education and Scholarship\\Scholar\\Historian\nDavid Ramsay: Politics and Government\\Government official\\State Legislator\\South Carolina\nDavid Ramsay: Politics and Government\\Government official\\State Senator\\South Carolina\nPortrait""}",[1770s],"['Ramsay, David', 'Peale, Charles Willson']",[Paintings],"[United States, North America, Philadelphia, South Carolina, Pennsylvania]","[Legislators, Congressmen, Arts and Culture, Government, Physicians, Interior decoration, Portraits, Continental congressman, Design, Medicine and Health, Historians, Men, Senators, Public officers, Politics, Education and Scholarship]",1,['https://ids.si.edu/ids/deliveryService?id=NPG-B4000160A_2'],"https://ids.si.edu/ids/iiif/NPG-B4000160A_2/full/250,/0/default.jpg",David Ramsay,Charles Willson Peale,1771,Men,Government,"[[667, 440, 1112, 1118]]",https://github.com/nmolnar-parsons/revperiod_portraitfaces/blob/main/Portrait_Faces/Image_190_face_0.jpg?raw=true; 
https://collections.si.edu/search/detail/edanmdm:npg_NPG.2013.40,NPG,National Portrait Gallery,William Dunlap self-portrait,edanmdm:npg_NPG.2013.40,http://n2t.net/ark:/65665/sm4c4798d58-3075-4e1f-9028-9bc27e8d8bcd,https://npg.si.edu/object/npg_NPG.2013.40,2025-03-19,"{""Credit Line"": ""National Portrait Gallery, Smithsonian Institution; gift of Robert Bayard Severy in memory of Josephine McClintock Bellamy Severy (1914 -- 2001), great, great granddaughter of William Walton Woolsey (1766 -- 1839), brother-in-law of William Dunlap, from her family of Donald Phelps Severy, Robert Bayard Severy, and Arabella McClintock Severy Olander Conserved with funds from the Smithsonian Women's Committee""}","{""Date"": ""c. 1805""}","{""Object number"": ""NPG.2013.40""}","{""Artist"": ""William Dunlap, 18 Feb 1766 - 28 Sep 1839"", ""Sitter"": ""William Dunlap, 18 Feb 1766 - 28 Sep 1839""}","{""Provenance"": ""Dunlap's brother-in-law, William Walton Woolsey; by family descent to Josephine McClintock Bellamy Severy, mother of the donor""}","{""Type"": ""Painting""}","{""Medium"": ""Watercolor on ivory"", ""Dimensions"": ""6.4 \u00d7 4.8cm (2 1/2 \u00d7 1 7/8\"")""}",,,"{""Topic"": ""Self-portrait\nWilliam Dunlap: Male\nWilliam Dunlap: Arts and Culture\\Visual Arts\\Artist\\Portraitist\nWilliam Dunlap: Arts and Culture\\Visual Arts\\Artist\\Painter\\Miniaturist\nWilliam Dunlap: Arts and Culture\\Literature\\Writer\\Playwright\nWilliam Dunlap: Arts and Culture\\Performing Arts\\Theater\\Theater producer\nWilliam Dunlap: Arts and Culture\\Literature\\Writer\\Historical\nPortrait""}",[1800s],"['Dunlap, William']",[Paintings],[],"[Art, Miniaturist, Arts and Culture, Painters, Literature, Self-portraits, Writers, Playwright, Portraits, Theater producer, History, Theater, Portraitist, Men, Entertainers, Artists]",1,['https://ids.si.edu/ids/deliveryService?id=NPG-NPG_2013_40'],"https://ids.si.edu/ids/iiif/NPG-NPG_2013_40/full/250,/0/default.jpg",William Dunlap,William Dunlap,1805,Men,Civilian,"[[550, 648, 950, 1177]]",https://github.com/nmolnar-parsons/revperiod_portraitfaces/blob/main/Portrait_Faces/Image_191_face_0.jpg?raw=true; 
https://collections.si.edu/search/detail/edanmdm:npg_NPG.2013.29,NPG,National Portrait Gallery,Samuel Blodget,edanmdm:npg_NPG.2013.29,http://n2t.net/ark:/65665/sm443f5e6e1-917d-4f04-ab41-94196d426a0c,https://npg.si.edu/object/npg_NPG.2013.29,2025-03-19,"{""Credit Line"": ""National Portrait Gallery, Smithsonian Institution""}","{""Date"": ""c. 1784""}","{""Object number"": ""NPG.2013.29""}","{""Artist"": ""John Trumbull, 6 Jun 1756 - 10 Nov 1843"", ""Sitter"": ""Samuel Blodget, Jr., 28 Aug 1757 - 11 Apr 1814""}","{""Provenance"": ""The subject; by family descent to I. Harding Hughes, Jr.; donated to St. Andrews School""}","{""Type"": ""Painting""}","{""Medium"": ""Oil on canvas"", ""Dimensions"": ""Stretcher: 91.8 x 71.1cm (36 1/8 x 28\"")\nFrame: 110.5 x 90.2 x 5.1cm (43 1/2 x 35 1/2 x 2\"")""}",,,"{""Topic"": ""Vehicle\\Ship\nPrinted Material\\Document\nInterior\\Interior with Exterior View\nArchitecture\\Arch\nHome Furnishings\\Drape\nHome Furnishings\\Furniture\\Table\\Writing table\nCostume\\Robe\\Banyan\nSamuel Blodget, Jr.: Male\nSamuel Blodget, Jr.: Arts and Culture\\Visual Arts\\Architect\nSamuel Blodget, Jr.: Business and Finance\\Businessperson\\Entrepreneur\nSamuel Blodget, Jr.: Business and Finance\\Economist\nPortrait""}","[1770s, 1780s]","['Blodget, Samuel', 'Trumbull, John']",[Paintings],[],"[Business and Finance, Economics, Art, Interior with Exterior View, Arts and Culture, Architecture, Architects, Businessperson, Interior decoration, Robe, Portraits, Home Furnishings, Furnishings, Vehicles, Printed Material, Design, Ships, Costume, Entrepreneurship, Men, Tables, Drape, Writing table, Banyan]",1,['https://ids.si.edu/ids/deliveryService?id=NPG-NPG_2013_29Blodget-000001'],"https://ids.si.edu/ids/iiif/NPG-NPG_2013_29Blodget-000001/full/250,/0/default.jpg",Samuel Blodget,John Trumbull,1784,Men,Civilian,"[[925, 587, 1043, 748]]",https://github.com/nmolnar-parsons/revperiod_portraitfaces/blob/main/Portrait_Faces/Image_192_face_0.jpg?raw=true; 
https://collections.si.edu/search/detail/edanmdm:npg_NPG.2013.142,NPG,National Portrait Gallery,George Washington,edanmdm:npg_NPG.2013.142,http://n2t.net/ark:/65665/sm4d59bb138-91d4-426c-a014-9fea6959a1a3,https://npg.si.edu/object/npg_NPG.2013.142,2025-03-19,"{""Credit Line"": ""National Portrait Gallery, Smithsonian Institution; gift of the McNeil Americana Collection; conserved with funds from the Smithsonian Women's Committee""}","{""Date"": ""c. 1803""}","{""Object number"": ""NPG.2013.142""}","{""Artist"": ""Ellen Wallace Sharples, 1769 - 1849"", ""Copy after"": ""James Sharples, c. 1751 - 1811"", ""Sitter"": ""George Washington, 22 Feb 1732 - 14 Dec 1799""}","{""Provenance"": ""Estate of Robert L. McNeil, Jr.""}","{""Type"": ""Painting""}","{""Medium"": ""Watercolor on ivory"", ""Dimensions"": ""Ivory: 6.4 \u00d7 5.4cm (2 1/2 \u00d7 2 1/8\"")\nFrame: 11.9 \u00d7 10.5cm (4 11/16 \u00d7 4 1/8\"")""}",,,"{""Topic"": ""George Washington: Male\nGeorge Washington: Military and Intelligence\\Army\\Officer\\Revolutionary War\nGeorge Washington: Politics and Government\\Statesman\\Colonial statesman\nGeorge Washington: Business and Finance\\Natural resources commerce\\Agriculturist\\Farmer\nGeorge Washington: Military and Intelligence\\Army\\Officer\\General\nGeorge Washington: Politics and Government\\Government official\\President of US\nGeorge Washington: Science and Technology\\Surveyor\nGeorge Washington: Civilian awards\\Congressional Gold Medal\nPortrait""}",[1800s],"[United States. Army, 'Washington, George', 'Sharples, James', 'Sharples, Ellen Wallace']",[Paintings],[United States],"[Business and Finance, Congressional Gold Medal, Farmers, Government, Natural resources commerce, Portraits, Civilian awards, Science and Technology, Colonial statesman, Agriculturists, Statesman, Surveyors, Military and Intelligence, Men, 'American Revolution (1775-1783)', Public officers, Politics, Presidents, Officer]",3,"['https://ids.si.edu/ids/deliveryService?id=NPG-NPG_2013_142GW-000001', 'https://ids.si.edu/ids/deliveryService?id=NPG-NPG_2013_142GW_int', 'https://ids.si.edu/ids/deliveryService?id=NPG-NPG_2013_142versoGW_int']","https://ids.si.edu/ids/iiif/NPG-NPG_2013_142GW-000001/full/250,/0/default.jpg",George Washington,Ellen Wallace Sharples,1803,Men,President,"[[798, 604, 1095, 1021]]",https://github.com/nmolnar-parsons/revperiod_portraitfaces/blob/main/Portrait_Faces/Image_193_face_0.jpg?raw=true; 
https://collections.si.edu/search/detail/edanmdm:npg_NPG.2013.140,NPG,National Portrait Gallery,George Washington,edanmdm:npg_NPG.2013.140,http://n2t.net/ark:/65665/sm479dd35ad-4111-4373-902d-75d2359cb074,https://npg.si.edu/object/npg_NPG.2013.140,2025-03-19,"{""Credit Line"": ""National Portrait Gallery, Smithsonian Institution; gift of the McNeil Americana Collection; conserved with funds from the Smithsonian Women's Committee""}","{""Date"": ""after 1796""}","{""Object number"": ""NPG.2013.140""}","{""Artist"": ""Unidentified Artist"", ""Copy after"": ""Gilbert Stuart, 3 Dec 1755 - 9 Jul 1828"", ""Sitter"": ""George Washington, 22 Feb 1732 - 14 Dec 1799""}","{""Provenance"": ""Estate of Robert L. McNeil. Jr.""}","{""Type"": ""Painting""}","{""Medium"": ""Watercolor on ivory"", ""Dimensions"": ""Ivory: 8.3 \u00d7 6.5cm (3 1/4 \u00d7 2 9/16\"")\nFrame: 12.1 \u00d7 10.8cm (4 3/4 \u00d7 4 1/4\"")""}",,,"{""Topic"": ""Miniature\nGeorge Washington: Male\nGeorge Washington: Military and Intelligence\\Army\\Officer\\Revolutionary War\nGeorge Washington: Politics and Government\\Statesman\\Colonial statesman\nGeorge Washington: Business and Finance\\Natural resources commerce\\Agriculturist\\Farmer\nGeorge Washington: Military and Intelligence\\Army\\Officer\\General\nGeorge Washington: Politics and Government\\Government official\\President of US\nGeorge Washington: Science and Technology\\Surveyor\nGeorge Washington: Civilian awards\\Congressional Gold Medal\nPortrait""}","[1800s, 1790s]","[United States. Army, 'Washington, George', 'Stuart, Gilbert']","[Miniatures, Paintings]",[United States],"[Business and Finance, Congressional Gold Medal, Farmers, Government, Natural resources commerce, Portraits, Civilian awards, Science and Technology, Colonial statesman, Agriculturists, Statesman, Surveyors, Military and Intelligence, Men, 'American Revolution (1775-1783)', Public officers, Politics, Presidents, Officer]",2,"['https://ids.si.edu/ids/deliveryService?id=NPG-NPG_2013_140GW-000001', 'https://ids.si.edu/ids/deliveryService?id=NPG-NPG_2013_140versoGW_int']","https://ids.si.edu/ids/iiif/NPG-NPG_2013_140GW-000001/full/250,/0/default.jpg",George Washington,Unidentified Artist,1796,Men,President,"[[712, 610, 983, 1007]]",https://github.com/nmolnar-parsons/revperiod_portraitfaces/blob/main/Portrait_Faces/Image_194_face_0.jpg?raw=true; 
https://collections.si.edu/search/detail/edanmdm:npg_NPG.2012.90,NPG,National Portrait Gallery,George Washington,edanmdm:npg_NPG.2012.90,http://n2t.net/ark:/65665/sm44bb88b08-c186-4be7-9a38-f95cff2a933a,https://npg.si.edu/object/npg_NPG.2012.90,2025-03-19,"{""Credit Line"": ""Gift of Eleanor Morein Foster in memory of Charles Harry Foster; National Portrait Gallery, Smithsonian Institution""}","{""Date"": ""1800""}","{""Object number"": ""NPG.2012.90""}","{""Artist"": ""William Clarke, active 1785 - 1806"", ""Sitter"": ""George Washington, 22 Feb 1732 - 14 Dec 1799""}","{""Provenance"": ""Unknown before acquisition by Charles Harry Foster (1914 \u2013 2008) and his wife, Eleanor Morein Foster, in 1994 or earlier.""}","{""Type"": ""Painting""}","{""Medium"": ""Oil on canvas"", ""Dimensions"": ""Stretcher: 77.5 \u00d7 64.8 \u00d7 1.9cm (30 1/2 \u00d7 25 1/2 \u00d7 3/4\"")\nFrame: 95.7 \u00d7 82.7 \u00d7 7cm (37 11/16 \u00d7 32 9/16 \u00d7 2 3/4\"")""}","{""Place"": ""United States\\Pennsylvania\\Philadelphia""}",,"{""Topic"": ""Nature & Environment\\Animal\\Horse\nCostume\\Headgear\\Hat\\Tricorne\nCostume\\Dress Accessory\\Epaulet\nWeapon\\Cannon\nMusic\\Musical instrument\\Drum\nSymbols & Motifs\\Flag\\National flag\\American\nGeorge Washington: Male\nGeorge Washington: Military and Intelligence\\Army\\Officer\\Revolutionary War\nGeorge Washington: Politics and Government\\Statesman\\Colonial statesman\nGeorge Washington: Business and Finance\\Natural resources commerce\\Agriculturist\\Farmer\nGeorge Washington: Military and Intelligence\\Army\\Officer\\General\nGeorge Washington: Politics and Government\\Government official\\President of US\nGeorge Washington: Science and Technology\\Surveyor\nGeorge Washington: Civilian awards\\Congressional Gold Medal\nPortrait""}",[1800s],"[United States. Army, 'Washington, George', 'Clarke, William']",[Paintings],"[United States, North America, Philadelphia, Pennsylvania]","[Business and Finance, Cannon, Natural resources commerce, Dress accessories, Musical instruments, Symbols & Motifs, Colonial statesman, Weapons, Statesman, Military and Intelligence, 'American Revolution (1775-1783)', Public officers, National flag, Presidents, Nature, Congressional Gold Medal, Farmers, 'Drums (Membranophones)', Government, Portraits, Ecology, Flags, Civilian awards, Headgear, Tricorne, Science and Technology, Animals, Agriculturists, Surveyors, Costume, Music, Men, Horses, Hats, Politics, Officer]",1,['https://ids.si.edu/ids/deliveryService?id=NPG-NPG_2012_90GW-000001'],"https://ids.si.edu/ids/iiif/NPG-NPG_2012_90GW-000001/full/250,/0/default.jpg",George Washington,William Clarke,1800,Men,President,"[[719, 386, 820, 511]]",https://github.com/nmolnar-parsons/revperiod_portraitfaces/blob/main/Portrait_Faces/Image_195_face_0.jpg?raw=true; 
https://collections.si.edu/search/detail/edanmdm:npg_NPG.2011.64,NPG,National Portrait Gallery,Benjamin Latrobe,edanmdm:npg_NPG.2011.64,http://n2t.net/ark:/65665/sm48d25da96-7026-4745-becf-f538e26cbaeb,https://npg.si.edu/object/npg_NPG.2011.64,2025-03-19,"{""Credit Line"": ""National Portrait Gallery, Smithsonian Institution""}","{""Date"": ""c. 1790""}","{""Object number"": ""NPG.2011.64""}","{""Artist"": ""Charles Frederick Von Breda, 16 Aug 1759 - 1 Dec 1818"", ""Sitter"": ""Benjamin Henry Latrobe, 1 May 1764 - 3 Sep 1820""}","{""Exhibition Label"": ""Born Yorkshire, England\nBenjamin Latrobe brought a new level of sophistication to U.S. architecture. A British emigrant who trained in Germany, he adapted European Neoclassical style to iconic American buildings such as the U.S. Capitol and the White House. His innovative fire-proof construction saved both from destruction after the British set fire to them during the War of 1812 (1812\u201315).\nLatrobe was just beginning his career when he posed for this portrait in London. A few years later, he departed for the United States, where he mentored a rising generation of architects, including Robert Mills, who designed this building.\nNacido en Yorkshire, Inglaterra\nBenjamin Latrobe llev\u00f3 la arquitectura de EE.UU. a un nuevo nivel de refinamiento. Inmigrante brit\u00e1nico educado en Alemania, adapt\u00f3 el estilo neocl\u00e1sico europeo a edificios emblem\u00e1ticos estadounidenses, tales como el Capitolio y la Casa Blanca. Su innovadora construcci\u00f3n a prueba de fuego salv\u00f3 a ambos edificios cuando los brit\u00e1nicos intentaron incendiarlos durante la Guerra de 1812 (1812\u201315).\nLatrobe apenas comenzaba su carrera cuando pos\u00f3 para este retrato en Londres. Pocos a\u00f1os despu\u00e9s parti\u00f3 hacia EE.UU., donde fue mentor de una generaci\u00f3n incipiente de arquitectos, entre ellos Robert Mills, quien dise\u00f1\u00f3 este edificio."", ""Provenance"": ""Anders Rosendahl; A.E. Lyth, 1849; Emil Hultmark by 1942; his daughter, Carna Hultmark Moselius by 1959; Carl David Moselius; sold (Stockholms Auktionsverk 28 May 2009); (Ben Elwes Fine Art, London); purchased 2011 NPG""}","{""Type"": ""Painting""}","{""Medium"": ""Oil on canvas"", ""Dimensions"": ""Stretcher: 18.1 \u00d7 13.3 cm (7 1/8 \u00d7 5 1/4\"")\nFrame (estimate): 24.1 \u00d7 20.3 \u00d7 3.8 cm (9 1/2 \u00d7 8 \u00d7 1 1/2\"")""}",,,"{""Topic"": ""Interior\nHome Furnishings\\Furniture\\Seating\\Chair\nPrinted Material\\Book\nCostume\\Dress Accessory\\Eyeglasses\nEquipment\\Drafting & Writing Implements\\Writing implement\\Pen\\Quill\nHome Furnishings\\Curtain\nBenjamin Henry Latrobe: Male\nBenjamin Henry Latrobe: Arts and Culture\\Visual Arts\\Architect\nBenjamin Henry Latrobe: Science and Technology\\Engineer\\Civil engineer\nPortrait""}","[1780s, 1790s]","['Latrobe, Benjamin Henry', 'Von Breda, Charles Frederick']",[Paintings],[],"[Art, Books and reading, Arts and Culture, Architects, Interior decoration, Dress accessories, Quill, Portraits, Home Furnishings, Drafting & Writing Implements, Eyeglasses, Furnishings, Printed Material, Design, Science and Technology, Chairs, Seating, Costume, Curtain, Men, Civil engineer, Engineers, Pens]",1,['https://ids.si.edu/ids/deliveryService?id=NPG-NPG_2011_64Latrobe_int'],"https://ids.si.edu/ids/iiif/NPG-NPG_2011_64Latrobe_int/full/250,/0/default.jpg",Benjamin Henry Latrobe,Charles Frederick Von Breda,1790,Men,Civilian,"[[677, 404, 896, 723]]",https://github.com/nmolnar-parsons/revperiod_portraitfaces/blob/main/Portrait_Faces/Image_196_face_0.jpg?raw=true; 
https://collections.si.edu/search/detail/edanmdm:npg_NPG.2011.145,NPG,National Portrait Gallery,Richard Bache,edanmdm:npg_NPG.2011.145,http://n2t.net/ark:/65665/sm44098c5bd-8072-494a-b34c-1fd1ee3bfd7a,https://npg.si.edu/object/npg_NPG.2011.145,2025-03-19,"{""Credit Line"": ""National Portrait Gallery, Smithsonian Institution; gift of the Richard Bache Duane Family""}","{""Date"": ""1792-93""}","{""Object number"": ""NPG.2011.145""}","{""Artist"": ""John Hoppner, 1758 - 1810"", ""Sitter"": ""Richard Bache, 1737 - 1811""}","{""Provenance"": ""Mr. and Mrs. Richard Bache [d.1808], Settle Farm, Bristol, Pennsylvania; their son Richard Bache, Jr. [1784-1848]; his son Alexander Dallas Bache; his sister Henrietta Constantia Abert; purchased by her cousin James May Duane, April 1905; his son Richard Bache Duane [1887-1982], New York, and Locust, New Jersey; his son Dr. Richard Bache Duane Jr. [1918-1988]; his wife Carolyn P. Duane [1923-2010]; her estate; gift to NPG 2011""}","{""Type"": ""Painting""}","{""Medium"": ""Oil on canvas"", ""Dimensions"": ""Stretcher: 76.2 \u00d7 63.5 \u00d7 1.9 cm (30 \u00d7 25 \u00d7 3/4\"")\nFrame: 96.5 x 84 x 7.6 cm (38 x 33 1/16 x 3\"")""}","{""Place"": ""United Kingdom\\England\\Greater London\\London""}",,"{""Topic"": ""Exterior\\Landscape\nCostume\\Dress Accessory\\Ribbon\nRichard Bache: Male\nRichard Bache: Business and Finance\\Businessperson\nRichard Bache: Politics and Government\\Government official\\Postmaster\\Postmaster General\nPortrait""}",[1790s],"['Hoppner, John', 'Bache, Richard']","[Paintings, Exterior views]","[Greater London, Europe, England, United Kingdom]","[Business and Finance, Businessperson, Government, Dress accessories, Portraits, Landscapes, Ribbon, Costume, Men, Postmaster General, Public officers, Politics, Postmasters]",1,['https://ids.si.edu/ids/deliveryService?id=NPG-NPG_2011_145Bache-000001'],"https://ids.si.edu/ids/iiif/NPG-NPG_2011_145Bache-000001/full/250,/0/default.jpg",Richard Bache,John Hoppner,1792,Men,Government,"[[634, 369, 1023, 913]]",https://github.com/nmolnar-parsons/revperiod_portraitfaces/blob/main/Portrait_Faces/Image_197_face_0.jpg?raw=true; 
https://collections.si.edu/search/detail/edanmdm:npg_NPG.2010.49,NPG,National Portrait Gallery,William Carmichael,edanmdm:npg_NPG.2010.49,http://n2t.net/ark:/65665/sm4636177fd-db15-4f48-989b-6f3296874655,https://npg.si.edu/object/npg_NPG.2010.49,2025-03-13,"{""Credit Line"": ""National Portrait Gallery, Smithsonian Institution; gift of Grace Carmichael Moore and Janet Moore Ewing""}","{""Date"": ""1770s""}","{""Object number"": ""NPG.2010.49""}","{""Artist"": ""Unidentified Artist"", ""Sitter"": ""William Carmichael, ? - Feb 1795""}","{""Provenance"": ""Family of sitter, by descent to Janet Moore Ewing and Grace Carmichael Moore; gift to NPG 2010""}","{""Type"": ""Painting""}","{""Medium"": ""Watercolor on ivory"", ""Dimensions"": ""Frame: 6 x 3.8cm (2 3/8 x 1 1/2\"")""}",,,"{""Topic"": ""Miniature\nWilliam Carmichael: Male\nWilliam Carmichael: Law and Crime\\Lawyer\nWilliam Carmichael: Politics and Government\\Government official\\Congressman\\Continental congressman\nWilliam Carmichael: Politics and Government\\Diplomat\nPortrait""}",[1770s],"['Carmichael, William']","[Miniatures, Paintings]",[],"[Legislators, Congressmen, Government, Diplomacy, Men, Portraits, Public officers, Law and Crime, Lawyers, Politics, Diplomats, Continental congressman]",1,['https://ids.si.edu/ids/deliveryService?id=NPG-NPG_2010_49_int'],"https://ids.si.edu/ids/iiif/NPG-NPG_2010_49_int/full/250,/0/default.jpg",William Carmichael,Unidentified Artist,1770,Men,Government,"[[571, 721, 929, 1258]]",https://github.com/nmolnar-parsons/revperiod_portraitfaces/blob/main/Portrait_Faces/Image_198_face_0.jpg?raw=true; 
https://collections.si.edu/search/detail/edanmdm:npg_NPG.2010.48,NPG,National Portrait Gallery,John Marshall,edanmdm:npg_NPG.2010.48,http://n2t.net/ark:/65665/sm480f7477f-1be7-4759-ab85-84b776f4ac47,https://npg.si.edu/object/npg_NPG.2010.48,2025-03-13,"{""Credit Line"": ""National Portrait Gallery, Smithsonian Institution""}","{""Date"": ""1809-10""}","{""Object number"": ""NPG.2010.48""}","{""Artist"": ""Cephas Thompson, 1 Jul 1775 - 6 Nov 1856"", ""Sitter"": ""John Marshall, 24 Sep 1755 - 6 Jul 1835""}","{""Exhibition Label"": ""Born Prince William (now Fauquier) County, Virginia\nJohn Marshall, the fourth chief justice of the United States, strengthened the idea of an independent federal judiciary. Additionally, he established the concept of judicial review, in which the Supreme Court could pronounce a law of Congress as unconstitutional.\nIn cases brought to the Court between 1810 and 1824\u2014years in which the Marshall Court enjoyed great stability and harmony\u2014Marshall used the Court\u2019s judicial review to nullify state laws violating constitutional restraints of state power. The effect of Marshall\u2019s long tenure as chief justice (1801\u201335) was to strengthen the Court, the Constitution, and the federal government. The Court became a preeminent interpreter of the Constitution, and the federal government\u2019s enumerated powers were given a broad interpretation, making it superior to those of the states.\nCephas Thompson painted a portrait of Marshall from life in Richmond, Virginia, as well as six replicas for admirers.\nNacido en Prince William (hoy Fauquier) County, Virginia\nJohn Marshall, cuarto juez presidente del Tribunal Supremo de Estados Unidos, reforz\u00f3 la idea de un sistema judicial independiente. Estableci\u00f3 tambi\u00e9n el concepto de la revisi\u00f3n judicial, seg\u00fan el cual el Tribunal Supremo puede declarar inconstitucional una ley aprobada por el Congreso.\nEn casos vistos por el Tribunal entre 1810 y 1824 (a\u00f1os de gran estabilidad y armon\u00eda en dicho cuerpo), Marshall emple\u00f3 la revisi\u00f3n judicial para anular leyes estatales que violaban las restricciones constitucionales del poder de los estados. Su largo t\u00e9rmino como juez presidente (1801\u201335) tuvo el efecto de fortalecer el Tribunal, la Constituci\u00f3n y el gobierno federal. El Tribunal Supremo se convirti\u00f3 en int\u00e9rprete preeminente de la Constituci\u00f3n, y su amplia interpretaci\u00f3n de los poderes expl\u00edcitos del gobierno federal les dio primac\u00eda sobre los estatales.\nCephas Thompson pint\u00f3 del natural un retrato de Marshall en Richmond, Virginia, adem\u00e1s de seis copias para admiradores."", ""Provenance"": ""O.P. and M. J. Van Sweringen, Daisy Hill Farm, Hunting Valley, Ohio; sold by (Parke-Bernet Galleries) at the Sweringen residence, 27 October 1938, lot 824; Thomas Jones, Cleveland, Ohio; his son Brooks Jones; Mrs. Brooks Jones; (Corcoran Fine Arts, Cleveland); purchased 2010 NPG""}","{""Type"": ""Painting""}","{""Medium"": ""Oil on canvas"", ""Dimensions"": ""Stretcher: 61.3 x 52.4cm (24 1/8 x 20 5/8\"")\nFrame: 73.5 x 64.6 x 6.4cm (28 15/16 x 25 7/16 x 2 1/2\"")""}",,,"{""Topic"": ""John Marshall: Male\nJohn Marshall: Law and Crime\\Lawyer\nJohn Marshall: Politics and Government\\Government official\\Cabinet member\\Secretary of State\nJohn Marshall: Law and Crime\\Judge\\Justice\\US Supreme Court Justice\\Chief Justice of US\nPortrait""}","[1800s, 1810s]","['Thompson, Cephas', 'Marshall, John']",[Paintings],[],"[Justice, Cabinet member, Government, Chief Justice of US, Portraits, Lawyers, Secretary of State, Men, Public officers, Law and Crime, Politics, Judges, US Supreme Court Justice]",1,['https://ids.si.edu/ids/deliveryService?id=NPG-NPG_2010_48_ext'],"https://ids.si.edu/ids/iiif/NPG-NPG_2010_48_ext/full/250,/0/default.jpg",John Marshall,Cephas Thompson,1809,Men,Government,"[[571, 447, 1004, 1052]]",https://github.com/nmolnar-parsons/revperiod_portraitfaces/blob/main/Portrait_Faces/Image_199_face_0.jpg?raw=true; 
https://collections.si.edu/search/detail/edanmdm:npg_NPG.2009.111,NPG,National Portrait Gallery,John Laurens,edanmdm:npg_NPG.2009.111,http://n2t.net/ark:/65665/sm4d51e7f3c-900a-430f-a4e9-626261ed8df5,https://npg.si.edu/object/npg_NPG.2009.111,2025-03-13,"{""Credit Line"": ""National Portrait Gallery, Smithsonian Institution; acquired with the generous support of an anonymous donor. Conserved with funds from the Smithsonian Women's Committee""}","{""Date"": ""1780""}","{""Object number"": ""NPG.2009.111""}","{""Artist"": ""Charles Willson Peale, 15 Apr 1741 - 22 Feb 1827"", ""Sitter"": ""John Laurens, 28 Oct 1754 - 27 Aug 1782""}","{""Provenance"": ""(Neal Auction Company, New Orleans, 21 and 22 November 2009, lot 229); purchased 2009 NPG""}","{""Type"": ""Painting""}","{""Medium"": ""Watercolor on ivory"", ""Dimensions"": ""Ivory: 3.8 x 2.9cm (1 1/2 x 1 1/8\"")""}",,,"{""Topic"": ""Miniature\nJohn Laurens: Male\nJohn Laurens: Military and Intelligence\\Army\\Officer\\Revolutionary War\nJohn Laurens: Politics and Government\\Diplomat\\Diplomatic agent\nPortrait""}",[1780s],"[United States. Army, 'Peale, Charles Willson', 'Laurens, John']","[Miniatures, Paintings]",[],"[Diplomatic agent, Government, Diplomacy, Military and Intelligence, Men, Portraits, 'American Revolution (1775-1783)', Politics, Diplomats, Officer]",2,"['https://ids.si.edu/ids/deliveryService?id=NPG-NPG_2009_111', 'https://ids.si.edu/ids/deliveryService?id=NPG-NPG_2009_111reverse']","https://ids.si.edu/ids/iiif/NPG-NPG_2009_111/full/250,/0/default.jpg",John Laurens,Charles Willson Peale,1780,Men,Government,"[[589, 632, 1011, 1222]]",https://github.com/nmolnar-parsons/revperiod_portraitfaces/blob/main/Portrait_Faces/Image_200_face_0.jpg?raw=true; 
https://collections.si.edu/search/detail/edanmdm:npg_NPG.2008.5,NPG,National Portrait Gallery,Thomas Paine,edanmdm:npg_NPG.2008.5,http://n2t.net/ark:/65665/sm451eaf867-0e65-4f8a-99b8-e3a48607c7b7,https://npg.si.edu/object/npg_NPG.2008.5,2025-07-15,"{""Credit Line"": ""National Portrait Gallery, Smithsonian Institution""}","{""Date"": ""c. 1792""}","{""Object number"": ""NPG.2008.5""}","{""Artist"": ""Laurent Dabos, 1761 - 1835"", ""Sitter"": ""Thomas Paine, 29 Jan 1737 - 8 Jun 1809""}","{""Exhibition Label"": ""Born Thetford, England\n\u201cWe have it in our power to begin the world over again,\u201d Thomas Paine proclaimed in Common Sense. Published anonymously in January 1776 (just fourteen months after his arrival in Philadelphia from England), Paine\u2019s pamphlet helped lay the groundwork for the Declaration of Independence in July. After war broke out, he continued to boost morale, beginning his series of Crisis essays (1776\u201383) with the words, \u201cThese are the times that try Men\u2019s souls.\u201d\nPaine\u2019s attacks on hereditary monarchy and his declaration of liberty and equality as fundamental rights made him a hero in revolutionary France. In response to public demand for his image, this portrait was painted as a model for engravings.\nAfter fifteen years in Europe, Paine returned to the United States in 1802 to find his fortunes changed.\nHis assault on traditional religion in The Age of Reason\n(1794\u20131807) had cost him friends and public support.\nNacido en Thetford, Inglaterra\n\u201cTenemos el poder de empezar el mundo de nuevo\u201d, proclam\u00f3 Thomas Paine en Sentido com\u00fan. Publicado an\u00f3nimamente en enero de 1776 (14 meses despu\u00e9s de llegar Paine a Filadelfia desde Inglaterra), el panfleto prepar\u00f3 el terreno para la Declaraci\u00f3n de Independencia en julio. Tras estallar la guerra, Paine sigui\u00f3 animando al pueblo; su serie de ensayos La crisis americana (1776\u201383) comienza as\u00ed: \u201cEstos son tiempos que ponen a prueba el alma de los hombres\u201d.\nLos ataques de Paine a la monarqu\u00eda hereditaria y su afirmaci\u00f3n de que la libertad y la igualdad son derechos fundamentales lo convirtieron en h\u00e9roe de la Francia revolucionaria. Ante la demanda de alguna imagen de \u00e9l, esta pintura sirvi\u00f3 de modelo para hacer grabados.\nDe regreso a EE.UU. en 1802, tras 15 a\u00f1os en Europa, su suerte hab\u00eda cambiado. La edad de la raz\u00f3n (1794\u20131807), su ataque a la religi\u00f3n tradicional, le hab\u00eda costado amistades y el apoyo p\u00fablico."", ""Provenance"": ""(Salamander Fine Arts, London); purchased 2008 NPG""}","{""Type"": ""Painting""}","{""Medium"": ""Oil on canvas"", ""Dimensions"": ""Stretcher: 34 x 26cm (13 3/8 x 10 1/4\"")\nFrame: 50.8 x 43.5cm (20 x 17 1/8\"")""}",,,"{""Topic"": ""Home Furnishings\\Furniture\\Seating\\Chair\nThomas Paine: Male\nThomas Paine: Arts and Culture\\Literature\\Writer\nThomas Paine: Politics and Government\\Statesman\nThomas Paine: Arts and Culture\\Journalism and Media\\Magazine editor\nThomas Paine: Science and Technology\\Inventor\nThomas Paine: Social Welfare and Reform\\Reformer\\Humanitarian\nPortrait""}",[1790s],"['Dabos, Laurent', 'Paine, Thomas']",[Paintings],[],"[Social Welfare and Reform, Arts and Culture, Literature, Writers, Government, Magazine editor, Portraits, Home Furnishings, Furnishings, Reformers, Science and Technology, Statesman, Inventors, Humanitarianism, Chairs, Seating, Men, Politics, Journalism and Media]",1,['https://ids.si.edu/ids/deliveryService?id=NPG-NPG_2008_5'],"https://ids.si.edu/ids/iiif/NPG-NPG_2008_5/full/250,/0/default.jpg",Thomas Paine,Laurent Dabos,1792,Men,Government,"[[575, 437, 896, 904]]",https://github.com/nmolnar-parsons/revperiod_portraitfaces/blob/main/Portrait_Faces/Image_201_face_0.jpg?raw=true; 
https://collections.si.edu/search/detail/edanmdm:npg_NPG.2008.4,NPG,National Portrait Gallery,Thomas Ash II,edanmdm:npg_NPG.2008.4,http://n2t.net/ark:/65665/sm4b673a274-6f03-4aa7-a0e0-d17fad757ab6,https://npg.si.edu/object/npg_NPG.2008.4,2025-03-19,"{""Credit Line"": ""National Portrait Gallery, Smithsonian Institution; partial gift of the Fund in Honor of Barbara Novak""}","{""Date"": ""1807""}","{""Object number"": ""NPG.2008.4""}","{""Artist"": ""Thomas Sully, 19 Jun 1783 - 5 Nov 1872"", ""Sitter"": ""Thomas Ash II, 1785 - after 1824""}","{""Provenance"": ""(Sumpter Priddy, III, Inc., Alexandria, Va.); purchased 2008 NPG""}","{""Type"": ""Painting""}","{""Medium"": ""Oil on canvas"", ""Dimensions"": ""Stretcher: 66.4 x 56.2cm (26 1/8 x 22 1/8\"")\nFrame: 85.1 x 74.3 x 8.9cm (33 1/2 x 29 1/4 x 3 1/2\"")""}",,,"{""Topic"": ""Thomas Ash II: Male\nThomas Ash II: Arts and Culture\\Visual Arts\\Artist\\Furniture maker\\Cabinetmaker\nPortrait""}",[1800s],"['Ash, Thomas', 'Sully, Thomas']",[Paintings],[],"[Art, Arts and Culture, Men, Cabinetmaker, Portraits, Artists, Furniture maker]",1,['https://ids.si.edu/ids/deliveryService?id=NPG-NPG_2008_4Ash_d1'],"https://ids.si.edu/ids/iiif/NPG-NPG_2008_4Ash_d1/full/250,/0/default.jpg",Thomas Ash II,Thomas Sully,1807,Men,Civilian,"[[671, 495, 1054, 1087]]",https://github.com/nmolnar-parsons/revperiod_portraitfaces/blob/main/Portrait_Faces/Image_202_face_0.jpg?raw=true; 
https://collections.si.edu/search/detail/edanmdm:npg_NPG.2008.1,NPG,National Portrait Gallery,Daniel Leonard,edanmdm:npg_NPG.2008.1,http://n2t.net/ark:/65665/sm46c9cfbc8-14b9-419a-b923-52a7c0fcdaab,https://npg.si.edu/object/npg_NPG.2008.1,2025-03-19,"{""Credit Line"": ""National Portrait Gallery, Smithsonian Institution Conserved with funds from the Smithsonian Women's Committee""}","{""Date"": ""c. 1770""}","{""Object number"": ""NPG.2008.1""}","{""Artist"": ""Unidentified Artist"", ""Sitter"": ""Daniel Leonard, 18 May 1740 - 27 Jun 1829""}","{""Provenance"": ""(Webster\u2019s Fine Books and Maps, Toronto); purchased 2007 NPG""}","{""Type"": ""Painting""}","{""Medium"": ""Watercolor on ivory"", ""Dimensions"": ""3.8 x 3.5 x 0.6cm (1 1/2 x 1 3/8 x 1/4\"")""}",,,"{""Topic"": ""Costume\\Dress Accessory\\Button\nDaniel Leonard: Male\nDaniel Leonard: Law and Crime\\Lawyer\nDaniel Leonard: Arts and Culture\\Literature\\Writer\nDaniel Leonard: Politics and Government\\Loyalist\nDaniel Leonard: Law and Crime\\Judge\\Justice\nPortrait""}",[1770s],"['Leonard, Daniel']",[Paintings],[],"[Justice, Arts and Culture, Literature, Writers, Government, Dress accessories, Portraits, Lawyers, Button, Costume, Men, Loyalist, Law and Crime, Politics, Judges]",1,['https://ids.si.edu/ids/deliveryService?id=NPG-A8000002A_1'],"https://ids.si.edu/ids/iiif/NPG-A8000002A_1/full/250,/0/default.jpg",Daniel Leonard,Unidentified Artist,1770,Men,Government,"[[704, 407, 1202, 1112]]",https://github.com/nmolnar-parsons/revperiod_portraitfaces/blob/main/Portrait_Faces/Image_203_face_0.jpg?raw=true; 
https://collections.si.edu/search/detail/edanmdm:npg_NPG.2007.212,NPG,National Portrait Gallery,Charles Cotesworth Pinckney,edanmdm:npg_NPG.2007.212,http://n2t.net/ark:/65665/sm445dde523-239c-4955-8043-9897b4e15a6e,https://npg.si.edu/object/npg_NPG.2007.212,2025-06-11,"{""Credit Line"": ""National Portrait Gallery, Smithsonian Institution; gift of Elise Pinckney""}","{""Date"": ""1791""}","{""Object number"": ""NPG.2007.212""}","{""Artist"": ""John Trumbull, 6 Jun 1756 - 10 Nov 1843"", ""Sitter"": ""Charles Cotesworth Pinckney, 25 Feb 1746 - 25 Aug 1825""}","{""Exhibition Label"": ""Born Charles Town (now Charleston), South Carolina\nWhile traveling along the East Coast in 1791, \u201ctaking heads\u201d of Revolutionary War heroes, the painter John Trumbull sought out Charles Cotesworth Pinckney. A leading political and military figure in South Carolina, Pinckney was also a wealthy landowner who enslaved dozens on his plantations. During the drafting of the U.S. Constitution in 1787, Pinckney had opposed including a bill of rights declaring all men were born free. He later defended his position, arguing it a \u201cvery bad grace when a large part of our property consists of men who are actually born slaves.\u201d\nNacido en Charles Town (hoy Charleston), Carolina del Sur\nViajando por la costa este del pa\u00eds en 1791 para \u201chacer cabezas\u201d de los h\u00e9roes de la Guerra de Independencia, el pintor John Trumbull contact\u00f3 a Charles Cotesworth Pinckney. Importante figura pol\u00edtica y militar de Carolina del Sur, Pinckney era tambi\u00e9n hacendado y tuvo docenas de esclavizados en sus plantaciones. Cuando se redactaba la Constituci\u00f3n de EE.UU. en 1787, se opuso a la declaraci\u00f3n de que todos los hombres nacen libres. Luego argument\u00f3 que la declaraci\u00f3n ser\u00eda \u201cmal recibida, dado que gran parte de nuestras propiedades consisten de hombres que de hecho han nacido esclavos\u201d."", ""Provenance"": ""Elise Pinckney, Mt. Pleasant, South Carolina, descendant; gift 2007 to NPG""}","{""Type"": ""Painting""}","{""Medium"": ""Oil on wood panel"", ""Dimensions"": ""Frame: 15.9 x 14cm (6 1/4 x 5 1/2\"")\nSight: 8.6 x 7cm (3 3/8 x 2 3/4\"")""}",,,"{""Topic"": ""Miniature\nCharles Cotesworth Pinckney: Male\nCharles Cotesworth Pinckney: Law and Crime\\Lawyer\nCharles Cotesworth Pinckney: Politics and Government\\Presidential candidate\nCharles Cotesworth Pinckney: Military and Intelligence\\Army\\Officer\\Revolutionary War\nCharles Cotesworth Pinckney: Politics and Government\\Diplomat\nCharles Cotesworth Pinckney: Military and Intelligence\\Army\\Officer\\General\nCharles Cotesworth Pinckney: Politics and Government\\Diplomat\\Minister\nCharles Cotesworth Pinckney: Politics and Government\\Government official\\US Congressman\\South Carolina\nCharles Cotesworth Pinckney: Politics and Government\\Government official\\Governor\\South Carolina\nCharles Cotesworth Pinckney: Politics and Government\\Statesman\\Signer of Constitution\nCharles Cotesworth Pinckney: Politics and Government\\Government official\\State Senator\\South Carolina\nCharles Cotesworth Pinckney: Military and Intelligence\\Prisoner of War\nPortrait""}",[1790s],"[United States. Army, 'Trumbull, John', 'Pinckney, Charles Cotesworth']","[Miniatures, Paintings]","[United States, South Carolina]","[Presidential candidate, Legislators, Congressmen, Government, Diplomacy, Portraits, Lawyers, Governors, Signer of Constitution, Statesman, Military and Intelligence, Men, Senators, 'American Revolution (1775-1783)', Public officers, Law and Crime, Politics, Prisoner of War, Diplomats, Minister, Officer]",1,['https://ids.si.edu/ids/deliveryService?id=NPG-NPG_2007_212'],"https://ids.si.edu/ids/iiif/NPG-NPG_2007_212/full/250,/0/default.jpg",Charles Cotesworth Pinckney,John Trumbull,1791,Men,President,"[[549, 542, 896, 1020]]",https://github.com/nmolnar-parsons/revperiod_portraitfaces/blob/main/Portrait_Faces/Image_204_face_0.jpg?raw=true; 
https://collections.si.edu/search/detail/edanmdm:npg_NPG.2007.211,NPG,National Portrait Gallery,Thomas Pinckney,edanmdm:npg_NPG.2007.211,http://n2t.net/ark:/65665/sm490788d2d-4048-49cb-8218-15bbf43fe6d6,https://npg.si.edu/object/npg_NPG.2007.211,2024-12-03,"{""Credit Line"": ""National Portrait Gallery, Smithsonian Institution; gift of Elise Pinckney""}","{""Date"": ""1791""}","{""Object number"": ""NPG.2007.211""}","{""Artist"": ""John Trumbull, 6 Jun 1756 - 10 Nov 1843"", ""Sitter"": ""Thomas Pinckney, 23 Oct 1750 - 2 Nov 1828""}","{""Provenance"": ""Elise Pinckney, Mt. Pleasant, South Carolina, descendant of sitter; gift 2007 to NPG""}","{""Type"": ""Painting""}","{""Medium"": ""Oil on wood panel"", ""Dimensions"": ""Sight: 8.6 x 7cm (3 3/8 x 2 3/4\"")\nFrame: 15.9 x 14.6cm (6 1/4 x 5 3/4\"")""}",,,"{""Topic"": ""Miniature\nThomas Pinckney: Male\nThomas Pinckney: Law and Crime\\Lawyer\nThomas Pinckney: Military and Intelligence\\Army\\Officer\\Revolutionary War\nThomas Pinckney: Politics and Government\\Diplomat\\Minister\nThomas Pinckney: Politics and Government\\Government official\\Governor\\South Carolina\nPortrait""}",[1790s],"[United States. Army, 'Trumbull, John', 'Pinckney, Thomas']","[Miniatures, Paintings]",[South Carolina],"[Government, Diplomacy, Portraits, Lawyers, Governors, Military and Intelligence, Men, 'American Revolution (1775-1783)', Public officers, Law and Crime, Politics, Diplomats, Minister, Officer]",1,['https://ids.si.edu/ids/deliveryService?id=NPG-NPG_2007_211'],"https://ids.si.edu/ids/iiif/NPG-NPG_2007_211/full/250,/0/default.jpg",Thomas Pinckney,John Trumbull,1791,Men,Government,"[[679, 470, 1055, 1057]]",https://github.com/nmolnar-parsons/revperiod_portraitfaces/blob/main/Portrait_Faces/Image_205_face_0.jpg?raw=true; 
https://collections.si.edu/search/detail/edanmdm:npg_NPG.2007.11,NPG,National Portrait Gallery,William Linn,edanmdm:npg_NPG.2007.11,http://n2t.net/ark:/65665/sm44a9659c3-58cb-4ab2-83ee-558ddfb8353c,https://npg.si.edu/object/npg_NPG.2007.11,2024-12-03,"{""Credit Line"": ""National Portrait Gallery, Smithsonian Institution; gift of DeWitt Linn Sage Conserved with funds from the Smithsonian Women's Committee""}","{""Date"": ""early 1790s""}","{""Object number"": ""NPG.2007.11""}","{""Attribution"": ""Archibald Robertson, 8 May 1765 - 6 Dec 1835"", ""Sitter"": ""William Linn, 27 Feb 1752 - 8 Jan 1808""}","{""Provenance"": ""DeWitt Linn Sage, Greenwich, Conn., descendant of sitter; gift 2007 to NPG""}","{""Type"": ""Painting""}","{""Medium"": ""Watercolor on ivory"", ""Dimensions"": ""5.7 x 4.4 x 0.6cm (2 1/4 x 1 3/4 x 1/4\"")""}",,,"{""Topic"": ""Miniature\nWilliam Linn: Male\nWilliam Linn: Religion and Spirituality\\Clergy\\Minister\nPortrait""}",[1790s],"['Robertson, Archibald', 'Linn, William']","[Miniatures, Paintings]",[],"[Religion and Spirituality, Men, Portraits, Clergy, Minister]",2,"['https://ids.si.edu/ids/deliveryService?id=NPG-NPG_2007_11Linn-000003', 'https://ids.si.edu/ids/deliveryService?id=NPG-NPG_2007_11Linn_int-000001']","https://ids.si.edu/ids/iiif/NPG-NPG_2007_11Linn-000003/full/250,/0/default.jpg",William Linn,Archibald Robertson,1790,Men,Clergy,"[[345, 213, 1023, 1200]]",https://github.com/nmolnar-parsons/revperiod_portraitfaces/blob/main/Portrait_Faces/Image_206_face_0.jpg?raw=true; 
https://collections.si.edu/search/detail/edanmdm:npg_NPG.2004.1,NPG,National Portrait Gallery,John Winthrop,edanmdm:npg_NPG.2004.1,http://n2t.net/ark:/65665/sm494570a5b-7dbe-4469-a889-85b6f643b467,https://npg.si.edu/object/npg_NPG.2004.1,2025-03-13,"{""Credit Line"": ""National Portrait Gallery, Smithsonian Institution, gift of Dr. and Mrs. R. Ted Steinbock""}","{""Date"": ""c. 1800, after early 17th century original""}","{""Object number"": ""NPG.2004.1""}","{""Artist"": ""Unidentified Artist"", ""Copy after"": ""Unidentified Artist"", ""Sitter"": ""John Winthrop, 1587/8 - 1649""}","{""Exhibition Label"": ""Born Edwardstone, Suffolk, England\nEnglish Puritan and lawyer John Winthrop was a founding member of the Massachusetts Bay Colony. Appointed as the colony\u2019s first governor in 1629, Winthrop proclaimed that this godly community would be a \u201ccity upon a hill\u201d for other nations to admire. Serving twelve non-consecutive terms as governor, he guided the commonwealth in its foundational years. The government he formed was inseparable from Puritan values. Although Winthrop and his fellow Puritans had fled religious persecution in Britain, they did not tolerate dissent in the new commonwealth, which banished anyone who challenged religious authority.\nAs colonists expanded their settlements on Indigenous lands, Winthrop declared war against the Pequot tribe. Following the massacre of Pequot people in 1637, he proclaimed victory and declared a public day of thanksgiving. Indigenous prisoners of war were traded for goods or enslaved by colonists, with Winthrop owning at least one.\nNacido en Edwardstone, Suffolk, Inglaterra\nEl abogado de fe puritana John Winthrop estuvo entre los fundadores de la colonia de la Bah\u00eda de Massachusetts y fue designado su primer gobernador en 1629, proclamando que esta devota comunidad ser\u00eda una \u201cciudad en lo alto de una colina\u201d para admiraci\u00f3n de las dem\u00e1s naciones. Sirvi\u00f3 12 t\u00e9rminos consecutivos como gobernador y guio a la mancomunidad en sus a\u00f1os fundacionales. Su gobierno era inseparable de los valores puritanos. Aunque \u00e9l y sus compa\u00f1eros de fe hab\u00edan huido de la persecuci\u00f3n religiosa en Gran Breta\u00f1a, no toleraban disensiones en la mancomunidad, y quien desafiara la autoridad religiosa era expulsado.\nMientras los colonos expand\u00edan sus asentamientos en tierras ind\u00edgenas, Winthrop declar\u00f3 la guerra a la tribu pequot. Tras la masacre del pueblo pequot en 1637, proclam\u00f3 su victoria y declar\u00f3 un d\u00eda de \u201cacci\u00f3n de gracias\u201d. Los prisioneros de guerra ind\u00edgenas fueron intercambiados por mercanc\u00eda o esclavizados por los colonos, incluido Winthrop."", ""Provenance"": ""(Adam A. Weschler & Son, Inc., Washington, 13 December 2003, lot 538); purchased NPG""}","{""Type"": ""Painting""}","{""Medium"": ""Oil on canvas"", ""Dimensions"": ""Sight: 74.6 x 62.2cm (29 3/8 x 24 1/2\"")\nFrame: 93.7 x 81.4 x 6.7cm (36 7/8 x 32 1/16 x 2 5/8\"")""}",,,"{""Topic"": ""Costume\\Dress Accessory\\Neckwear\\Collar\\Ruff\nPersonal Attribute\\Facial Hair\\Goatee\nJohn Winthrop: Male\nJohn Winthrop: Politics and Government\\Government official\\Governor\\Colonial Governor\\Massachusetts\nPortrait""}","[1800s, 1790s]","['Winthrop, John']",[Paintings],[Massachusetts],"[Neckwear, Ruff, Government, Dress accessories, Goatee, Portraits, Facial Hair, Governors, Colonial Governor, Costume, Men, Public officers, Politics, Collar]",1,['https://ids.si.edu/ids/deliveryService?id=NPG-NPG_2004_1'],"https://ids.si.edu/ids/iiif/NPG-NPG_2004_1/full/250,/0/default.jpg",John Winthrop,Unidentified Artist,1800,Men,Government,"[[657, 210, 1058, 823]]",https://github.com/nmolnar-parsons/revperiod_portraitfaces/blob/main/Portrait_Faces/Image_207_face_0.jpg?raw=true; 
https://collections.si.edu/search/detail/edanmdm:npg_NPG.2001.5,NPG,National Portrait Gallery,John Ewing,edanmdm:npg_NPG.2001.5,http://n2t.net/ark:/65665/sm4f1d59b40-d63d-4eca-ba49-c7fcfbc527b4,https://npg.si.edu/object/npg_NPG.2001.5,2025-03-19,"{""Credit Line"": ""National Portrait Gallery, Smithsonian Institution; partial gift of Dean Emerson and Maisie Emerson Macy""}","{""Date"": ""1788""}","{""Object number"": ""NPG.2001.5""}","{""Artist"": ""Charles Willson Peale, 15 Apr 1741 - 22 Feb 1827"", ""Sitter"": ""John Ewing, 1732 - 1802""}","{""Provenance"": ""Dean Emerson, Houston, and Maisie Emerson Macy, Morristown, N.J., descendants of sitter; donative sale to NPG 2001""}","{""Type"": ""Painting""}","{""Medium"": ""Oil on canvas"", ""Dimensions"": ""Sight: 95.3 x 69.9 x 3.8 cm (37 1/2 x 27 1/2 x 1 1/2\"")\nFrame: 105.4 x 82.6 x 8.9 cm (41 1/2 x 32 1/2 x 3 1/2\"")\nStretcher: 92.1 \u00d7 69.4 \u00d7 3 cm (36 1/4 \u00d7 27 5/16 \u00d7 1 3/16\"")""}","{""Place"": ""United States\\Pennsylvania\\Philadelphia\\Philadelphia""}",,"{""Topic"": ""Printed Material\\Papers\nHome Furnishings\\Drape\nCostume\\Hair Accessory\\Wig\nEquipment\\Drafting & Writing Implements\\Writing implement\\Pen\\Quill\nEquipment\\Optical Devices\\Telescope\nJohn Ewing: Male\nJohn Ewing: Religion and Spirituality\\Clergy\nJohn Ewing: Arts and Culture\\Education and Scholarship\\Administrator\\University administrator\nPortrait""}",[1780s],"['Ewing, John', 'Peale, Charles Willson']",[Paintings],"[United States, North America, Philadelphia, Pennsylvania]","[Optical Devices, Arts and Culture, Papers, Quill, Portraits, Home Furnishings, Drafting & Writing Implements, Printed Material, Wig, Religion and Spirituality, Costume, Men, Telescopes, University administrator, Administrators, Education and Scholarship, Drape, Hair Accessory, Clergy, Pens]",1,['https://ids.si.edu/ids/deliveryService?id=NPG-NPG_2001_15'],"https://ids.si.edu/ids/iiif/NPG-NPG_2001_15/full/250,/0/default.jpg",John Ewing,Charles Willson Peale,1788,Men,Clergy,"[[766, 486, 1042, 895]]",https://github.com/nmolnar-parsons/revperiod_portraitfaces/blob/main/Portrait_Faces/Image_208_face_0.jpg?raw=true; 
https://collections.si.edu/search/detail/edanmdm:npg_NPG.2001.3,NPG,National Portrait Gallery,Daniel Morgan,edanmdm:npg_NPG.2001.3,http://n2t.net/ark:/65665/sm4a18db5c3-e3ec-4039-87d2-6c4e882d028e,https://npg.si.edu/object/npg_NPG.2001.3,2025-03-13,"{""Credit Line"": ""National Portrait Gallery, Smithsonian Institution""}","{""Date"": ""c. 1780""}","{""Object number"": ""NPG.2001.3""}","{""Artist"": ""Unidentified Artist"", ""Sitter"": ""Daniel Morgan, 1736 - 6 Jul 1802""}","{""Provenance"": ""Rev. David Morton, gift to Louisville Free Public Library, Louisville, Kentucky; deaccessioned 1986 and sold to (Christie's, New York, 3/31/1987, lot # 84);(Gary and Diana Stradling, New York);""}","{""Type"": ""Painting""}","{""Medium"": ""Oil on canvas"", ""Dimensions"": ""76.2 x 61cm (30 x 24\"")\nFrame: 92.7 x 78.1 x 6.7cm (36 1/2 x 30 3/4 x 2 5/8\"")""}",,,"{""Topic"": ""Daniel Morgan: Male\nDaniel Morgan: Military and Intelligence\\Army\\Officer\\Revolutionary War\nDaniel Morgan: Politics and Government\\Government official\\US Congressman\\Virginia\nDaniel Morgan: Civilian awards\\Congressional Gold Medal\nPortrait""}",[1780s],"[United States. Army, 'Morgan, Daniel']",[Paintings],"[United States, Virginia]","[Legislators, Congressional Gold Medal, Congressmen, Government, Military and Intelligence, Men, Portraits, 'American Revolution (1775-1783)', Public officers, Politics, Civilian awards, Officer]",1,['https://ids.si.edu/ids/deliveryService?id=NPG-NPG_2001_3Morgan-000002'],"https://ids.si.edu/ids/iiif/NPG-NPG_2001_3Morgan-000002/full/250,/0/default.jpg",Daniel Morgan,Unidentified Artist,1780,Men,Military,"[[587, 188, 968, 745]]",https://github.com/nmolnar-parsons/revperiod_portraitfaces/blob/main/Portrait_Faces/Image_209_face_0.jpg?raw=true; 
https://collections.si.edu/search/detail/edanmdm:npg_NPG.2001.13,NPG,National Portrait Gallery,George Washington (Lansdowne Portrait),edanmdm:npg_NPG.2001.13,http://n2t.net/ark:/65665/sm46a76a395-dbbe-4e57-a89a-a4bc1b4a7a7a,https://npg.si.edu/object/npg_NPG.2001.13,2025-06-10,"{""Credit Line"": ""National Portrait Gallery, Smithsonian Institution; acquired as a gift to the nation through the generosity of the Donald W. Reynolds Foundation""}","{""Date"": ""1796""}","{""Object number"": ""NPG.2001.13""}","{""Artist"": ""Gilbert Stuart, 3 Dec 1755 - 9 Jul 1828"", ""Sitter"": ""George Washington, 22 Feb 1732 - 14 Dec 1799""}","{""Exhibition Label"": ""As a military and political figure, George Washington was a unifying force during the country\u2019s formative years. He fought in the French and Indian War and later served as commander-in-chief of the Continental Army in the Revolutionary War. After being unanimously elected as the first president of the United States, in 1789, he installed the Supreme Court and the cabinet, quelled the Whiskey Rebellion, and defeated the Western Lakes Confederacy in the Northwest Indian War (and facilitated the subsequent peace negotiations with the alliance). Washington enjoyed immense popularity at the end of his second term, but he declined to run again, insisting that the United States needed to take proper precautions to avoid hereditary leadership or dictatorship.\nWhile mapping out the composition for this painting, American artist Gilbert Stuart, who had previously worked in England and Ireland, drew from European traditions of state portraiture to evoke Washington\u2019s leadership. The artist made a number of direct references to the newly formed United States, and the pose he chose for the president is believed to allude to Washington\u2019s annual address in front of Congress in December 1795. Stuart completed several replicas of the image, which spread rapidly through popular engravings.\nComo figura pol\u00edtica y militar, George Washington fue una fuerza unificadora durante los a\u00f1os ormativos de la naci\u00f3n. Combati\u00f3 en la Guerra Franco-Ind\u00edgena y m\u00e1s tarde fue comandante en jefe del Ej\u00e9rcito Continental en la Guerra de Independencia. Luego de su elecci\u00f3n un\u00e1nime como primer presidente de Estados Unidos, en 1789, instituy\u00f3 el Tribunal Supremo y el gabinete, suprimi\u00f3 la Rebeli\u00f3n del Whiskey y derrot\u00f3 a la Confederaci\u00f3n de los Grandes Lagos en la Guerra Ind\u00edgena del Noroeste (y facilit\u00f3 las posteriores negociaciones de paz con la alianza). Washington gozaba de enorme popularidad al final de su segundo t\u00e9rmino presidencial, pero rehus\u00f3 postularse de nuevo, insistiendo en que Estados Unidos ten\u00eda que tomar las debidas precauciones para evitar los puestos hereditarios y las dictaduras.\nEn la composici\u00f3n de esta pintura, el estadounidense Gilbert Stuart, quien hab\u00eda trabajado en Inglaterra e Irlanda, sigui\u00f3 la tradici\u00f3n de los retratos oficiales europeos para representar el liderato de Washington. El artista incluye referencias directas a la reci\u00e9n formada naci\u00f3n de los Estados Unidos, y la pose en que muestra al presidente parece aludir al discurso de Washington ante el Congreso en diciembre de 1795. Stuart complet\u00f3 varias r\u00e9plicas de la imagen, que se difundi\u00f3 r\u00e1pidamente a trav\u00e9s de grabados populares."", ""Provenance"": ""Commissioned by Senator William Bingham and his wife Anne Willing Bingham as a gift for William Petty, Lord Shelburne, the first Marquess of Lansdowne (died 1805); purchased in March, 1806 at the sale of the Marquess' estate by American merchant Samuel Williams; purchased in 1827 by John Delaware Lewis; after his death in 1841, owned by his son, John Delaware Lewis; Herman LeRoy Lewis; purchased in May 1889 by Archibald Philip Primrose, fifth Earl of Rosebery; by family descent to Lord Harry Dalmeny; purchased 2001 NPG.""}","{""Type"": ""Painting""}","{""Medium"": ""Oil on canvas"", ""Dimensions"": ""247.6 \u00d7 158.7 cm (97 1/2 \u00d7 62 1/2\"")\nFrame: 283.5 \u00d7 194.3 \u00d7 17.8 cm (111 5/8 \u00d7 76 1/2 \u00d7 7\"")""}","{""Place"": ""United States\\Pennsylvania\\Franklin\\Germantown""}",,"{""Topic"": ""Printed Material\\Book\nPrinted Material\\Document\nInterior\\Interior with Exterior View\nHome Furnishings\\Furniture\\Seating\\Chair\\Armchair\nPrinted Material\\Papers\nWeapon\\Sword\nArchitecture\\Column\nHome Furnishings\\Furniture\\Carpet\nHome Furnishings\\Furniture\\Table\\Writing table\nEquipment\\Drafting & Writing Implements\\Writing implement\\Pen\\Quill\nEquipment\\Drafting & Writing Implements\\Inkstand\nNature & Environment\\Animal\\Bird\\Eagle\nNature & Environment\\Rainbow\nGeorge Washington: Male\nGeorge Washington: Military and Intelligence\\Army\\Officer\\Revolutionary War\nGeorge Washington: Politics and Government\\Statesman\\Colonial statesman\nGeorge Washington: Business and Finance\\Natural resources commerce\\Agriculturist\\Farmer\nGeorge Washington: Military and Intelligence\\Army\\Officer\\General\nGeorge Washington: Politics and Government\\Government official\\President of US\nGeorge Washington: Science and Technology\\Surveyor\nGeorge Washington: Civilian awards\\Congressional Gold Medal\nPortrait""}",[1790s],"[United States. Army, 'Washington, George', 'Stuart, Gilbert']",[Paintings],"[Franklin, United States, North America, Germantown, Pennsylvania]","[Business and Finance, Books and reading, Papers, Natural resources commerce, Quill, Home Furnishings, Carpet, Eagles, Armchairs, Printed Material, Design, Colonial statesman, Weapons, Inkstand, Statesman, Chairs, Swords, Column, Seating, Rainbow, Military and Intelligence, Tables, 'American Revolution (1775-1783)', Public officers, Presidents, Nature, Congressional Gold Medal, Interior with Exterior View, Farmers, Architecture, Government, Interior decoration, Birds, Portraits, Ecology, Civilian awards, Drafting & Writing Implements, Furnishings, Science and Technology, Animals, Agriculturists, Surveyors, Men, Politics, Writing table, Pens, Officer]",1,['https://ids.si.edu/ids/deliveryService?id=NPG-NPG_2001_13_ext'],"https://ids.si.edu/ids/iiif/NPG-NPG_2001_13_ext/full/250,/0/default.jpg",George Washington,Gilbert Stuart,1796,Men,President,"[[672, 338, 807, 518]]",https://github.com/nmolnar-parsons/revperiod_portraitfaces/blob/main/Portrait_Faces/Image_210_face_0.jpg?raw=true; 
